{
 "name"         : "Watch 1080p Search Direct Play (Midraal)",
 "repository"   : "repository.metalkettle",
 "plugin"       : "plugin.video.watch1080",
 "priority"     : 900,
 "id"           : "provider.midraal.watch1080.search.direct.play",
 "filters"      : {},
 "postprocess"  : "",
 "movies"       : [
  [
   {
    "link"      : "plugin://plugin.video.watch1080/?mode=1&url=http://watch1080p.com/search/{title_escaped}",
    "steps"     : [
     ".*{title}.*{year}.*"
     ],
    "action"    : "PLAY"
   }
  ]
 ],
 "tvshows"      : [],
 "music"        : [],
 "music_video"  : [],
 "live"         : []
}