{
    "name": "iPlayer WWW",
    "plugin": "plugin.video.iplayerwww",
    "tvshows": [
        [
            {
                "link": "plugin://plugin.video.iplayerwww",
                "steps": [
                    ".*Programme List A-Z",
                    "{clearname[0]}",
                    "{showname}.*",                    
                    ".*(?:Series {season}: *{episode}$$|Episode.*$${episode}$$).*"
                ]
            },
            {
                "link": "plugin://plugin.video.iplayerwww",
                "steps": [
                    ".*Programme List A-Z",
                    "{clearname[4]}",
                    "{showname}.*",                    
                    ".*(?:Series {season}: *{episode}$$|Episode.*$${episode}$$).*"
                ]
            }
        ]
    ],
    "live": [
        [
            {
                "link": "plugin://plugin.video.iplayerwww",
                "steps": [
                    ".*Watch Live",
                    "{name}($$.*)?"
                ]
            }        
        ]
    ]
}
