{
 "name"         : "Project Cypher Direct Play (Midraal)",
 "repository"   : "repository.q",
 "plugin"       : "plugin.video.ProjectCypher",
 "priority"     : 900,
 "id"           : "provider.midraal.ProjectCypher.direct.play",
 "filters"      : {},
 "postprocess"  : "",
 "movies"       : [
  [
   {
    "link"      : "plugin://plugin.video.ProjectCypher/?fanart=http%3a%2f%2frepo.run%2fcypher%2fimages%2ffanart.jpg&mode=1&name=%5bB%5d%5bCOLOR%20white%5dNew%20Movies%20(Some%20Cams%20may%20lurk%20here)%5b%2fCOLOR%5d%5b%2fB%5d&url=http%3a%2f%2frepo.run%2fcypher%2fnewmovies.xml%24%24LSProEncKey%3dcypher%24%24",
    "steps"     : [
     ".*{title}.*"
     ],
    "action"    : "PLAY"
   },
   {
    "link"      : "plugin://plugin.video.ProjectCypher/?fanart=http%3a%2f%2frepo.run%2fcypher%2fimages%2ffanart.jpg&mode=1&name=%5bB%5d%5bCOLOR%20white%5dKids%20Movies%5b%2fCOLOR%5d%5b%2fB%5d&url=http%3a%2f%2frepo.run%2fcypher%2fkidMovie.xml%24%24LSProEncKey%3dcypher%24%24",
    "steps"     : [
     ".*{title}.*"
     ],
    "action"    : "PLAY"
   },
   {
    "link"      : "plugin://plugin.video.ProjectCypher/?fanart=http%3a%2f%2frepo.run%2fcypher%2fimages%2ffanart.jpg&mode=1&name=%5bB%5d%5bCOLOR%20white%5dRandom%20Movies%5b%2fCOLOR%5d%5b%2fB%5d&url=http%3a%2f%2frepo.run%2fcypher%2frandommovie.xml%24%24LSProEncKey%3dcypher%24%24",
    "steps"     : [
     ".*{title}.*"
     ],
    "action"    : "PLAY"
   },
   {
    "link"      : "plugin://plugin.video.ProjectCypher/?fanart=http%3a%2f%2frepo.run%2fcypher%2fimages%2ffanart.jpg&mode=1&name=%5bB%5d%5bCOLOR%20red%5dSci-FI%5b%2fCOLOR%5d%5bCOLOR%20white%5d%20%26%20Horror%5b%2fCOLOR%5d%5bCOLOR%20blue%5d%20Movies%5b%2fCOLOR%5d%5b%2fB%5d&url=http%3a%2f%2frepo.run%2fcypher%2fscihorror.xml%24%24LSProEncKey%3dcypher%24%24",
    "steps"     : [
     ".*{title}.*"
     ],
    "action"    : "PLAY"
   }
  ]  
 ],
 "tvshows"      : [],
 "music"        : [],
 "music_video"  : [
  [
   {
    "link"      : "plugin://plugin.video.ProjectCypher/?fanart=http%3a%2f%2frepo.run%2fcypher%2fimages%2ffanart.jpg&amp;mode=1&amp;name=%5bB%5d%5bCOLOR%20yellow%5d---%5b%2fCOLOR%5d%20%5bCOLOR%20red%5dCypher%5b%2fCOLOR%5d%20%5bCOLOR%20white%5dConcerts%5b%2fCOLOR%5d%5bCOLOR%20yellow%5d---%5b%2fCOLOR%5d%5b%2fB%5d&amp;url=http%3a%2f%2frepo.run%2fcypher%2fconcertevent.xml%24%24LSProEncKey%3dcypher%24%24",
    "steps"     : [
     ".*{artist}.*{album}.*"
     ],
    "action"    : "PLAY"
   }
  ]  
 ],
 "live"         : [
  [
   {
    "link"      : "plugin://plugin.video.ProjectCypher/?fanart=http%3a%2f%2frepo.run%2fcypher%2fimages%2ffanart.jpg&mode=1&name=%5bB%5d%5bCOLOR%20lime%5dClick%20Here%204%20IPTV%20Playlist%2c%20Sky%20Sports%20%26%20BT%20Sports%5b%2fCOLOR%5d%5b%2fB%5d&url=http%3a%2f%2frepo.run%2fcypher%2fcyphermedia.m3u%24%24LSProEncKey%3dcypher%24%24",
    "steps"     : [
     ".*{basename}.*{extension}|{extension|text_to_number()|number_to_text()}.*"
     ],
    "action"    : "PLAY"
   },
   {
    "link"      : "plugin://plugin.video.ProjectCypher/?fanart=http%3a%2f%2frepo.run%2fcypher%2fimages%2ffanart.jpg&mode=1&name=%5bB%5d%5bCOLOR%20lime%5dClick%20Here%204%20beIN%20Sports%20HD%5b%2fCOLOR%5d%5b%2fB%5d&url=http%3a%2f%2frepo.run%2fcypher%2fbuild%2fbeincoded.m3u%24%24LSProEncKey%3dcypher%24%24",
    "steps"     : [
     ".*{basename}.*{extension}|{extension|text_to_number()|number_to_text()}.*"
     ],
    "action"    : "PLAY"
   },
   {
    "link"      : "plugin://plugin.video.ProjectCypher/?fanart=http%3a%2f%2frepo.run%2fcypher%2fimages%2ffanart.jpg&mode=1&name=%5bB%5d%5bCOLOR%20yellow%5d---%5b%2fCOLOR%5d%20%5bCOLOR%20red%5dCypher%5b%2fCOLOR%5d%5bCOLOR%20white%5d%20IPTV%5b%2fCOLOR%5d%5bCOLOR%20blue%5d%20Channels%5b%2fCOLOR%5d%5bCOLOR%20yellow%5d---%5b%2fCOLOR%5d%5b%2fB%5d&url=http%3a%2f%2frepo.run%2fcypher%2fcyphermedia.xml%24%24LSProEncKey%3dcypher%24%24",
    "steps"     : [
     ".*{basename}.*{extension}|{extension|text_to_number()|number_to_text()}.*"
     ],
    "action"    : "PLAY"
   }
  ]  
 ]
}
