{
    "name": "reddit tv",
    "plugin": "plugin.video.reddit_tv",
    "movies": [
        [
            {
                "link": "plugin://plugin.video.reddit_tv/?mode=searchVideos&url=all",
                "steps":[
                    "@keyboard: {title}",
                    "{title}$$.*"
                ]
            }              
        ]
    ],
    "tvshows": [
        [
            {
                "link": "plugin://plugin.video.reddit_tv/?mode=searchVideos&url=all",
                "steps":[
                    "@keyboard: {clearname} Season {season} Episode {episode}",
                    "{clearname}$$.*$${season}$$.*$${episode}.*"
                ]
            },
            {
                "link": "plugin://plugin.video.reddit_tv/?mode=searchVideos&url=all",
                "steps":[
                    "@keyboard: {clearname} Season {season}",
                    "{clearname}$$.*$${season}$$.*"
                ]
            },
            {
                "link": "plugin://plugin.video.reddit_tv/?mode=searchVideos&url=all",
                "steps":[
                    "@keyboard: {clearname}",
                    "{clearname}$$.*"
                ]
            }            
        ]
    ]
}
