{
 "name"         : "F.T.V. Browse All Play (OpenELEQ)",
 "plugin"       : "plugin.video.F.T.V",
 "priority"     : 800,
 "id"           : "provider.coldkeys.ftv.browseall.play",
 "filters"      : {},
 "postprocess"  : "",
 "movies"       : [],
 "tvshows"      : [],
 "live"         : [
  [
   {
    "link": "plugin://plugin.video.F.T.V",
    "steps": [
     "@anyexcept:My Recordings||My Channels||FRENCH TV||GAMER TV",
     ".*{name} .*"
     ],
    "action"    : "PLAY"
   },
   {
    "link": "plugin://plugin.video.F.T.V",
    "steps": [
     "@anyexcept:My Recordings||My Channels||FRENCH TV||GAMER TV",
     ".*{basename} {extension|number_to_text()} .*"
     ],
    "action"    : "PLAY"
   },
   {
    "link": "plugin://plugin.video.F.T.V",
    "steps": [
     "@anyexcept:My Recordings||My Channels||FRENCH TV||GAMER TV",
     ".*{basename} {extension|text_to_number()} .*"
     ],
    "action"    : "PLAY"
   }
  ]
 ]
}