<plugin>
    <title>[COLOR cornflowerblue][B]A[COLOR lawngreen]ction [/B][/COLOR]</title>
    <link>plugin://plugin.video.SportsDevil/?mode=1&amp;item=catcher%3dstreams%26url=https://www.arconaitv.us/stream.php?id=3</link>
	 <thumbnail></thumbnail>
<fanart></fanart>
</plugin>

<plugin>
    <title>[COLOR cornflowerblue][B]A[COLOR lawngreen]nimation [/B][/COLOR]</title>
    <link>plugin://plugin.video.SportsDevil/?mode=1&amp;item=catcher%3dstreams%26url=https://www.arconaitv.us/stream.php?id=10</link>
	 <thumbnail></thumbnail>
<fanart></fanart>
</plugin>

<plugin>
    <title>[COLOR cornflowerblue][B]C[COLOR lawngreen]hristmas [/B][/COLOR]</title>
    <link>plugin://plugin.video.SportsDevil/?mode=1&amp;item=catcher%3dstreams%26url=https://www.arconaitv.us/stream.php?id=27</link>
	 <thumbnail></thumbnail>
<fanart></fanart>
</plugin>

<plugin>
    <title>[COLOR cornflowerblue][B]C[COLOR lawngreen]omedy [/B][/COLOR]</title>
    <link>plugin://plugin.video.SportsDevil/?mode=1&amp;item=catcher%3dstreams%26url=https://www.arconaitv.us/stream.php?id=31</link>
	 <thumbnail></thumbnail>
<fanart></fanart>
</plugin>

<plugin>
    <title>[COLOR cornflowerblue][B]D[COLOR lawngreen]ocumentaries [/B][/COLOR]</title>
    <link>plugin://plugin.video.SportsDevil/?mode=1&amp;item=catcher%3dstreams%26url=https://www.arconaitv.us/stream.php?id=37</link>
	 <thumbnail></thumbnail>
<fanart></fanart>
</plugin>

<plugin>
    <title>[COLOR cornflowerblue][B]H[COLOR lawngreen]arry [COLOR cornflowerblue]P[COLOR lawngreen]otter [COLOR cornflowerblue]a[COLOR lawngreen]nd [COLOR cornflowerblue]L[COLOR lawngreen]ord [COLOR cornflowerblue]o[COLOR lawngreen]f [COLOR cornflowerblue]t[COLOR lawngreen]he [COLOR cornflowerblue]R[COLOR lawngreen]ings [/B][/COLOR]</title>
    <link>plugin://plugin.video.SportsDevil/?mode=1&amp;item=catcher%3dstreams%26url=https://www.arconaitv.us/stream.php?id=51</link>
	 <thumbnail></thumbnail>
<fanart></fanart>
</plugin>

<plugin>
    <title>[COLOR cornflowerblue][B]H[COLOR lawngreen]orror [/B][/COLOR]</title>
    <link>plugin://plugin.video.SportsDevil/?mode=1&amp;item=catcher%3dstreams%26url=https://www.arconaitv.us/stream.php?id=54</link>
	 <thumbnail></thumbnail>
<fanart></fanart>
</plugin>

<plugin>
    <title>[COLOR cornflowerblue][B]M[COLOR lawngreen]afia [/B][/COLOR]</title>
    <link>plugin://plugin.video.SportsDevil/?mode=1&amp;item=catcher%3dstreams%26url=https://www.arconaitv.us/stream.php?id=59</link>
	 <thumbnail></thumbnail>
<fanart></fanart>
</plugin>

<plugin>
    <title>[COLOR cornflowerblue][B]M[COLOR lawngreen]usical [COLOR cornflowerblue]N[COLOR lawngreen]ight [/B][/COLOR]</title>
    <link>plugin://plugin.video.SportsDevil/?mode=1&amp;item=catcher%3dstreams%26url=https://www.arconaitv.us/stream.php?id=64</link>
	 <thumbnail></thumbnail>
<fanart></fanart>
</plugin>

<plugin>
    <title>[COLOR cornflowerblue][B]M[COLOR lawngreen]ystery [/B][/COLOR]</title>
    <link>plugin://plugin.video.SportsDevil/?mode=1&amp;item=catcher%3dstreams%26url=https://www.arconaitv.us/stream.php?id=65</link>
	 <thumbnail></thumbnail>
<fanart></fanart>
</plugin>

<plugin>
    <title>[COLOR cornflowerblue][B]R[COLOR lawngreen]andom [/B][/COLOR]</title>
    <link>plugin://plugin.video.SportsDevil/?mode=1&amp;item=catcher%3dstreams%26url=https://www.arconaitv.us/stream.php?id=73</link>
	 <thumbnail></thumbnail>
<fanart></fanart>
</plugin>

<plugin>
    <title>[COLOR cornflowerblue][B]R[COLOR lawngreen]omance [/B][/COLOR]</title>
    <link>plugin://plugin.video.SportsDevil/?mode=1&amp;item=catcher%3dstreams%26url=https://www.arconaitv.us/stream.php?id=77</link>
	 <thumbnail></thumbnail>
<fanart></fanart>
</plugin>

<plugin>
    <title>[COLOR cornflowerblue][B]S[COLOR lawngreen]tar [COLOR cornflowerblue]W[COLOR lawngreen]ars [COLOR cornflowerblue]a[COLOR lawngreen]nd [COLOR cornflowerblue]S[COLOR lawngreen]tar [COLOR cornflowerblue]T[COLOR lawngreen]rek [/B][/COLOR]</title>
    <link>plugin://plugin.video.SportsDevil/?mode=1&amp;item=catcher%3dstreams%26url=https://www.arconaitv.us/stream.php?id=87</link>
	 <thumbnail></thumbnail>
<fanart></fanart>
</plugin>

<plugin>
    <title>[COLOR cornflowerblue][B]S[COLOR lawngreen]tudio [COLOR cornflowerblue]G[COLOR lawngreen]hibli [/B][/COLOR]</title>
    <link>plugin://plugin.video.SportsDevil/?mode=1&amp;item=catcher%3dstreams%26url=https://www.arconaitv.us/stream.php?id=88</link>
	 <thumbnail></thumbnail>
<fanart></fanart>
</plugin>