<plugin>
    <title>[COLOR cornflowerblue][B]R[COLOR lawngreen][B]andom [COLOR cornflowerblue][B]24[COLOR lawngreen][B]/7[/B][/COLOR]</title>
    <link>plugin://plugin.video.SportsDevil/?mode=1&amp;item=catcher%3dstreams%26url=https://www.arconaitv.us/stream.php?id=random</link>
    <thumbnail></thumbnail>
    <fanart></fanart>
    <content></content>
</plugin>

<plugin>
    <title>[COLOR cornflowerblue][B]A[COLOR lawngreen]dult [COLOR cornflowerblue]S[COLOR lawngreen]wim[/B][/COLOR]</title>
    <link>plugin://plugin.video.SportsDevil/?mode=1&amp;item=catcher%3dstreams%26url=https://www.arconaitv.us/stream.php?id=4</link>
	<thumbnail>https://www.arconaitv.us/uploads/streams/592c15b2bce8b_adultswim2.jpg</thumbnail>
	<fanart></fanart>
</plugin>
	
<plugin>
    <title>[COLOR cornflowerblue][B]A[COLOR lawngreen]dventure [COLOR cornflowerblue]T[COLOR lawngreen]ime[/B][/COLOR]</title>
    <link>plugin://plugin.video.SportsDevil/?mode=1&amp;item=catcher%3dstreams%26url=https://www.arconaitv.us/stream.php?id=148</link>
	<thumbnail>https://www.arconaitv.us/uploads/streams/593480da57cca_advetnure%20tiime.jpg</thumbnail>
	<fanart></fanart>
    </plugin>
	
	<plugin>
    <title>[COLOR cornflowerblue][B]A[COLOR lawngreen]lways [COLOR cornflowerblue]S[COLOR lawngreen]unny [COLOR cornflowerblue]I[COLOR lawngreen]n [COLOR cornflowerblue]P[COLOR lawngreen]hiladelphia[/B][/COLOR]</title>
    <link>plugin://plugin.video.SportsDevil/?mode=1&amp;item=catcher%3dstreams%26url=https://www.arconaitv.us/stream.php?id=5</link>
	<thumbnail>https://www.arconaitv.us/uploads/streams/59347f4f47a3a_alwaysunny.jpg</thumbnail>
	<fanart></fanart>
    </plugin>
	
	<plugin>
    <title>[COLOR cornflowerblue][B]A[COLOR lawngreen]merican [COLOR cornflowerblue]D[COLOR lawngreen]ad[/B][/COLOR]</title>
    <link>plugin://plugin.video.SportsDevil/?mode=1&amp;item=catcher%3dstreams%26url=https://www.arconaitv.us/stream.php?id=7</link>
	<thumbnail>https://www.arconaitv.us/uploads/streams/592c170728974_americandad.jpg</thumbnail>
	<fanart></fanart>
    </plugin>
	
	<plugin>
    <title>[COLOR cornflowerblue][B]A[COLOR lawngreen]merican [COLOR cornflowerblue]H[COLOR lawngreen]orror [COLOR cornflowerblue]S[COLOR lawngreen]tory[/B][/COLOR]</title>
    <link>plugin://plugin.video.SportsDevil/?mode=1&amp;item=catcher%3dstreams%26url=https://www.arconaitv.us/stream.php?id=8</link>
	<thumbnail>https://www.arconaitv.us/uploads/streams/59348061b0b51_Webp.net-resizeimage%20(1).jpg</thumbnail>
	<fanart></fanart>
    </plugin>
	
	<plugin>
    <title>[COLOR cornflowerblue][B]A[COLOR lawngreen]nime[/B][/COLOR]</title>
    <link>plugin://plugin.video.SportsDevil/?mode=1&amp;item=catcher%3dstreams%26url=https://www.arconaitv.us/stream.php?id=12</link>
	<thumbnail>https://www.arconaitv.us/uploads/streams/5934813d98761_Webp.net-resizeimage%20(1).jpg</thumbnail>
	<fanart></fanart>
    </plugin>
	
	<plugin>
    <title>[COLOR cornflowerblue][B]A[COLOR lawngreen]rcher[/B][/COLOR]</title>
    <link>plugin://plugin.video.SportsDevil/?mode=1&amp;item=catcher%3dstreams%26url=https://www.arconaitv.us/stream.php?id=13</link>
	<thumbnail>https://www.arconaitv.us/uploads/streams/593485c115f30_archer.jpg</thumbnail>
	<fanart></fanart>
    </plugin>
	
	<plugin>
    <title>[COLOR cornflowerblue][B]A[COLOR lawngreen]rrested [COLOR cornflowerblue]D[COLOR lawngreen]evelopment[/B][/COLOR]</title>
    <link>plugin://plugin.video.SportsDevil/?mode=1&amp;item=catcher%3dstreams%26url=https://www.arconaitv.us/stream.php?id=14</link>
	<thumbnail>https://www.arconaitv.us/uploads/streams/593486343b750_arrested%20development.jpg</thumbnail>
	<fanart></fanart>
    </plugin>
	
	<plugin>
    <title>[COLOR cornflowerblue][B]B[COLOR lawngreen]atman [COLOR cornflowerblue]1[COLOR lawngreen]966[/B][/COLOR]</title>
    <link>plugin://plugin.video.SportsDevil/?mode=1&amp;item=catcher%3dstreams%26url=https://www.arconaitv.us/stream.php?id=109</link>
	<thumbnail>https://images-na.ssl-images-amazon.com/images/M/MV5BMTkzNDY5NTg5MF5BMl5BanBnXkFtZTgwNzI4NzM1MjE@._V1_UY1200_CR151,0,630,1200_AL_.jpg</thumbnail>
	<fanart></fanart>
    </plugin>
	
	<plugin>
    <title>[COLOR cornflowerblue][B]B[COLOR lawngreen]atman [COLOR cornflowerblue]t[COLOR lawngreen]he [COLOR cornflowerblue]A[COLOR lawngreen]nimated [COLOR cornflowerblue]S[COLOR lawngreen]eries[/B][/COLOR]</title>
    <link>plugin://plugin.video.SportsDevil/?mode=1&amp;item=catcher%3dstreams%26url=https://www.arconaitv.us/stream.php?id=116</link>
	<thumbnail>https://www.arconaitv.us/uploads/streams/598f8db49ad1d_Webp.net-resizeimage%20(2).jpg</thumbnail>
	<fanart></fanart>
    </plugin>
	
	<plugin>
    <title>[COLOR cornflowerblue][B]B[COLOR lawngreen]attlestar [COLOR cornflowerblue]G[COLOR lawngreen]alactica[/B][/COLOR]</title>
    <link>plugin://plugin.video.SportsDevil/?mode=1&amp;item=catcher%3dstreams%26url=https://www.arconaitv.us/stream.php?id=16</link>
	<thumbnail>https://www.arconaitv.us/uploads/streams/593486640994d_battle.jpg</thumbnail>
	<fanart></fanart>
    </plugin>
	
	<plugin>
    <title>[COLOR cornflowerblue][B]B[COLOR lawngreen]eavis [COLOR cornflowerblue]a[COLOR lawngreen]nd [COLOR cornflowerblue]B[COLOR lawngreen]utt-[COLOR cornflowerblue]H[COLOR lawngreen]ead[/B][/COLOR]</title>
    <link>plugin://plugin.video.SportsDevil/?mode=1&amp;item=catcher%3dstreams%26url=https://www.arconaitv.us/stream.php?id=110</link>
	<thumbnail>https://images-na.ssl-images-amazon.com/images/I/81kck80l36L._SY445_.jpg</thumbnail>
	<fanart></fanart>
    </plugin>
	
	<plugin>
    <title>[COLOR cornflowerblue][B]B[COLOR lawngreen]etter [COLOR cornflowerblue]C[COLOR lawngreen]all [COLOR cornflowerblue]S[COLOR lawngreen]aul[/B][/COLOR]</title>
    <link>plugin://plugin.video.SportsDevil/?mode=1&amp;item=catcher%3dstreams%26url=https://www.arconaitv.us/stream.php?id=17</link>
	<thumbnail>https://www.arconaitv.us/uploads/streams/592e4859269d6_bettersaul.jpg</thumbnail>
	<fanart></fanart>
    </plugin>
	
	<plugin>
    <title>[COLOR cornflowerblue][B]B[COLOR lawngreen]lacklist[/B][/COLOR]</title>
    <link>plugin://plugin.video.SportsDevil/?mode=1&amp;item=catcher%3dstreams%26url=https://www.arconaitv.us/stream.php?id=18</link>
	<thumbnail>https://www.arconaitv.us/uploads/streams/5934867816d64_blacklist.jpg</thumbnail>
	<fanart></fanart>
    </plugin>
	
	<plugin>
    <title>[COLOR cornflowerblue][B]B[COLOR lawngreen]loods[/B][/COLOR]</title>
    <link>plugin://plugin.video.SportsDevil/?mode=1&amp;item=catcher%3dstreams%26url=https://www.arconaitv.us/stream.php?id=19</link>
	<thumbnail>https://www.arconaitv.us/uploads/streams/5934869d75c73 cornflowerblue.[B]jpg</thumbnail>
	<fanart></fanart>
    </plugin>
	
	<plugin>
    <title>[COLOR cornflowerblue][B]B[COLOR lawngreen]obs [COLOR cornflowerblue]B[COLOR lawngreen]urgers[/B][/COLOR]</title>
    <link>plugin://plugin.video.SportsDevil/?mode=1&amp;item=catcher%3dstreams%26url=https://www.arconaitv.us/stream.php?id=20</link>
	<thumbnail>https://www.arconaitv.us/uploads/streams/592e4970057a6_bobs-burgers.jpg</thumbnail>
	<fanart></fanart>
    </plugin>
	
	<plugin>
    <title>[COLOR cornflowerblue][B]B[COLOR lawngreen]ones[/B][/COLOR]</title>
    <link>plugin://plugin.video.SportsDevil/?mode=1&amp;item=catcher%3dstreams%26url=https://www.arconaitv.us/stream.php?id=21</link>
	<thumbnail>https://www.arconaitv.us/uploads/streams/593485aa715bd_bones.jpg</thumbnail>
	<fanart></fanart>
    </plugin>
	
	<plugin>
    <title>[COLOR cornflowerblue][B]B[COLOR lawngreen]reaking [COLOR cornflowerblue]B[COLOR lawngreen]ad[/B][/COLOR]</title>
    <link>plugin://plugin.video.SportsDevil/?mode=1&amp;item=catcher%3dstreams%26url=https://www.arconaitv.us/stream.php?id=24</link>
	<thumbnail>https://www.arconaitv.us/uploads/streams/592e4b1dd664e_breaking%20bad.jpg</thumbnail>
	<fanart></fanart>
    </plugin>
	
	<plugin>
    <title>[COLOR cornflowerblue][B]C[COLOR lawngreen]elebrity [COLOR cornflowerblue]D[COLOR lawngreen]eathmatch[/B][/COLOR]</title>
    <link>plugin://plugin.video.SportsDevil/?mode=1&amp;item=catcher%3dstreams%26url=https://www.arconaitv.us/stream.php?id=26</link>
	<thumbnail>https://www.arconaitv.us/uploads/streams/592e4beb84d13_celebritydeaath.jpg</thumbnail>
	<fanart></fanart>
    </plugin>
	
	<plugin>
    <title>[COLOR cornflowerblue][B]C[COLOR lawngreen]harmed[/B][/COLOR]</title>
    <link>plugin://plugin.video.SportsDevil/?mode=1&amp;item=catcher%3dstreams%26url=https://www.arconaitv.us/stream.php?id=145</link>
	<thumbnail>https://www.arconaitv.us/uploads/streams/5a6f9783656fa_Webp.net-resizeimage%20(10).jpg</thumbnail>
	<fanart></fanart>
    </plugin>
	
	<plugin>
    <title>[COLOR cornflowerblue][B]C[COLOR lawngreen]lassic [COLOR cornflowerblue]T[COLOR lawngreen]oons[/B][/COLOR]</title>
    <link>plugin://plugin.video.SportsDevil/?mode=1&amp;item=catcher%3dstreams%26url=https://www.arconaitv.us/stream.php?id=28</link>
	<thumbnail>https://www.arconaitv.us/uploads/streams/592e4c9582b11_classic.jpg</thumbnail>
	<fanart></fanart>
    </plugin>
	
	<plugin>
    <title>[COLOR cornflowerblue][B]C[COLOR lawngreen]ommunity[/B][/COLOR]</title>
    <link>plugin://plugin.video.SportsDevil/?mode=1&amp;item=catcher%3dstreams%26url=https://www.arconaitv.us/stream.php?id=32</link>
	<thumbnail>https://www.arconaitv.us/uploads/streams/592e5346960f9_community.jpg</thumbnail>
	<fanart></fanart>
    </plugin>
	
	<plugin>
    <title>[COLOR cornflowerblue][B]C[COLOR lawngreen]ops[/B][/COLOR]</title>
    <link>plugin://plugin.video.SportsDevil/?mode=1&amp;item=catcher%3dstreams%26url=https://www.arconaitv.us/stream.php?id=33</link>
	<thumbnail>https://www.arconaitv.us/uploads/streams/593485467d3d8_cops.jpg</thumbnail>
	<fanart></fanart>
    </plugin>
	
	<plugin>
    <title>[COLOR cornflowerblue][B]CSI: M[COLOR lawngreen]iami[/B][/COLOR]</title>
    <link>plugin://plugin.video.SportsDevil/?mode=1&amp;item=catcher%3dstreams%26url=https://www.arconaitv.us/stream.php?id=147</link>
	<thumbnail>https://www.arconaitv.us/uploads/streams/5a75ff50d4cd9_csimiami.jpg</thumbnail>
	<fanart></fanart>
    </plugin>
	
	<plugin>
    <title>[COLOR cornflowerblue][B]C[COLOR lawngreen]urb [COLOR cornflowerblue]Y[COLOR lawngreen][COLOR lawngreen]our [COLOR cornflowerblue]E[COLOR lawngreen]nthusiasm[/B][/COLOR]</title>
    <link>plugin://plugin.video.SportsDevil/?mode=1&amp;item=catcher%3dstreams%26url=https://www.arconaitv.us/stream.php?id=34</link>
	<thumbnail>https://www.arconaitv.us/uploads/streams/592e53e0312b8_curbyour.jpg</thumbnail>
	<fanart></fanart>
    </plugin>
	
	<plugin>
    <title>[COLOR cornflowerblue][B]D[COLOR lawngreen]exter[/B][/COLOR]</title>
    <link>plugin://plugin.video.SportsDevil/?mode=1&amp;item=catcher%3dstreams%26url=https://www.arconaitv.us/stream.php?id=146</link>
	<thumbnail>https://www.arconaitv.us/uploads/streams/5a6f98a1c77ed_Webp.net-resizeimage%20(11).jpg</thumbnail>
	<fanart></fanart>
    </plugin>
	
	<plugin>
    <title>[COLOR cornflowerblue][B]D[COLOR lawngreen][COLOR lawngreen]octor [COLOR cornflowerblue]W[COLOR lawngreen]ho[/B][/COLOR]</title>
    <link>plugin://plugin.video.SportsDevil/?mode=1&amp;item=catcher%3dstreams%26url=https://www.arconaitv.us/stream.php?id=36</link>
	<thumbnail>https://www.arconaitv.us/uploads/streams/592e54c044c9b_drwho.jpg</thumbnail>
	<fanart></fanart>
    </plugin>
	
	<plugin>
    <title>[COLOR cornflowerblue][B]D[COLOR lawngreen]ownton [COLOR cornflowerblue]A[COLOR lawngreen]bbey[/B][/COLOR]</title>
    <link>plugin://plugin.video.SportsDevil/?mode=1&amp;item=catcher%3dstreams%26url=https://www.arconaitv.us/stream.php?id=125</link>
	<thumbnail>https://www.arconaitv.us/uploads/streams/5a0ddda0ae782_downton%20abbey.jpg</thumbnail>
	<fanart></fanart>
    </plugin>
	
	<plugin>
    <title>[COLOR cornflowerblue][B]D[COLOR lawngreen]ragonball [COLOR cornflowerblue]Z[/B][/COLOR]</title>
    <link>plugin://plugin.video.SportsDevil/?mode=1&amp;item=catcher%3dstreams%26url=https://www.arconaitv.us/stream.php?id=39</link>
	<thumbnail>https://www.arconaitv.us/uploads/streams/592e55bd534f3_dragonballz2.jpg</thumbnail>
	<fanart></fanart>
    </plugin>
	
	<plugin>
    <title>[COLOR cornflowerblue][B]F[COLOR lawngreen]amily [COLOR cornflowerblue]G[COLOR lawngreen]uy[/B][/COLOR]</title>
    <link>plugin://plugin.video.SportsDevil/?mode=1&amp;item=catcher%3dstreams%26url=https://www.arconaitv.us/stream.php?id=41</link>
	<thumbnail>https://www.arconaitv.us/uploads/streams/592e567ec37f2_familyguuy.jpg</thumbnail>
	<fanart></fanart>
    </plugin>
	
	<plugin>
    <title>[COLOR cornflowerblue][B]F[COLOR lawngreen]awlty [COLOR cornflowerblue]T[COLOR lawngreen]owers[/B][/COLOR]</title>
    <link>plugin://plugin.video.SportsDevil/?mode=1&amp;item=catcher%3dstreams%26url=https://www.arconaitv.us/stream.php?id=42</link>
	<thumbnail>https://www.arconaitv.us/uploads/streams/592e5ae0adb8a_fawlty.jpg</thumbnail>
	<fanart></fanart>
    </plugin>
	
	<plugin>
    <title>[COLOR cornflowerblue][B]F[COLOR lawngreen]rasier[/B][/COLOR]</title>
    <link>plugin://plugin.video.SportsDevil/?mode=1&amp;item=catcher%3dstreams%26url=https://www.arconaitv.us/stream.php?id=45</link>
	<thumbnail>https://www.arconaitv.us/uploads/streams/592e5bcd2e9f2_frasier.jpg</thumbnail>
	<fanart></fanart>
    </plugin>
	
	<plugin>
    <title>[COLOR cornflowerblue][B]F[COLOR lawngreen]riends[/B][/COLOR]</title>
    <link>plugin://plugin.video.SportsDevil/?mode=1&amp;item=catcher%3dstreams%26url=https://www.arconaitv.us/stream.php?id=47</link>
	<thumbnail>https://www.arconaitv.us/uploads/streams/592e5c51aefaf_friends.jpg</thumbnail>
	<fanart></fanart>
    </plugin>
	
	<plugin>
    <title>[COLOR cornflowerblue][B]F[COLOR lawngreen]uturama[/B][/COLOR]</title>
    <link>plugin://plugin.video.SportsDevil/?mode=1&amp;item=catcher%3dstreams%26url=https://www.arconaitv.us/stream.php?id=48</link>
	<thumbnail>https://www.arconaitv.us/uploads/streams/592e5c87a9090_futurama.jpg</thumbnail>
	<fanart></fanart>
    </plugin>
	
	<plugin>
    <title>[COLOR cornflowerblue][B]G[COLOR lawngreen]ame [COLOR cornflowerblue]o[COLOR lawngreen]f [COLOR cornflowerblue]T[COLOR lawngreen]hrones[/B][/COLOR]</title>
    <link>plugin://plugin.video.SportsDevil/?mode=1&amp;item=catcher%3dstreams%26url=https://www.arconaitv.us/stream.php?id=50</link>
	<thumbnail>https://www.arconaitv.us/uploads/streams/592e5d1b6e0b6_game-of-thrones.jpg</thumbnail>
	<fanart></fanart>
    </plugin>
	
	<plugin>
    <title>[COLOR cornflowerblue][B]G[COLOR lawngreen]olden [COLOR cornflowerblue]G[COLOR lawngreen]irls[/B][/COLOR]</title>
    <link>plugin://plugin.video.SportsDevil/?mode=1&amp;item=catcher%3dstreams%26url=https://www.arconaitv.us/stream.php?id=114</link>
	<thumbnail>https://www.arconaitv.us/uploads/streams/598f8b432d752_Webp.net-resizeimage.jpg</thumbnail>
	<fanart></fanart>
    </plugin>

	<plugin>
    <title>[COLOR cornflowerblue][B]H[COLOR lawngreen]ome [COLOR cornflowerblue]I[COLOR lawngreen]mprovement[/B][/COLOR]</title>
    <link>plugin://plugin.video.SportsDevil/?mode=1&amp;item=catcher%3dstreams%26url=https://www.arconaitv.us/stream.php?id=53</link>
	<thumbnail>https://www.arconaitv.us/uploads/streams/5934848b19baa_home%20improvement.jpg</thumbnail>
	<fanart></fanart>
    </plugin>
	
	<plugin>
    <title>[COLOR cornflowerblue][B]H[COLOR lawngreen]ouse [COLOR cornflowerblue]MD[/B][/COLOR]</title>
    <link>plugin://plugin.video.SportsDevil/?mode=1&amp;item=catcher%3dstreams%26url=https://www.arconaitv.us/stream.php?id=139</link>
	<thumbnail>https://www.arconaitv.us/uploads/streams/5a6f926a71490_Webp.net-resizeimage%20(3).jpg</thumbnail>
	<fanart></fanart>
    </plugin>
	
	<plugin>
    <title>[COLOR cornflowerblue][B]H[COLOR lawngreen]ow [COLOR cornflowerblue]I [COLOR cornflowerblue]M[COLOR lawngreen]et [COLOR cornflowerblue]Y[COLOR lawngreen]our [COLOR cornflowerblue]M[COLOR lawngreen]other[/B][/COLOR]</title>
    <link>plugin://plugin.video.SportsDevil/?mode=1&amp;item=catcher%3dstreams%26url=https://www.arconaitv.us/stream.php?id=113</link>
	<thumbnail>https://www.arconaitv.us/uploads/streams/598837068ab03_howimetyourmother2.jpg</thumbnail>
	<fanart></fanart>
    </plugin>
	
	<plugin>
    <title>[COLOR cornflowerblue][B]I [COLOR cornflowerblue]L[COLOR lawngreen]ove [COLOR cornflowerblue]L[COLOR lawngreen]ucy[/B][/COLOR]</title>
    <link>plugin://plugin.video.SportsDevil/?mode=1&amp;item=catcher%3dstreams%26url=https://www.arconaitv.us/stream.php?id=55</link>
	<thumbnail>https://www.arconaitv.us/uploads/streams/592e5f0bed922_ilovelucy.jpg</thumbnail>
	<fanart></fanart>
    </plugin>
	
	<plugin>
    <title>[COLOR cornflowerblue][B]I[COLOR lawngreen]nvader [COLOR cornflowerblue]Z[COLOR lawngreen]im[/B][/COLOR]</title>
    <link>plugin://plugin.video.SportsDevil/?mode=1&amp;item=catcher%3dstreams%26url=https://www.arconaitv.us/stream.php?id=56</link>
	<thumbnail>https://www.arconaitv.us/uploads/streams/592e5f48b2a88_zim.jpg</thumbnail>
	<fanart></fanart>
    </plugin>
	
	<plugin>
    <title>[COLOR cornflowerblue][B]K[COLOR lawngreen]ing [COLOR cornflowerblue]o[COLOR lawngreen]f [COLOR cornflowerblue]t[COLOR lawngreen]he [COLOR cornflowerblue]H[COLOR lawngreen]ill[/B][/COLOR]</title>
    <link>plugin://plugin.video.SportsDevil/?mode=1&amp;item=catcher%3dstreams%26url=https://www.arconaitv.us/stream.php?id=57</link>
	<thumbnail>https://www.arconaitv.us/uploads/streams/59348477c408d_koth.jpg</thumbnail>
	<fanart></fanart>
    </plugin>

<plugin>
    <title>[COLOR cornflowerblue][B]K[COLOR lawngreen]ings [COLOR cornflowerblue]o[COLOR lawngreen]f [COLOR cornflowerblue]Q[COLOR lawngreen]ueens[/B][/COLOR]</title>
    <link>plugin://plugin.video.SportsDevil/?mode=1&amp;item=catcher%3dstreams%26url=https://www.arconaitv.us/stream.php?id=132</link>
	<thumbnail>https://www.arconaitv.us/uploads/streams/5a57b2e941ad7_Webp.net-resizeimage.jpg</thumbnail>
	<fanart></fanart>
    </plugin>
	
	<plugin>
    <title>[COLOR cornflowerblue][B]L[COLOR lawngreen]aw & [COLOR cornflowerblue]O[COLOR lawngreen]rder: [COLOR cornflowerblue]SVU[/B][/COLOR]</title>
    <link>plugin://plugin.video.SportsDevil/?mode=1&amp;item=catcher%3dstreams%26url=https://www.arconaitv.us/stream.php?id=134</link>
	<thumbnail>https://www.arconaitv.us/uploads/streams/5a57b70a20578_Webp.net-resizeimage%20(2).jpg</thumbnail>
	<fanart></fanart>
    </plugin>
	
	<plugin>
    <title>[COLOR cornflowerblue][B]M[COLOR lawngreen]alcolm [COLOR cornflowerblue]i[COLOR lawngreen]n [COLOR cornflowerblue]t[COLOR lawngreen]he [COLOR cornflowerblue]M[COLOR lawngreen]iddle[/B][/COLOR]</title>
    <link>plugin://plugin.video.SportsDevil/?mode=1&amp;item=catcher%3dstreams%26url=https://www.arconaitv.us/stream.php?id=60</link>
	<thumbnail>https://www.arconaitv.us/uploads/streams/5934844830a9e_malcolm.jpg</thumbnail>
	<fanart></fanart>
    </plugin>
	
	<plugin>
    <title>[COLOR cornflowerblue][B]M[COLOR lawngreen]arried [COLOR cornflowerblue]w[COLOR lawngreen]ith [COLOR cornflowerblue]C[COLOR lawngreen]hildren[/B][/COLOR]</title>
    <link>plugin://plugin.video.SportsDevil/?mode=1&amp;item=catcher%3dstreams%26url=https://www.arconaitv.us/stream.php?id=61</link>
	<thumbnail>https://www.arconaitv.us/uploads/streams/593484258e141_married%20with%20childrren.jpg</thumbnail>
	<fanart></fanart>
    </plugin>
	
	<plugin>
    <title>[COLOR cornflowerblue][B]M[COLOR lawngreen]ission [COLOR cornflowerblue]I[COLOR lawngreen]mpossible[/B][/COLOR]</title>
    <link>plugin://plugin.video.SportsDevil/?mode=1&amp;item=catcher%3dstreams%26url=https://www.arconaitv.us/stream.php?id=144</link>
	<thumbnail>https://www.arconaitv.us/uploads/streams/5a6f969716612_Webp.net-resizeimage%20(9).jpg</thumbnail>
	<fanart></fanart>
    </plugin>
	
	<plugin>
    <title>[COLOR cornflowerblue][B]M[COLOR lawngreen]odern [COLOR cornflowerblue]F[COLOR lawngreen]amily[/B][/COLOR]</title>
    <link>plugin://plugin.video.SportsDevil/?mode=1&amp;item=catcher%3dstreams%26url=https://www.arconaitv.us/stream.php?id=62</link>
	<thumbnail>https://www.arconaitv.us/uploads/streams/59348412aed38_modern%20family.jpg</thumbnail>
	<fanart></fanart>
    </plugin>

	<plugin>
    <title>[COLOR cornflowerblue][B]M[COLOR lawngreen]y [COLOR cornflowerblue]n[COLOR lawngreen]ame [COLOR cornflowerblue]i[COLOR lawngreen]s [COLOR cornflowerblue]E[COLOR lawngreen]ral[/B][/COLOR]</title>
    <link>plugin://plugin.video.SportsDevil/?mode=1&amp;item=catcher%3dstreams%26url=https://www.arconaitv.us/stream.php?id=118</link>
	<thumbnail>https://www.arconaitv.us/uploads/streams/5a0375d99997c_earl2.jpg</thumbnail>
	<fanart></fanart>
    </plugin>
	
	<plugin>
    <title>[COLOR cornflowerblue][B]N[COLOR lawngreen]arcos[/B][/COLOR]</title>
    <link>plugin://plugin.video.SportsDevil/?mode=1&amp;item=catcher%3dstreams%26url=https://www.arconaitv.us/stream.php?id=66</link>
	<thumbnail>https://www.arconaitv.us/uploads/streams/593483d284fc2_narcos.jpg</thumbnail>
	<fanart></fanart>
    </plugin>
	
	<plugin>
    <title>[COLOR cornflowerblue][B]N[COLOR lawngreen]CIS[/B][/COLOR]</title>
    <link>plugin://plugin.video.SportsDevil/?mode=1&amp;item=catcher%3dstreams%26url=https://www.arconaitv.us/stream.php?id=133</link>
	<thumbnail>https://www.arconaitv.us/uploads/streams/5a57b5328ad25_Webp.net-resizeimage%20(1).jpg</thumbnail>
	<fanart></fanart>
    </plugin>
	
	<plugin>
    <title>[COLOR cornflowerblue][B]O[COLOR lawngreen]nly [COLOR cornflowerblue]F[COLOR lawngreen]ools [COLOR cornflowerblue]a[COLOR lawngreen]nd [COLOR cornflowerblue]H[COLOR lawngreen]orses[/B][/COLOR]</title>
    <link>plugin://plugin.video.SportsDevil/?mode=1&amp;item=catcher%3dstreams%26url=https://www.arconaitv.us/stream.php?id=143</link>
	<thumbnail>https://www.arconaitv.us/uploads/streams/5a6f95cfbf87d_Webp.net-resizeimage%20(8).jpg</thumbnail>
	<fanart></fanart>
    </plugin>
	
	<plugin>
    <title>[COLOR cornflowerblue][B]O[COLOR lawngreen]uter [COLOR cornflowerblue]L[COLOR lawngreen]imits[/B][/COLOR]</title>
    <link>plugin://plugin.video.SportsDevil/?mode=1&amp;item=catcher%3dstreams%26url=https://www.arconaitv.us/stream.php?id=70</link>
	<thumbnail>https://www.arconaitv.us/uploads/streams/5934838016e8e_outer%20llimits.jpg</thumbnail>
	<fanart></fanart>
    </plugin>
	
	<plugin>
    <title>[COLOR cornflowerblue][B]P[COLOR lawngreen]arks [COLOR cornflowerblue]a[COLOR lawngreen]nd [COLOR cornflowerblue]R[COLOR lawngreen]ecreation[/B][/COLOR]</title>
    <link>plugin://plugin.video.SportsDevil/?mode=1&amp;item=catcher%3dstreams%26url=https://www.arconaitv.us/stream.php?id=126</link>
	<thumbnail>http://is3.mzstatic.com/image/thumb/Music69/v4/01/f5/a6/01f5a63f-1d03-fcd5-a8e4-a093ed9501e3/source/1200x630bb.jpg</thumbnail>
	<fanart></fanart>
    </plugin>

	<plugin>
    <title>[COLOR cornflowerblue][B]P[COLOR lawngreen]rison [COLOR cornflowerblue]B[COLOR lawngreen]reak[/B][/COLOR]</title>
    <link>plugin://plugin.video.SportsDevil/?mode=1&amp;item=catcher%3dstreams%26url=https://www.arconaitv.us/stream.php?id=72</link>
	<thumbnail>https://www.arconaitv.us/uploads/streams/5934835ed513f_prison%20break.jpg</thumbnail>
	<fanart></fanart>
    </plugin>
	
	<plugin>
    <title>[COLOR cornflowerblue][B]R[COLOR lawngreen]egular [COLOR cornflowerblue]S[COLOR lawngreen]how[/B][/COLOR]</title>
    <link>plugin://plugin.video.SportsDevil/?mode=1&amp;item=catcher%3dstreams%26url=https://www.arconaitv.us/stream.php?id=151</link>
	<thumbnail>https://www.arconaitv.us/uploads/streams/592ef7169e259_regularshow.jpg</thumbnail>
	<fanart></fanart>
    </plugin>
	
	<plugin>
    <title>[COLOR cornflowerblue][B]R[COLOR lawngreen]eno [COLOR cornflowerblue]9[COLOR lawngreen]11[/B][/COLOR]</title>
    <link>plugin://plugin.video.SportsDevil/?mode=1&amp;item=catcher%3dstreams%26url=https://www.arconaitv.us/stream.php?id=112</link>
	<thumbnail>https://www.arconaitv.us/uploads/streams/5987664c92fae_reno911two.jpg</thumbnail>
	<fanart></fanart>
    </plugin>
	
	<plugin>
    <title>[COLOR cornflowerblue][B]R[COLOR lawngreen]ick [COLOR cornflowerblue]a[COLOR lawngreen]nd [COLOR cornflowerblue]M[COLOR lawngreen]orty[/B][/COLOR]</title>
    <link>plugin://plugin.video.SportsDevil/?mode=1&amp;item=catcher%3dstreams%26url=https://www.arconaitv.us/stream.php?id=150</link>
	<thumbnail>https://www.arconaitv.us/uploads/streams/592ef780608c4_rickandmorty.jpg</thumbnail>
	<fanart></fanart>
    </plugin>
	
	<plugin>
    <title>[COLOR cornflowerblue][B]S[COLOR lawngreen]alem[/B][/COLOR]</title>
    <link>plugin://plugin.video.SportsDevil/?mode=1&amp;item=catcher%3dstreams%26url=https://www.arconaitv.us/stream.php?id=137</link>
	<thumbnail>https://www.arconaitv.us/uploads/streams/5a6f90620375f_Webp.net-resizeimage%20(1).jpg</thumbnail>
	<fanart></fanart>
    </plugin>
	
	<plugin>
    <title>[COLOR cornflowerblue][B]S[COLOR lawngreen]amurai [COLOR cornflowerblue]J[COLOR lawngreen]ack[/B][/COLOR]</title>
    <link>plugin://plugin.video.SportsDevil/?mode=1&amp;item=catcher%3dstreams%26url=https://www.arconaitv.us/stream.php?id=149</link>
	<thumbnail>https://www.arconaitv.us/uploads/streams/592ef82901d6f_samurai.jpg</thumbnail>
	<fanart></fanart>
    </plugin>

	<plugin>
    <title>[COLOR cornflowerblue][B]S[COLOR lawngreen]crubs[/B][/COLOR]</title>
    <link>plugin://plugin.video.SportsDevil/?mode=1&amp;item=catcher%3dstreams%26url=https://www.arconaitv.us/stream.php?id=79</link>
	<thumbnail>https://www.arconaitv.us/uploads/streams/592ef860295cb_sccrubs2.jpg</thumbnail>
	<fanart></fanart>
    </plugin>
	
	<plugin>
    <title>[COLOR cornflowerblue][B]S[COLOR lawngreen]einfeld[/B][/COLOR]</title>
    <link>plugin://plugin.video.SportsDevil/?mode=1&amp;item=catcher%3dstreams%26url=https://www.arconaitv.us/stream.php?id=80</link>
	<thumbnail>https://www.arconaitv.us/uploads/streams/592ef8954a317_seinfeld.jpg</thumbnail>
	<fanart></fanart>
    </plugin>
	
	<plugin>
    <title>[COLOR cornflowerblue][B]S[COLOR lawngreen]hark [COLOR cornflowerblue]T[COLOR lawngreen]ank[/B][/COLOR]</title>
    <link>plugin://plugin.video.SportsDevil/?mode=1&amp;item=catcher%3dstreams%26url=https://www.arconaitv.us/stream.php?id=81</link>
	<thumbnail>https://www.arconaitv.us/uploads/streams/593483448db09_sharktank.jpg</thumbnail>
	<fanart></fanart>
    </plugin>
	
	<plugin>
    <title>[COLOR cornflowerblue][B]S[COLOR lawngreen]ilicon [COLOR cornflowerblue]V[COLOR lawngreen]alley[/B][/COLOR]</title>
    <link>plugin://plugin.video.SportsDevil/?mode=1&amp;item=catcher%3dstreams%26url=https://www.arconaitv.us/stream.php?id=82</link>
	<thumbnail>https://www.arconaitv.us/uploads/streams/59348337650e4_silicon%20valley.jpg</thumbnail>
	<fanart></fanart>
    </plugin>
	
	<plugin>
    <title>[COLOR cornflowerblue][B]S[COLOR lawngreen]impsons[/B][/COLOR]</title>
    <link>plugin://plugin.video.SportsDevil/?mode=1&amp;item=catcher%3dstreams%26url=https://www.arconaitv.us/stream.php?id=83</link>
	<thumbnail>https://www.arconaitv.us/uploads/streams/59348322d54f8_the-simpsoons.jpg</thumbnail>
	<fanart></fanart>
    </plugin>
	
	<plugin>
    <title>[COLOR cornflowerblue][B]S[COLOR lawngreen]outh [COLOR cornflowerblue]P[COLOR lawngreen]ark[/B][/COLOR]</title>
    <link>plugin://plugin.video.SportsDevil/?mode=1&amp;item=catcher%3dstreams%26url=https://www.arconaitv.us/stream.php?id=84</link>
	<thumbnail>https://www.arconaitv.us/uploads/streams/59348310aff61_south-park.jpg</thumbnail>
	<fanart></fanart>
    </plugin>
	
	<plugin>
    <title>[COLOR cornflowerblue][B]S[COLOR lawngreen]pongeBob [COLOR cornflowerblue]S[COLOR lawngreen]quarePants[/B][/COLOR]</title>
    <link>plugin://plugin.video.SportsDevil/?mode=1&amp;item=catcher%3dstreams%26url=https://www.arconaitv.us/stream.php?id=86</link>
	<thumbnail>https://www.arconaitv.us/uploads/streams/593482e7d5393_spongebob%20squarepants.jpg</thumbnail>
	<fanart></fanart>
    </plugin>
	
	<plugin>
    <title>[COLOR cornflowerblue][B]S[COLOR lawngreen]targate [COLOR cornflowerblue]A[COLOR lawngreen]tlantis & [COLOR cornflowerblue]S[COLOR lawngreen]SG1[/B][/COLOR]</title>
    <link>plugin://plugin.video.SportsDevil/?mode=1&amp;item=catcher%3dstreams%26url=https://www.arconaitv.us/stream.php?id=138</link>
	<thumbnail>https://www.arconaitv.us/uploads/streams/5a6f91777f1f0_Webp.net-resizeimage%20(2).jpg</thumbnail>
	<fanart></fanart>
    </plugin>

	<plugin>
    <title>[COLOR cornflowerblue][B]S[COLOR lawngreen]teven [COLOR cornflowerblue]U[COLOR lawngreen]niverse[/B][/COLOR]</title>
    <link>plugin://plugin.video.SportsDevil/?mode=1&amp;item=catcher%3dstreams%26url=https://www.arconaitv.us/stream.php?id=152</link>
	<thumbnail>https://www.arconaitv.us/uploads/streams/5a03791e11ba9_Webp.net-resizeimage.jpg</thumbnail>
	<fanart></fanart>
    </plugin>
	
	<plugin>
    <title>[COLOR cornflowerblue][B]S[COLOR lawngreen]upernatural[/B][/COLOR]</title>
    <link>plugin://plugin.video.SportsDevil/?mode=1&amp;item=catcher%3dstreams%26url=https://www.arconaitv.us/stream.php?id=115</link>
	<thumbnail>https://www.arconaitv.us/uploads/streams/598f8ccec65e9_Webp.net-resizeimage%20(1).jpg</thumbnail>
	<fanart></fanart>
    </plugin>
	
	<plugin>
    <title>[COLOR cornflowerblue][B]T[COLOR lawngreen]eenage [COLOR cornflowerblue]M[COLOR lawngreen]utant [COLOR cornflowerblue]N[COLOR lawngreen]inja [COLOR cornflowerblue]T[COLOR lawngreen]urtles[/B][/COLOR]</title>
    <link>plugin://plugin.video.SportsDevil/?mode=1&amp;item=catcher%3dstreams%26url=https://www.arconaitv.us/stream.php?id=142</link>
	<thumbnail>https://www.arconaitv.us/uploads/streams/5a6f94b19eb87_Webp.net-resizeimage%20(7).jpg</thumbnail>
	<fanart></fanart>
    </plugin>
	
	<plugin>
    <title>[COLOR cornflowerblue][B]T[COLOR lawngreen]hat [COLOR cornflowerblue]7[COLOR lawngreen]0s [COLOR cornflowerblue]S[COLOR lawngreen]how[/B][/COLOR]</title>
    <link>plugin://plugin.video.SportsDevil/?mode=1&amp;item=catcher%3dstreams%26url=https://www.arconaitv.us/stream.php?id=90</link>
	<thumbnail>https://www.arconaitv.us/uploads/streams/592efb68eb46c_that70s.jpg</thumbnail>
	<fanart></fanart>
    </plugin>
	
	<plugin>
    <title>[COLOR cornflowerblue][B]T[COLOR lawngreen]he [COLOR cornflowerblue]B[COLOR lawngreen]ig [COLOR cornflowerblue]B[COLOR lawngreen]ang [COLOR cornflowerblue]T[COLOR lawngreen]heory[/B][/COLOR]</title>
    <link>plugin://plugin.video.SportsDevil/?mode=1&amp;item=catcher%3dstreams%26url=https://www.arconaitv.us/stream.php?id=91</link>
	<thumbnail>https://www.arconaitv.us/uploads/streams/5934829811430_bigbang.jpg</thumbnail>
	<fanart></fanart>
    </plugin>
	
	<plugin>
    <title>[COLOR cornflowerblue][B]T[COLOR lawngreen]he [COLOR cornflowerblue]B[COLOR lawngreen]oondocks[/B][/COLOR]</title>
    <link>plugin://plugin.video.SportsDevil/?mode=1&amp;item=catcher%3dstreams%26url=https://www.arconaitv.us/stream.php?id=22</link>
	<thumbnail>https://www.arconaitv.us/uploads/streams/5934859572e42_boondocks.jpg</thumbnail>
	<fanart></fanart>
    </plugin>

<plugin>
    <title>[COLOR cornflowerblue][B]T[COLOR lawngreen]he [COLOR cornflowerblue]F[COLOR lawngreen]resh [COLOR cornflowerblue]P[COLOR lawngreen]rince [COLOR cornflowerblue]o[COLOR lawngreen]f [COLOR cornflowerblue]B[COLOR lawngreen]elair[/B][/COLOR]</title>
    <link>plugin://plugin.video.SportsDevil/?mode=1&amp;item=catcher%3dstreams%26url=https://www.arconaitv.us/stream.php?id=46</link>
	<thumbnail>https://www.arconaitv.us/uploads/streams/592e5c21551ac_freshprince.jpg</thumbnail>
	<fanart></fanart>
    </plugin>
	
	<plugin>
    <title>[COLOR cornflowerblue][B]T[COLOR lawngreen]he [COLOR cornflowerblue]K[COLOR lawngreen]nick[/B][/COLOR]</title>
    <link>plugin://plugin.video.SportsDevil/?mode=1&amp;item=catcher%3dstreams%26url=https://www.arconaitv.us/stream.php?id=136</link>
	<thumbnail>https://www.arconaitv.us/uploads/streams/5a6f8f5c16929_Webp.net-resizeimage.jpg</thumbnail>
	<fanart></fanart>
    </plugin>
	
	<plugin>
    <title>[COLOR cornflowerblue][B]T[COLOR lawngreen]he [COLOR cornflowerblue]L[COLOR lawngreen]ast [COLOR cornflowerblue]A[COLOR lawngreen]irbender [COLOR cornflowerblue]a[COLOR lawngreen]nd [COLOR cornflowerblue]l[COLOR lawngreen]egend [COLOR cornflowerblue]o[COLOR lawngreen]f [COLOR cornflowerblue]K[COLOR lawngreen]orra[/B][/COLOR]</title>
    <link>plugin://plugin.video.SportsDevil/?mode=1&amp;item=catcher%3dstreams%26url=https://www.arconaitv.us/stream.php?id=15</link>
	<thumbnail>https://www.arconaitv.us/uploads/streams/5934864d2510c_avatar.jpg</thumbnail>
	<fanart></fanart>
    </plugin>
	
	<plugin>
    <title>[COLOR cornflowerblue][B]T[COLOR lawngreen]he [COLOR cornflowerblue]M[COLOR lawngreen]arvelous [COLOR cornflowerblue]M[COLOR lawngreen]isadventures [COLOR cornflowerblue]o[COLOR lawngreen]f [COLOR cornflowerblue]F[COLOR lawngreen]lapjack[/B][/COLOR]</title>
    <link>plugin://plugin.video.SportsDevil/?mode=1&amp;item=catcher%3dstreams%26url=https://www.arconaitv.us/stream.php?id=93</link>
	<thumbnail>https://www.arconaitv.us/uploads/streams/5934827e7e86b_flapjack.jpg</thumbnail>
	<fanart></fanart>
    </plugin>
	
	<plugin>
    <title>[COLOR cornflowerblue][B]T[COLOR lawngreen]he [COLOR cornflowerblue]M[COLOR lawngreen]usketeers[/B][/COLOR]</title>
    <link>plugin://plugin.video.SportsDevil/?mode=1&amp;item=catcher%3dstreams%26url=https://www.arconaitv.us/stream.php?id=64</link>
	<thumbnail>https://www.arconaitv.us/uploads/streams/593483f5db8a9_the%20musketeerrs.jpg</thumbnail>
	<fanart></fanart>
    </plugin>
	
	<plugin>
    <title>[COLOR cornflowerblue][B]T[COLOR lawngreen]he [COLOR cornflowerblue]O[COLOR lawngreen]ffice[/B][/COLOR]</title>
    <link>plugin://plugin.video.SportsDevil/?mode=1&amp;item=catcher%3dstreams%26url=https://www.arconaitv.us/stream.php?id=127</link>
	<thumbnail>http://sarahsayswatchit.files.wordpress.com/2011/05/the-office.jpg</thumbnail>
	<fanart></fanart>
    </plugin>

	<plugin>
    <title>[COLOR cornflowerblue][B]T[COLOR lawngreen]he [COLOR cornflowerblue]R[COLOR lawngreen]en & [COLOR cornflowerblue]S[COLOR lawngreen]timpy [COLOR cornflowerblue]S[COLOR lawngreen]how[/B][/COLOR]</title>
    <link>plugin://plugin.video.SportsDevil/?mode=1&amp;item=catcher%3dstreams%26url=https://www.arconaitv.us/stream.php?id=75</link>
	<thumbnail>https://www.arconaitv.us/uploads/streams/592ef750dedfb_renstimpy.jpg</thumbnail>
	<fanart></fanart>
    </plugin>
	
	<plugin>
    <title>[COLOR cornflowerblue][B]T[COLOR lawngreen]he [COLOR cornflowerblue]S[COLOR lawngreen]opranos[/B][/COLOR]</title>
    <link>plugin://plugin.video.SportsDevil/?mode=1&amp;item=catcher%3dstreams%26url=https://www.arconaitv.us/stream.php?id=95</link>
	<thumbnail>https://www.arconaitv.us/uploads/streams/592f0299e79bf_sopranos%20(1).jpg</thumbnail>
	<fanart></fanart>
    </plugin>
	
	<plugin>
    <title>[COLOR cornflowerblue][B]T[COLOR lawngreen]he [COLOR cornflowerblue]T[COLOR lawngreen]udors[/B][/COLOR]</title>
    <link>plugin://plugin.video.SportsDevil/?mode=1&amp;item=catcher%3dstreams%26url=https://www.arconaitv.us/stream.php?id=96</link>
	<thumbnail>https://www.arconaitv.us/uploads/streams/59348257c9905_tudors.jpg</thumbnail>
	<fanart></fanart>
    </plugin>
	
	<plugin>
    <title>[COLOR cornflowerblue][B]T[COLOR lawngreen]he [COLOR cornflowerblue]T[COLOR lawngreen]wilight [COLOR cornflowerblue]Z[COLOR lawngreen]one[/B][/COLOR]</title>
    <link>plugin://plugin.video.SportsDevil/?mode=1&amp;item=catcher%3dstreams%26url=https://www.arconaitv.us/stream.php?id=97</link>
	<thumbnail>https://www.arconaitv.us/uploads/streams/59348247ca58f_twilight%20zone.jpg</thumbnail>
	<fanart></fanart>
    </plugin>
	
	<plugin>
    <title>[COLOR cornflowerblue][B]T[COLOR lawngreen]he [COLOR cornflowerblue]W[COLOR lawngreen]hite [COLOR cornflowerblue]Q[COLOR lawngreen]ueen[/B][/COLOR]</title>
    <link>plugin://plugin.video.SportsDevil/?mode=1&amp;item=catcher%3dstreams%26url=https://www.arconaitv.us/stream.php?id=102</link>
	<thumbnail>https://jeremyironsno1fan.files.wordpress.com/2012/10/the-white-queen-poster.jpg</thumbnail>
	<fanart></fanart>
    </plugin>

<plugin>
    <title>[COLOR cornflowerblue][B]T[COLOR lawngreen]he [COLOR cornflowerblue]W[COLOR lawngreen]ire[/B][/COLOR]</title>
    <link>plugin://plugin.video.SportsDevil/?mode=1&amp;item=catcher%3dstreams%26url=https://www.arconaitv.us/stream.php?id=141</link>
	<thumbnail>https://www.arconaitv.us/uploads/streams/5a6f94079fd4a_Webp.net-resizeimage%20(5).jpg</thumbnail>
	<fanart></fanart>
    </plugin>
	
	<plugin>
    <title>[COLOR cornflowerblue][B]T[COLOR lawngreen]op [COLOR cornflowerblue]G[COLOR lawngreen]ear [COLOR cornflowerblue]U[COLOR lawngreen]K[/B][/COLOR]</title>
    <link>plugin://plugin.video.SportsDevil/?mode=1&amp;item=catcher%3dstreams%26url=https://www.arconaitv.us/stream.php?id=98</link>
	<thumbnail>https://www.arconaitv.us/uploads/streams/5934823910756_top%20gear.jpg</thumbnail>
	<fanart></fanart>
    </plugin>
	
	<plugin>
    <title>[COLOR cornflowerblue][B]T[COLOR lawngreen]railer [COLOR cornflowerblue]P[COLOR lawngreen]ark [COLOR cornflowerblue]B[COLOR lawngreen]oys[/B][/COLOR]</title>
    <link>plugin://plugin.video.SportsDevil/?mode=1&amp;item=catcher%3dstreams%26url=https://www.arconaitv.us/stream.php?id=99</link>
	<thumbnail>https://www.arconaitv.us/uploads/streams/59348229d1769_parkboys.jpg</thumbnail>
	<fanart></fanart>
    </plugin>
	
	<plugin>
    <title>[COLOR cornflowerblue][B]U[COLOR lawngreen]nsolved [COLOR cornflowerblue]M[COLOR lawngreen]ysteries[/B][/COLOR]</title>
    <link>plugin://plugin.video.SportsDevil/?mode=1&amp;item=catcher%3dstreams%26url=https://www.arconaitv.us/stream.php?id=135</link>
	<thumbnail>https://www.arconaitv.us/uploads/streams/5a6f8e72af533_unsolvemystery.jpg</thumbnail>
	<fanart></fanart>
    </plugin>
	
	<plugin>
    <title>[COLOR cornflowerblue][B]V[COLOR lawngreen]ampire [COLOR cornflowerblue]D[COLOR lawngreen]iaries[/B][/COLOR]</title>
    <link>plugin://plugin.video.SportsDevil/?mode=1&amp;item=catcher%3dstreams%26url=https://www.arconaitv.us/stream.php?id=101</link>
	<thumbnail>https://www.arconaitv.us/uploads/streams/593481a783128_vampdiaries.jpg</thumbnail>
	<fanart></fanart>
    </plugin>
	
	<plugin>
    <title>[COLOR cornflowerblue][B]W[COLOR lawngreen]hose [COLOR cornflowerblue]l[COLOR lawngreen]ine [COLOR cornflowerblue]i[COLOR lawngreen]s [COLOR cornflowerblue]i[COLOR lawngreen]t [COLOR cornflowerblue]A[COLOR lawngreen]nyway[/B][/COLOR]</title>
    <link>plugin://plugin.video.SportsDevil/?mode=1&amp;item=catcher%3dstreams%26url=https://www.arconaitv.us/stream.php?id=103</link>
	<thumbnail>https://www.arconaitv.us/uploads/streams/5934818917746_whose-line.jpg</thumbnail>
	<fanart></fanart>
    </plugin>

	<plugin>
    <title>[COLOR cornflowerblue][B]W[COLOR lawngreen]orkaholics[/B][/COLOR]</title>
    <link>plugin://plugin.video.SportsDevil/?mode=1&amp;item=catcher%3dstreams%26url=https://www.arconaitv.us/stream.php?id=104</link>
	<thumbnail>https://www.arconaitv.us/uploads/streams/592f05da6a491_workaholics.jpg</thumbnail>
	<fanart></fanart>
    </plugin>
	
	<plugin>
    <title>[COLOR cornflowerblue][B]X [COLOR cornflowerblue]F[COLOR lawngreen]iles[/B][/COLOR]</title>
    <link>plugin://plugin.video.SportsDevil/?mode=1&amp;item=catcher%3dstreams%26url=https://www.arconaitv.us/stream.php?id=105</link>
	<thumbnail>https://www.arconaitv.us/uploads/streams/593476a25530c_xfiles.jpg</thumbnail>
	<fanart></fanart>
    </plugin>