<?xml version="1.0" encoding="UTF-8" standalone="yes"?>
<addon id="plugin.video.streamsRus"
       name="[COLOR red]Streams[/COLOR][COLOR white]R[/COLOR][COLOR red]Us[/COLOR]"
       version="1.0.1"
       provider-name="StreamsRus">
  <requires>
    <import addon="xbmc.python" version="2.1.0"/>
    <import addon="script.module.requests"/>
    <import addon="script.module.urlresolver"/>
    <import addon="script.module.beautifulsoup4" />

  </requires>
  <extension point="xbmc.python.pluginsource"
            library="default.py">
        <provides>video</provides>
  </extension>
  <extension point="xbmc.addon.metadata">
    <summary lang="en"></summary>
    <language>en</language>
    <description lang="en"></description>
     <platform>all</platform>
  </extension>
</addon>
