<?xml version="1.0" encoding="UTF-8"?>
<window id="1132" type="dialog">
	<defaultcontrol always="true">9012</defaultcontrol>
	<onload>ClearProperty(DisableView,1132)</onload>
	<onunload>SetFocus(9012)</onunload>
	<controls>
		<control type="button" id="8999">
			<left>365</left>
			<top>-11</top>
			<width>64</width>
			<height>48</height>
			<label></label>
			<font>CloseButton</font>
			<textcolor>grey</textcolor>
			<focusedcolor>$VAR[ThemeLabelColor]</focusedcolor>
			<onclick>Dialog.Close(1132)</onclick>
			<texturefocus />
			<texturenofocus />
			<visible>system.getbool(input.enablemouse)</visible>
		</control>
		<control type="group">
			<include>WindowSettingsFadeAnimation</include>
			<top>-25</top>
			<control type="label">
				<top>100</top>
				<width>400</width>
				<height>52</height>
				<textoffsetx>15</textoffsetx>
				<font>font13_title</font>
				<label>$LOCALIZE[31153]</label>
				<textcolor>$VAR[ThemeLabelColor]</textcolor>
			</control>
			<control type="grouplist" id="9012">
				<top>147</top>
				<width>400</width>
				<height>900</height>
				<orientation>vertical</orientation>
				<onleft>Dialog.Close(1132)</onleft>
				<onright>Dialog.Close(1132)</onright>
				<ondown>9013</ondown>
				<control type="radiobutton" id="1615">
					<description>Disable SongList</description>
					<textwidth>375</textwidth>
					<include>ButtonCommonValues</include>
					<label>$LOCALIZE[31238]</label>
					<onclick>SetProperty(DisableView,True,1132)</onclick>
					<onclick>Skin.ToggleSetting(Disable.SongListView)</onclick>
					<selected>!Skin.HasSetting(Disable.SongListView)</selected>
				</control>
				<control type="radiobutton" id="1611">
					<description>Disable RightList</description>
					<textwidth>375</textwidth>
					<include>ButtonCommonValues</include>
					<label>$LOCALIZE[31239]</label>
					<onclick>SetProperty(DisableView,True,1132)</onclick>
					<onclick>Skin.ToggleSetting(Disable.RightListView)</onclick>
					<selected>!Skin.HasSetting(Disable.RightListView)</selected>
				</control>
				<control type="radiobutton" id="1612">
					<description>Disable FanartList</description>
					<textwidth>375</textwidth>
					<include>ButtonCommonValues</include>
					<label>$LOCALIZE[31240]</label>
					<onclick>SetProperty(DisableView,True,1132)</onclick>
					<onclick>Skin.ToggleSetting(Disable.FanartListView)</onclick>
					<selected>!Skin.HasSetting(Disable.FanartListView)</selected>
				</control>
				<control type="radiobutton" id="1613">
					<description>Disable LowList</description>
					<textwidth>375</textwidth>
					<include>ButtonCommonValues</include>
					<label>$LOCALIZE[31241]</label>
					<onclick>SetProperty(DisableView,True,1132)</onclick>
					<onclick>Skin.ToggleSetting(Disable.LowListView)</onclick>
					<selected>!Skin.HasSetting(Disable.LowListView)</selected>
				</control>
				<control type="radiobutton" id="1614">
					<description>Disable BigList</description>
					<textwidth>375</textwidth>
					<include>ButtonCommonValues</include>
					<label>$LOCALIZE[31242]</label>
					<onclick>SetProperty(DisableView,True,1132)</onclick>
					<onclick>Skin.ToggleSetting(Disable.BigListView)</onclick>
					<selected>!Skin.HasSetting(Disable.BigListView)</selected>
				</control>
				<control type="radiobutton" id="1624">
					<description>Disable Logo</description>
					<textwidth>375</textwidth>
					<include>ButtonCommonValues</include>
					<label>$LOCALIZE[31606]</label>
					<onclick>SetProperty(DisableView,True,1132)</onclick>
					<onclick>Skin.ToggleSetting(Disable.LogoView)</onclick>
					<selected>!Skin.HasSetting(Disable.LogoView)</selected>
				</control>
				<control type="radiobutton" id="1636">
					<description>Disable Episode</description>
					<textwidth>375</textwidth>
					<include>ButtonCommonValues</include>
					<label>[CAPITALIZE]$LOCALIZE[36906][/CAPITALIZE]</label>
					<onclick>SetProperty(DisableView,True,1132)</onclick>
					<onclick>Skin.ToggleSetting(Disable.EpisodeView)</onclick>
					<selected>!Skin.HasSetting(Disable.EpisodeView)</selected>
				</control>
				<control type="radiobutton" id="1629">
					<description>Disable ShowCase</description>
					<textwidth>375</textwidth>
					<include>ButtonCommonValues</include>
					<label>$LOCALIZE[31077]</label>
					<onclick>SetProperty(DisableView,True,1132)</onclick>
					<onclick>Skin.ToggleSetting(Disable.ShowCaseView)</onclick>
					<selected>!Skin.HasSetting(Disable.ShowCaseView)</selected>
				</control>
				<control type="radiobutton" id="1626">
					<description>Disable Shift</description>
					<textwidth>375</textwidth>
					<include>ButtonCommonValues</include>
					<label>$LOCALIZE[31079]</label>
					<onclick>SetProperty(DisableView,True,1132)</onclick>
					<onclick>Skin.ToggleSetting(Disable.ShiftView)</onclick>
					<selected>!Skin.HasSetting(Disable.ShiftView)</selected>
				</control>
				<control type="radiobutton" id="1625">
					<description>Disable Posters</description>
					<textwidth>375</textwidth>
					<include>ButtonCommonValues</include>
					<label>$LOCALIZE[31243]</label>
					<onclick>SetProperty(DisableView,True,1132)</onclick>
					<onclick>Skin.ToggleSetting(Disable.PostersView)</onclick>
					<selected>!Skin.HasSetting(Disable.PostersView)</selected>
				</control>
				<control type="radiobutton" id="1635">
					<description>Disable Myflix</description>
					<textwidth>375</textwidth>
					<include>ButtonCommonValues</include>
					<label>$LOCALIZE[31244]</label>
					<onclick>SetProperty(DisableView,True,1132)</onclick>
					<onclick>Skin.ToggleSetting(Disable.MyFlixView)</onclick>
					<selected>!Skin.HasSetting(Disable.MyFlixView)</selected>
				</control>
				<control type="radiobutton" id="1616">
					<description>Disable TriPanel</description>
					<textwidth>375</textwidth>
					<include>ButtonCommonValues</include>
					<label>$LOCALIZE[31078]</label>
					<onclick>SetProperty(DisableView,True,1132)</onclick>
					<onclick>Skin.ToggleSetting(Disable.TriPanelView)</onclick>
					<selected>!Skin.HasSetting(Disable.TriPanelView)</selected>
				</control>
				<control type="radiobutton" id="1617">
					<description>Disable Icons</description>
					<textwidth>375</textwidth>
					<include>ButtonCommonValues</include>
					<label>$LOCALIZE[536]</label>
					<onclick>SetProperty(DisableView,True,1132)</onclick>
					<onclick>Skin.ToggleSetting(Disable.IconsView)</onclick>
					<selected>!Skin.HasSetting(Disable.IconsView)</selected>
				</control>
				<control type="radiobutton" id="1618">
					<description>Disable Small Icons</description>
					<textwidth>375</textwidth>
					<include>ButtonCommonValues</include>
					<label>$LOCALIZE[31293]</label>
					<onclick>SetProperty(DisableView,True,1132)</onclick>
					<onclick>Skin.ToggleSetting(Disable.SmallIconsView)</onclick>
					<selected>!Skin.HasSetting(Disable.SmallIconsView)</selected>
				</control>
				<control type="radiobutton" id="1619">
					<description>Disable Wall</description>
					<textwidth>375</textwidth>
					<include>ButtonCommonValues</include>
					<label>$LOCALIZE[31245]</label>
					<onclick>SetProperty(DisableView,True,1132)</onclick>
					<onclick>Skin.ToggleSetting(Disable.WallView)</onclick>
					<selected>!Skin.HasSetting(Disable.WallView)</selected>
				</control>
				<control type="radiobutton" id="1620">
					<description>Disable Fullscreen Wall</description>
					<textwidth>375</textwidth>
					<include>ButtonCommonValues</include>
					<label>$LOCALIZE[31246]</label>
					<onclick>SetProperty(DisableView,True,1132)</onclick>
					<onclick>Skin.ToggleSetting(Disable.FullscreenWallView)</onclick>
					<selected>!Skin.HasSetting(Disable.FullscreenWallView)</selected>
				</control>
				<control type="radiobutton" id="1621">
					<description>Disable InfoWall</description>
					<textwidth>375</textwidth>
					<include>ButtonCommonValues</include>
					<label>$LOCALIZE[31247]</label>
					<onclick>SetProperty(DisableView,True,1132)</onclick>
					<onclick>Skin.ToggleSetting(Disable.InfoWallView)</onclick>
					<selected>!Skin.HasSetting(Disable.InfoWallView)</selected>
				</control>
				<control type="radiobutton" id="1622">
					<description>Disable BannerWall</description>
					<textwidth>375</textwidth>
					<include>ButtonCommonValues</include>
					<label>$LOCALIZE[31088]</label>
					<onclick>SetProperty(DisableView,True,1132)</onclick>
					<onclick>Skin.ToggleSetting(Disable.BannerWallView)</onclick>
					<selected>!Skin.HasSetting(Disable.BannerWallView)</selected>
				</control>
				<control type="radiobutton" id="1627">
					<description>Disable BannerPlex</description>
					<textwidth>375</textwidth>
					<include>ButtonCommonValues</include>
					<label>$LOCALIZE[31248]</label>
					<onclick>SetProperty(DisableView,True,1132)</onclick>
					<onclick>Skin.ToggleSetting(Disable.BannerPlexView)</onclick>
					<selected>!Skin.HasSetting(Disable.BannerPlexView)</selected>
				</control>
				<control type="radiobutton" id="1628">
					<description>Disable Landscape</description>
					<textwidth>375</textwidth>
					<include>ButtonCommonValues</include>
					<label>$LOCALIZE[31076]</label>
					<onclick>SetProperty(DisableView,True,1132)</onclick>
					<onclick>Skin.ToggleSetting(Disable.LandscapeView)</onclick>
					<selected>!Skin.HasSetting(Disable.LandscapeView)</selected>
				</control>
				<control type="radiobutton" id="1630">
					<description>Disable BigFan</description>
					<textwidth>375</textwidth>
					<include>ButtonCommonValues</include>
					<label>$LOCALIZE[31249]</label>
					<onclick>SetProperty(DisableView,True,1132)</onclick>
					<onclick>Skin.ToggleSetting(Disable.BigFanView)</onclick>
					<selected>!Skin.HasSetting(Disable.BigFanView)</selected>
				</control>
				<control type="radiobutton" id="1632">
					<description>Disable Gallery</description>
					<textwidth>375</textwidth>
					<include>ButtonCommonValues</include>
					<label>$LOCALIZE[31251]</label>
					<onclick>SetProperty(DisableView,True,1132)</onclick>
					<onclick>Skin.ToggleSetting(Disable.GalleryView)</onclick>
					<selected>!Skin.HasSetting(Disable.GalleryView)</selected>
				</control>
				<control type="radiobutton" id="1633">
					<description>Disable Panel</description>
					<textwidth>375</textwidth>
					<include>ButtonCommonValues</include>
					<label>$LOCALIZE[31314]</label>
					<onclick>SetProperty(DisableView,True,1132)</onclick>
					<onclick>Skin.ToggleSetting(Disable.PanelView)</onclick>
					<selected>!Skin.HasSetting(Disable.PanelView)</selected>
				</control>
			</control>
			<control type="togglebutton" id="9013">
				<visible>!Skin.HasSetting(KioskMode.Enabled)</visible>
				<top>1045</top>
				<width>400</width>
				<align>center</align>
				<textoffsetx>30</textoffsetx>
				<focusedcolor>$VAR[ThemeLabelColor]</focusedcolor>
				<texturefocus />
				<label>$LOCALIZE[13012]</label>
				<altlabel>$LOCALIZE[31449]</altlabel>
				<usealttexture>!String.IsEmpty(Window(1132).Property(DisableView))</usealttexture>
				<onup>9012</onup>
				<ondown>1615</ondown>
				<onclick>Dialog.Close(1132)</onclick>
				<onclick condition="!String.IsEmpty(Window(1132).Property(DisableView))">ReloadSkin()</onclick>
			</control>
		</control>
	</controls>
</window>