<?xml version="1.0" encoding="UTF-8"?>
<window id="1131" type="dialog">
	<defaultcontrol always="true">9011</defaultcontrol>
	<onunload>ClearProperty(actualViewtype,Home)</onunload>
	<controls>
		<control type="button" id="8999">
			<left>365</left>
			<top>-11</top>
			<width>64</width>
			<height>48</height>
			<label></label>
			<font>CloseButton</font>
			<textcolor>grey</textcolor>
			<focusedcolor>$VAR[ThemeLabelColor]</focusedcolor>
			<onclick>Dialog.Close(1131)</onclick>
			<texturefocus />
			<texturenofocus />
			<visible>system.getbool(input.enablemouse)</visible>
		</control>
		<control type="group">
			<include>WindowSettingsFadeAnimation</include>
			<control type="label">
				<top>100</top>
				<width>400</width>
				<height>52</height>
				<textoffsetx>15</textoffsetx>
				<font>font13_title</font>
				<label>$INFO[Container.Viewmode] $LOCALIZE[5]</label>
				<textcolor>$VAR[ThemeLabelColor]</textcolor>
			</control>
			<control type="grouplist" id="9011">
				<top>152</top>
				<width>400</width>
				<height>915</height>
				<orientation>vertical</orientation>
				<onleft>Dialog.Close(1131)</onleft>
				<onright>Dialog.Close(1131)</onright>
				<onup>9011</onup>
				<ondown>9012</ondown>
				<control type="button" id="1500">
					<include>ButtonCommonValues</include>
					<label>$LOCALIZE[31252]</label>
					<label2>[COLOR $VAR[ThemeLabelColor]]$VAR[NoTopBarLabelVar][/COLOR]</label2>
					<onclick>$VAR[NoTopBarOnClickVar]</onclick>
					<visible>!Skin.HasSetting(Disable.TopBar)</visible>
				</control>
				<control type="button" id="1502">
					<include>ButtonCommonValues</include>
					<label>$LOCALIZE[31188]</label>
					<label2>[COLOR $VAR[ThemeLabelColor]]$VAR[DisableOverlayLabelVar][/COLOR]</label2>
					<onclick>$VAR[DisableOverlayOnclickVar]</onclick>
					<visible>[!String.IsEmpty(Skin.String(Overlay.Toggle)) | !Skin.HasSetting(Disable.Resumable)] + !Window.IsActive(music) + !Window.IsActive(programs)</visible>
					<visible>[String.IsEqual(Window(Home).Property(actualViewtype),Landscape) | String.IsEqual(Window(Home).Property(actualViewtype),ShowCase) | String.IsEqual(Window(Home).Property(actualViewtype),MyFlix) | String.IsEqual(Window(Home).Property(actualViewtype),Icons) | String.IsEqual(Window(Home).Property(actualViewtype),SmallIcons) | String.IsEqual(Window(Home).Property(actualViewtype),Wall) | [String.IsEqual(Window(Home).Property(actualViewtype),FullscreenWall) + [Container.Content(movies) | Container.Content(tvshows) | Container.Content(sets)]] | String.IsEqual(Window(Home).Property(actualViewtype),InfoWall) | String.IsEqual(Window(Home).Property(actualViewtype),BannerPlex) | String.IsEqual(Window(Home).Property(actualViewtype),BannerWall) | String.IsEqual(Window(Home).Property(actualViewtype),BigList) | String.IsEqual(Window(Home).Property(actualViewtype),Shift) | String.IsEqual(Window(Home).Property(actualViewtype),Posters)]</visible>
				</control>
				<control type="button" id="1501">
					<include>ButtonCommonValues</include>
					<label>$LOCALIZE[31255]</label>
					<label2>[COLOR $VAR[ThemeLabelColor]]$VAR[ViewFlagsLabelVar][/COLOR]</label2>
					<onclick>$VAR[ViewFlagsOnclickVar]</onclick>
					<visible>!Container.Content(genres) + !Container.Content(sets)</visible>
					<visible>String.IsEqual(Window(Home).Property(actualViewtype),ShowCase) | [String.IsEqual(Window(Home).Property(actualViewtype),Landscape) + !Window.IsActive(music)] | [String.IsEqual(Window(Home).Property(actualViewtype),Wall) + ![Container.Content(programs) | Container.Content(addons) | Window.IsActive(music)]] | String.IsEqual(Window(Home).Property(actualViewtype),Logo)</visible>
				</control>
				<control type="button" id="1503">
					<description>Show/Hide Floor</description>
					<include>ButtonCommonValues</include>
					<label>$LOCALIZE[31620]</label>
					<onclick>$VAR[ViewFloorOnClickVar]</onclick>
					<label2>[COLOR $VAR[ThemeLabelColor]]$VAR[ViewFloorLabelVar][/COLOR]</label2>
					<visible>String.IsEqual(Window(Home).Property(actualViewtype),RightList) + !Window.IsActive(music)</visible>
				</control>
				<control type="radiobutton" id="1504">
					<description>Alternate BigList layout</description>
					<include>ButtonCommonValues</include>
					<label>$LOCALIZE[31605]</label>
					<onclick>Skin.ToggleSetting(alternatebiglistlayout)</onclick>
					<selected>Skin.HasSetting(alternatebiglistlayout)</selected>
					<visible>String.IsEqual(Window(Home).Property(actualViewtype),BigList)</visible>
				</control>
				<!-- List -->
				<control type="radiobutton" id="1400">
					<description>Alternate Layout Artists</description>
					<include>ButtonCommonValues</include>
					<label>$LOCALIZE[31608]</label>
					<onclick>Skin.ToggleSetting(List.MovieCases)</onclick>
					<selected>Skin.HasSetting(List.MovieCases)</selected>
					<visible>String.IsEqual(Window(Home).Property(actualViewtype),List) + Container.Content(movies)</visible>
				</control>
				<control type="radiobutton" id="1401">
					<description>Alternate Layout Artists</description>
					<include>ButtonCommonValues</include>
					<label>$LOCALIZE[31608]</label>
					<onclick>Skin.ToggleSetting(List.TVShowCases)</onclick>
					<selected>Skin.HasSetting(List.TVShowCases)</selected>
					<visible>String.IsEqual(Window(Home).Property(actualViewtype),List) + Container.Content(tvshows)</visible>
				</control>
				<!-- TriPanel -->
				<control type="button" id="1410">
					<description>TriPanel Layout Toggle</description>
					<textwidth>255</textwidth>
					<include>ButtonCommonValues</include>
					<label>$LOCALIZE[31189]</label>
					<label2>[COLOR $VAR[ThemeLabelColor]]$VAR[TriPanelLayoutLabelVar][/COLOR]</label2>
					<onclick>$VAR[TriPanelLayoutOnclickVar]</onclick>
					<visible>String.IsEqual(Window(Home).Property(actualViewtype),TriPanel)</visible>
				</control>
				<!-- RightList -->
				<control type="radiobutton" id="1507">
					<description>Alternate Layout Artists</description>
					<include>ButtonCommonValues</include>
					<label>$LOCALIZE[31605]</label>
					<onclick>Skin.ToggleSetting(RightList.AlternateMusic)</onclick>
					<selected>Skin.HasSetting(RightList.AlternateMusic)</selected>
					<visible>String.IsEqual(Window(Home).Property(actualViewtype),RightList) + Window.IsActive(music)</visible>
				</control>
				<control type="radiobutton" id="1510">
					<description>Mediaflags</description>
					<include>ButtonCommonValues</include>
					<label>$LOCALIZE[31255]</label>
					<onclick>Skin.ToggleSetting(Disable.RightList.Mediaflags)</onclick>
					<selected>!Skin.HasSetting(Disable.RightList.Mediaflags)</selected>
					<visible>String.IsEqual(Window(Home).Property(actualViewtype),RightList) + Container.Content(movies)</visible>
				</control>
				<control type="radiobutton" id="1506">
					<description>Mediaflags</description>
					<include>ButtonCommonValues</include>
					<label>$LOCALIZE[31255]</label>
					<onclick>Skin.ToggleSetting(Disable.RightList.EpisodeMediaflags)</onclick>
					<selected>!Skin.HasSetting(Disable.RightList.EpisodeMediaflags)</selected>
					<visible>String.IsEqual(Window(Home).Property(actualViewtype),RightList) + Container.Content(episodes)</visible>
				</control>
				<control type="radiobutton" id="1499">
					<description>Mediaflags</description>
					<include>ButtonCommonValues</include>
					<label>$LOCALIZE[31255]</label>
					<onclick>Skin.ToggleSetting(Disable.RightList.TVMediaflags)</onclick>
					<selected>!Skin.HasSetting(Disable.RightList.TVMediaflags)</selected>
					<visible>String.IsEqual(Window(Home).Property(actualViewtype),RightList) + [Container.Content(tvshows) | Container.Content(seasons)]</visible>
				</control>
				<control type="radiobutton" id="1511">
					<description>Alternate Layout</description>
					<include>ButtonCommonValues</include>
					<label>$LOCALIZE[31605]</label>
					<onclick>Skin.ToggleSetting(rightlistalternate)</onclick>
					<selected>Skin.HasSetting(rightlistalternate)</selected>
					<visible>String.IsEqual(Window(Home).Property(actualViewtype),RightList) + Container.Content(movies)</visible>
				</control>
				<control type="radiobutton" id="1512">
					<description>Alternate TV Layout</description>
					<include>ButtonCommonValues</include>
					<label>$LOCALIZE[31605]</label>
					<onclick>Skin.ToggleSetting(rightlistalternatetv)</onclick>
					<selected>Skin.HasSetting(rightlistalternatetv)</selected>
					<visible>String.IsEqual(Window(Home).Property(actualViewtype),RightList) + !Container.Content(movies) + !Window.IsActive(music)</visible>
				</control>
				<control type="radiobutton" id="1515">
					<description>Enable Logo</description>
					<include>ButtonCommonValues</include>
					<label>$LOCALIZE[31606]</label>
					<onclick>Skin.ToggleSetting(rightlistlogotv)</onclick>
					<selected>Skin.HasSetting(rightlistlogotv)</selected>
					<visible>String.IsEqual(Window(Home).Property(actualViewtype),RightList) + [Container.Content(tvshows) | Container.Content(seasons) | Container.Content(episodes)]</visible>
				</control>
				<control type="radiobutton" id="1516">
					<description>Enable Logo</description>
					<include>ButtonCommonValues</include>
					<label>$LOCALIZE[31606]</label>
					<onclick>Skin.ToggleSetting(rightlistlogomovie)</onclick>
					<selected>Skin.HasSetting(rightlistlogomovie)</selected>
					<visible>String.IsEqual(Window(Home).Property(actualViewtype),RightList) + Container.Content(movies)</visible>
				</control>
				<control type="radiobutton" id="1525">
					<description>Enable Artist Logo</description>
					<textwidth>375</textwidth>
					<include>ButtonCommonValues</include>
					<label>$LOCALIZE[31606]</label>
					<onclick>Skin.ToggleSetting(rightlistlogoartist)</onclick>
					<selected>Skin.HasSetting(rightlistlogoartist)</selected>
					<visible>Window.IsActive(music) + String.IsEqual(Window(Home).Property(actualViewtype),RightList)</visible>
				</control>
				<control type="radiobutton" id="1513">
					<description>Hide poster</description>
					<include>ButtonCommonValues</include>
					<label>$LOCALIZE[31443]</label>
					<onclick>Skin.ToggleSetting(Disable.RightlistThumb)</onclick>
					<selected>!Skin.HasSetting(Disable.RightlistThumb)</selected>
					<visible>String.IsEqual(Window(Home).Property(actualViewtype),RightList) + Container.Content(artists)</visible>
				</control>
				<control type="radiobutton" id="1529">
					<description>Hide poster</description>
					<include>ButtonCommonValues</include>
					<label>$LOCALIZE[558]</label>
					<onclick>Skin.ToggleSetting(Disable.RightlistAlbum)</onclick>
					<selected>!Skin.HasSetting(Disable.RightlistAlbum)</selected>
					<visible>String.IsEqual(Window(Home).Property(actualViewtype),RightList) + [Container.Content(albums) | Container.Content(songs)]</visible>
				</control>
				<control type="radiobutton" id="1528">
					<description>Enable DiscArt</description>
					<include>ButtonCommonValues</include>
					<label>   - $LOCALIZE[31609]</label>
					<onclick>Skin.ToggleSetting(Enable.RightlistCDArt)</onclick>
					<selected>Skin.HasSetting(Enable.RightlistCDArt)</selected>
					<visible>String.IsEqual(Window(Home).Property(actualViewtype),RightList) + !Skin.HasSetting(Disable.RightlistAlbum) + Window.IsActive(music) + !Container.Content(artists)</visible>
				</control>
				<control type="radiobutton" id="1518">
					<description>Hide poster</description>
					<include>ButtonCommonValues</include>
					<label>$LOCALIZE[31152]</label>
					<onclick>Skin.ToggleSetting(Enable.Rightlist.HidePoster.movies)</onclick>
					<selected>!Skin.HasSetting(Enable.Rightlist.HidePoster.movies)</selected>
					<visible>String.IsEqual(Window(Home).Property(actualViewtype),RightList) + Container.Content(movies)</visible>
				</control>
				<control type="radiobutton" id="1519">
					<description>Hide poster</description>
					<include>ButtonCommonValues</include>
					<label>$LOCALIZE[31152]</label>
					<onclick>Skin.ToggleSetting(Enable.Rightlist.HidePoster.tvshows)</onclick>
					<selected>!Skin.HasSetting(Enable.Rightlist.HidePoster.tvshows)</selected>
					<visible>String.IsEqual(Window(Home).Property(actualViewtype),RightList) + Container.Content(tvshows)</visible>
				</control>
				<control type="radiobutton" id="1520">
					<description>Hide poster</description>
					<include>ButtonCommonValues</include>
					<label>$LOCALIZE[31152]</label>
					<onclick>Skin.ToggleSetting(Enable.Rightlist.HidePoster.seasons)</onclick>
					<selected>!Skin.HasSetting(Enable.Rightlist.HidePoster.seasons)</selected>
					<visible>String.IsEqual(Window(Home).Property(actualViewtype),RightList) + Container.Content(seasons)</visible>
				</control>
				<control type="radiobutton" id="1521">
					<description>Hide poster</description>
					<include>ButtonCommonValues</include>
					<label>$LOCALIZE[31152]</label>
					<onclick>Skin.ToggleSetting(Enable.Rightlist.HidePoster.episodes)</onclick>
					<selected>!Skin.HasSetting(Enable.Rightlist.HidePoster.episodes)</selected>
					<visible>String.IsEqual(Window(Home).Property(actualViewtype),RightList) + Container.Content(episodes)</visible>
				</control>
				<control type="radiobutton" id="1522">
					<description>Enable DiscArt</description>
					<include>ButtonCommonValues</include>
					<label>   - $LOCALIZE[31609]</label>
					<onclick>Skin.ToggleSetting(discrightlist)</onclick>
					<selected>Skin.HasSetting(discrightlist)</selected>
					<visible>String.IsEqual(Window(Home).Property(actualViewtype),RightList) + [Container.Content(movies) + !Skin.HasSetting(Enable.Rightlist.HidePoster.movies)]</visible>
				</control>
				<control type="radiobutton" id="1524">
					<description>Enable RightList Covers</description>
					<include>ButtonCommonValues</include>
					<label>   - $LOCALIZE[31608]</label>
					<onclick>Skin.ToggleSetting(rightlistcovers)</onclick>
					<selected>Skin.HasSetting(rightlistcovers)</selected>
					<visible>String.IsEqual(Window(Home).Property(actualViewtype),RightList) + [Container.Content(movies) + !Skin.HasSetting(Enable.Rightlist.HidePoster.movies)] | [String.IsEqual(Window(Home).Property(actualViewtype),RightList) + Container.Content(episodes) + !Skin.HasSetting(Enable.Rightlist.HidePoster.episodes)] | String.IsEqual(Window(Home).Property(actualViewtype),RightList) + [Container.Content(tvshows) | Container.Content(seasons)]</visible>
				</control>
				<control type="radiobutton" id="1517">
					<description>Enable Info</description>
					<include>ButtonCommonValues</include>
					<label>$LOCALIZE[31604]</label>
					<onclick>Skin.ToggleSetting(inforightlist)</onclick>
					<selected>Skin.HasSetting(inforightlist)</selected>
					<visible>String.IsEqual(Window(Home).Property(actualViewtype),RightList) + [Container.Content(movies) | Container.Content(tvshows) | Container.Content(episodes)]</visible>
				</control>
				<control type="radiobutton" id="1527">
					<description>Enable Music Info</description>
					<include>ButtonCommonValues</include>
					<label>$LOCALIZE[31604]</label>
					<onclick>Skin.ToggleSetting(Enable.RightListMusicInfo)</onclick>
					<selected>Skin.HasSetting(Enable.RightListMusicInfo)</selected>
					<visible>String.IsEqual(Window(Home).Property(actualViewtype),RightList) + Window.IsActive(music)</visible>
				</control>
				<control type="radiobutton" id="1526">
					<description>Enable InfoPopup</description>
					<include>ButtonCommonValues</include>
					<label>   - InfoPopup</label>
					<onclick>Skin.ToggleSetting(Enable.RightListInfoPopup)</onclick>
					<selected>Skin.HasSetting(Enable.RightListInfoPopup)</selected>
					<visible>String.IsEqual(Window(Home).Property(actualViewtype),RightList) + Skin.HasSetting(inforightlist) + [Container.Content(movies) | Container.Content(tvshows) | Container.Content(episodes)]</visible>
				</control>
				<!-- LowList -->
				<control type="radiobutton" id="1531">
					<description>Enable Logo LowList</description>
					<include>ButtonCommonValues</include>
					<label>$LOCALIZE[31606]</label>
					<onclick>Skin.ToggleSetting(lowlistlogo)</onclick>
					<selected>Skin.HasSetting(lowlistlogo)</selected>
					<visible>String.IsEqual(Window(Home).Property(actualViewtype),LowList) + !Window.IsActive(music)</visible>
				</control>
				<control type="radiobutton" id="1537">
					<description>Enable LowList Movie Plot</description>
					<include>ButtonCommonValues</include>
					<label>$LOCALIZE[207]</label>
					<onclick>Skin.ToggleSetting(Enable.LowListMoviePlot)</onclick>
					<selected>Skin.HasSetting(Enable.LowListMoviePlot)</selected>
					<visible>String.IsEqual(Window(Home).Property(actualViewtype),LowList) + Skin.HasSetting(nohighlist) + Container.Content(movies)</visible>
				</control>
				<control type="radiobutton" id="1532">
					<description>Enable DiscArt</description>
					<include>ButtonCommonValues</include>
					<label>$LOCALIZE[31609]</label>
					<onclick>Skin.ToggleSetting(disclowlist)</onclick>
					<selected>Skin.HasSetting(disclowlist)</selected>
					<visible>String.IsEqual(Window(Home).Property(actualViewtype),LowList) + Container.Content(movies)</visible>
				</control>
				<control type="radiobutton" id="1533">
					<description>Enable LowList Covers</description>
					<include>ButtonCommonValues</include>
					<label>$LOCALIZE[31608]</label>
					<onclick>Skin.ToggleSetting(togglelowlistcovers)</onclick>
					<selected>Skin.HasSetting(togglelowlistcovers)</selected>
					<visible>String.IsEqual(Window(Home).Property(actualViewtype),LowList) + [Container.Content(movies) | Container.Content(tvshows) | Container.Content(seasons)]</visible>
				</control>
				<control type="radiobutton" id="1534">
					<description>Enable IMDb</description>
					<include>ButtonCommonValues</include>
					<label>$LOCALIZE[31150]</label>
					<onclick>Skin.ToggleSetting(lowlistimdblogo)</onclick>
					<selected>Skin.HasSetting(lowlistimdblogo)</selected>
					<visible>String.IsEqual(Window(Home).Property(actualViewtype),LowList) + Container.Content(movies)</visible>
				</control>
				<control type="radiobutton" id="1535">
					<description>Enable Sliding Movie Set Discart</description>
					<include>ButtonCommonValues</include>
					<label>$LOCALIZE[31979]</label>
					<onclick>Skin.ToggleSetting(Enable.LowList.SlidingMovieSetDiscart)</onclick>
					<selected>Skin.HasSetting(Enable.LowList.SlidingMovieSetDiscart)</selected>
					<visible>String.IsEqual(Window(Home).Property(actualViewtype),LowList) + [Container.Content(movies) | Container.Content(sets)]</visible>
				</control>
				<control type="radiobutton" id="1536">
					<description>Enable Logo LowList</description>
					<include>ButtonCommonValues</include>
					<label>$LOCALIZE[31606]</label>
					<onclick>Skin.ToggleSetting(Enable.LowListArtistLogo)</onclick>
					<selected>Skin.HasSetting(Enable.LowListArtistLogo)</selected>
					<visible>String.IsEqual(Window(Home).Property(actualViewtype),LowList) + Window.IsActive(music)</visible>
				</control>
				<!-- ShowCase -->
				<control type="radiobutton" id="1556">
					<include>ButtonCommonValues</include>
					<label>$LOCALIZE[31609]</label>
					<onclick>Skin.ToggleSetting(Enable.ShowCaseSquare.CDArt)</onclick>
					<selected>Skin.HasSetting(Enable.ShowCaseSquare.CDArt)</selected>
					<visible>String.IsEqual(Window(Home).Property(actualViewtype),ShowCaseSquare) + Container.Content(albums)</visible>
				</control>
				<control type="radiobutton" id="1540">
					<description>No CoverFlow</description>
					<include>ButtonCommonValues</include>
					<label>$LOCALIZE[20411]</label>
					<onclick>Skin.ToggleSetting(noshowcaseflow)</onclick>
					<selected>Skin.HasSetting(noshowcaseflow)</selected>
					<visible>String.IsEqual(Window(Home).Property(actualViewtype),ShowCase)</visible>
				</control>
				<control type="radiobutton" id="1541">
					<include>ButtonCommonValues</include>
					<label>$LOCALIZE[31606]</label>
					<onclick>Skin.ToggleSetting(Enable.ShowCase.Logo)</onclick>
					<selected>Skin.HasSetting(Enable.ShowCase.Logo)</selected>
					<visible>String.IsEqual(Window(Home).Property(actualViewtype),ShowCase) + !Container.Content(episodes) + !Container.Content(seasons) + !Container.Content(genres)</visible>
				</control>
				<control type="radiobutton" id="1554">
					<include>ButtonCommonValues</include>
					<label>   - $LOCALIZE[31087]</label>
					<onclick>Skin.ToggleSetting(Enable.ShowCase.BannerLogo)</onclick>
					<selected>Skin.HasSetting(Enable.ShowCase.BannerLogo)</selected>
					<visible>String.IsEqual(Window(Home).Property(actualViewtype),ShowCase) + Skin.HasSetting(Enable.ShowCase.Logo) + !Container.Content(episodes) + !Container.Content(seasons) + !Container.Content(genres)</visible>
				</control>
				<control type="radiobutton" id="1552">
					<description>Enable ShowCase Movies Floor Info</description>
					<include>ButtonCommonValues</include>
					<label>$LOCALIZE[31604]</label>
					<onclick>Skin.ToggleSetting(Disable.ShowCase.MovieInfo)</onclick>
					<selected>!Skin.HasSetting(Disable.ShowCase.MovieInfo)</selected>
					<visible>String.IsEqual(Window(Home).Property(actualViewtype),ShowCase) + [Container.Content(movies) | Container.Content(sets)] + !Skin.HasSetting(Enable.ShowCase.Logo)</visible>
				</control>
				<control type="radiobutton" id="1542">
					<include>ButtonCommonValues</include>
					<label>   - $LOCALIZE[515]</label>
					<onclick>Skin.ToggleSetting(Disable.ShowCase.MovieGenre)</onclick>
					<selected>!Skin.HasSetting(Disable.ShowCase.MovieGenre)</selected>)
					<visible>String.IsEqual(Window(Home).Property(actualViewtype),ShowCase) + Container.Content(movies) + !Skin.HasSetting(Enable.ShowCase.Logo) + !Skin.HasSetting(Disable.ShowCase.MovieInfo)</visible>
				</control>
				<control type="radiobutton" id="1551">
					<description>Enable ShowCase TV Shows Floor Info</description>
					<include>ButtonCommonValues</include>
					<label>$LOCALIZE[31604]</label>
					<onclick>Skin.ToggleSetting(Disable.ShowCase.TVInfo)</onclick>
					<selected>!Skin.HasSetting(Disable.ShowCase.TVInfo)</selected>
					<visible>String.IsEqual(Window(Home).Property(actualViewtype),ShowCase) + Container.Content(tvshows) + !Skin.HasSetting(Enable.ShowCase.Logo)</visible>
				</control>
				<control type="radiobutton" id="1543">
					<include>ButtonCommonValues</include>
					<label>   - $LOCALIZE[515]</label>
					<onclick>Skin.ToggleSetting(Enable.ShowCase.TVShowGenre)</onclick>
					<selected>Skin.HasSetting(Enable.ShowCase.TVShowGenre)</selected>)
					<visible>String.IsEqual(Window(Home).Property(actualViewtype),ShowCase) + Container.Content(tvshows) + !Skin.HasSetting(Enable.ShowCase.Logo) + !Skin.HasSetting(Disable.ShowCase.TVInfo)</visible>
				</control>
				<control type="radiobutton" id="1555">
					<include>ButtonCommonValues</include>
					<label>$LOCALIZE[20020]</label>
					<onclick>Skin.ToggleSetting(Enable.ShowCase.SeasonBanner)</onclick>
					<selected>Skin.HasSetting(Enable.ShowCase.SeasonBanner)</selected>
					<visible>String.IsEqual(Window(Home).Property(actualViewtype),ShowCase) + Container.Content(seasons)</visible>
				</control>
				<control type="radiobutton" id="1550">
					<description>Enable ShowCase Season Floor Info</description>
					<include>ButtonCommonValues</include>
					<label>$LOCALIZE[31604]</label>
					<onclick>Skin.ToggleSetting(Disable.ShowCase.FloorInfo.seasons)</onclick>
					<selected>!Skin.HasSetting(Disable.ShowCase.FloorInfo.seasons)</selected>
					<visible>String.IsEqual(Window(Home).Property(actualViewtype),ShowCase) + !Skin.HasSetting(Enable.ShowCase.SeasonBanner) + Container.Content(seasons)</visible>
				</control>
				<control type="radiobutton" id="1544">
					<include>ButtonCommonValues</include>
					<label>   - $LOCALIZE[515]</label>
					<onclick>Skin.ToggleSetting(Enable.ShowCase.SeasonGenre)</onclick>
					<selected>Skin.HasSetting(Enable.ShowCase.SeasonGenre)</selected>)
					<visible>String.IsEqual(Window(Home).Property(actualViewtype),ShowCase) + Container.Content(seasons) + Skin.HasSetting(Enable.ShowCase.FloorInfo.seasons)</visible>
				</control>
				<control type="radiobutton" id="1545">
					<description>Enable ShowCase Covers</description>
					<include>ButtonCommonValues</include>
					<label>$LOCALIZE[31608]</label>
					<onclick>Skin.ToggleSetting(Enable.ShowCase.Covers)</onclick>
					<selected>Skin.HasSetting(Enable.ShowCase.Covers)</selected>
					<visible>String.IsEqual(Window(Home).Property(actualViewtype),ShowCase) + [Container.Content(movies) | Container.Content(sets)]</visible>
				</control>
				<control type="radiobutton" id="1556">
					<description>Enable ShowCase Covers</description>
					<include>ButtonCommonValues</include>
					<label>$LOCALIZE[31608]</label>
					<onclick>Skin.ToggleSetting(Enable.ShowCase.TVCovers)</onclick>
					<selected>Skin.HasSetting(Enable.ShowCase.TVCovers)</selected>
					<visible>String.IsEqual(Window(Home).Property(actualViewtype),ShowCase) + [Container.Content(tvshows) | Container.Content(seasons)]</visible>
				</control>
				<control type="radiobutton" id="1553">
					<description>Disable ShowCase Movie Set Cases</description>
					<include>ButtonCommonValues</include>
					<label>   - Sets</label>
					<onclick>Skin.ToggleSetting(Disable.ShowCaseSetCases)</onclick>
					<selected>!Skin.HasSetting(Disable.ShowCaseSetCases)</selected>
					<visible>Skin.HasSetting(Enable.ShowCase.Covers) + [Container.Content(movies) | Container.Content(sets)] + String.IsEqual(Window(Home).Property(actualViewtype),ShowCase)</visible>
				</control>
				<control type="radiobutton" id="1546">
					<include>ButtonCommonValues</include>
					<label>$LOCALIZE[31966]</label>
					<onclick condition="String.IsEmpty(Skin.String(Showcase.Delay))">Skin.SetString(Showcase.Delay,2)</onclick>
					<onclick>Skin.ToggleSetting(showcasemod)</onclick>
					<selected>Skin.HasSetting(showcasemod)</selected>
					<visible>String.IsEqual(Window(Home).Property(actualViewtype),ShowCase) + System.HasAddon(script.skin.info.service) + [Container.Content(movies) | Container.Content(sets)]</visible>
				</control>
				<control type="radiobutton" id="1547">
					<include>ButtonCommonValues</include>
					<label>$LOCALIZE[31965]</label>
					<onclick condition="String.IsEmpty(Skin.String(Showcase.Delay))">Skin.SetString(Showcase.Delay,2)</onclick>
					<onclick>Skin.ToggleSetting(boxsetmod)</onclick>
					<selected>Skin.HasSetting(boxsetmod)</selected>
					<visible>String.IsEqual(Window(Home).Property(actualViewtype),ShowCase) + System.HasAddon(script.skin.info.service) + [Container.Content(movies) | Container.Content(sets)]</visible>
				</control>
				<control type="radiobutton" id="1548">
					<description>Disable Boxset Brochure</description>
					<include>ButtonCommonValues</include>
					<label>   - $LOCALIZE[31256]</label>
					<onclick>Skin.ToggleSetting(Disable.BoxsetBrochure)</onclick>
					<selected>!Skin.HasSetting(Disable.BoxsetBrochure)</selected>
					<visible>String.IsEqual(Window(Home).Property(actualViewtype),ShowCase) + System.HasAddon(script.skin.info.service) + [Container.Content(movies) | Container.Content(sets)] + Skin.HasSetting(boxsetmod)</visible>
				</control>
				<control type="button" id="1549">
					<include>ButtonCommonValues</include>
					<label>   - $LOCALIZE[31973]</label>
					<label2>[COLOR $VAR[ThemeLabelColor]]$VAR[ShowcaseDelayLocalizeVar][/COLOR]</label2>
					<onclick>$VAR[ShowcaseModDelayOnClickVar]</onclick>
					<visible>String.IsEqual(Window(Home).Property(actualViewtype),ShowCase) + System.HasAddon(script.skin.info.service) + [Container.Content(movies) | Container.Content(sets)] + [Skin.HasSetting(showcasemod) | Skin.HasSetting(boxsetmod)]</visible>
				</control>
				<!-- Logo -->
				<control type="radiobutton" id="1560">
					<include>ButtonCommonValues</include>
					<label>$LOCALIZE[31156]</label>
					<onclick>Skin.ToggleSetting(Enable.Logo.clearart)</onclick>
					<selected>Skin.HasSetting(Enable.Logo.clearart)</selected>
					<visible>String.IsEqual(Window(Home).Property(actualViewtype),Logo) + [Container.Content(movies) | Container.Content(tvshows)]</visible>
				</control>
				<control type="radiobutton" id="1561">
					<include>ButtonCommonValues</include>
					<label>$LOCALIZE[31604]</label>
					<onclick>Skin.ToggleSetting(noextendedinfomovies)</onclick>
					<selected>!Skin.HasSetting(noextendedinfomovies)</selected>
					<visible>String.IsEqual(Window(Home).Property(actualViewtype),Logo) + Container.Content(movies)</visible>
				</control>
				<control type="radiobutton" id="1566">
					<description>Fade item layout</description>
					<include>ButtonCommonValues</include>
					<label>$LOCALIZE[31354]</label>
					<onclick>Skin.ToggleSetting(Enable.Logo.UnfocusFade)</onclick>
					<selected>Skin.HasSetting(Enable.Logo.UnfocusFade)</selected>
					<visible>String.IsEqual(Window(Home).Property(actualViewtype),Logo)</visible>
				</control>
				<control type="radiobutton" id="1565">
					<description>Enable movie set list</description>
					<include>ButtonCommonValues</include>
					<label>$LOCALIZE[31257]</label>
					<onclick>Skin.ToggleSetting(Enable.Logo.MovieSetList)</onclick>
					<selected>Skin.HasSetting(Enable.Logo.MovieSetList)</selected>
					<visible>String.IsEqual(Window(Home).Property(actualViewtype),Logo) + Container.Content(movies)</visible>
				</control>
				<control type="radiobutton" id="1562">
					<include>ButtonCommonValues</include>
					<label>$LOCALIZE[31604]</label>
					<onclick>Skin.ToggleSetting(noextendedinfotvshows)</onclick>
					<selected>!Skin.HasSetting(noextendedinfotvshows)</selected>
					<visible>String.IsEqual(Window(Home).Property(actualViewtype),Logo) + Container.Content(tvshows)</visible>
				</control>
				<!-- Shift -->
				<control type="radiobutton" id="1570">
					<description>Small Shift View</description>
					<include>ButtonCommonValues</include>
					<label>$LOCALIZE[31610]</label>
					<onclick>Skin.ToggleSetting(Enable.Shift.Small)</onclick>
					<selected>Skin.HasSetting(Enable.Shift.Small)</selected>
					<visible>String.IsEqual(Window(Home).Property(actualViewtype),Shift) + !Window.IsActive(music)</visible>
				</control>
				<control type="radiobutton" id="1571">
					<description>Enable covers</description>
					<include>ButtonCommonValues</include>
					<label>$LOCALIZE[31608]</label>
					<onclick>Skin.ToggleSetting(Enable.Shift.Covers)</onclick>
					<selected>Skin.HasSetting(Enable.Shift.Covers)</selected>
					<visible>String.IsEqual(Window(Home).Property(actualViewtype),Shift) + [Container.Content(movies) | Container.Content(tvshows) | Container.Content(seasons)]</visible>
				</control>
				<control type="radiobutton" id="1572">
					<description>Enable Shift Discart</description>
					<include>ButtonCommonValues</include>
					<label>$LOCALIZE[31609]</label>
					<onclick>Skin.ToggleSetting(Enable.Shift.Discart)</onclick>
					<selected>Skin.HasSetting(Enable.Shift.Discart)</selected>
					<visible>[String.IsEqual(Window(Home).Property(actualViewtype),Shift) + Container.Content(movies) + !Skin.HasSetting(Enable.Shift.Small)]</visible>
				</control>
				<control type="radiobutton" id="1573">
					<description>Enable Shift IMDb</description>
					<include>ButtonCommonValues</include>
					<label>$LOCALIZE[31150]</label>
					<onclick>Skin.ToggleSetting(Enable.Shift.IMDb)</onclick>
					<selected>Skin.HasSetting(Enable.Shift.IMDb)</selected>
					<visible>String.IsEqual(Window(Home).Property(actualViewtype),Shift) + Container.Content(movies)</visible>
				</control>
				<!-- Wall -->
				<control type="radiobutton" id="1589">
					<description>Enable Wall Floor Info</description>
					<include>ButtonCommonValues</include>
					<label>$LOCALIZE[31604]</label>
					<onclick>Skin.ToggleSetting(Enable.Wall.FloorInfo.programs)</onclick>
					<selected>Skin.HasSetting(Enable.Wall.FloorInfo.programs)</selected>
					<visible>String.IsEqual(Window(Home).Property(actualViewtype),Wall) + [Container.Content(programs) | Container.Content(addons)]</visible>
				</control>
				<control type="radiobutton" id="1580">
					<description>Enable Wall Cases</description>
					<include>ButtonCommonValues</include>
					<label>$LOCALIZE[31608]</label>
					<onclick>Skin.ToggleSetting(Enable.Wall.Cases)</onclick>
					<selected>Skin.HasSetting(Enable.Wall.Cases)</selected>
					<visible>String.IsEqual(Window(Home).Property(actualViewtype),Wall) + [Container.Content(movies) | Container.Content(tvshows) | Container.Content(seasons)]</visible>
				</control>
				<control type="radiobutton" id="1588">
					<include>ButtonCommonValues</include>
					<label>$LOCALIZE[31606]</label>
					<onclick>Skin.ToggleSetting(Enable.Wall.Logo)</onclick>
					<selected>Skin.HasSetting(Enable.Wall.Logo)</selected>)
					<visible>String.IsEqual(Window(Home).Property(actualViewtype),Wall) + [Container.Content(movies) | Container.Content(tvshows)]</visible>
				</control>
				<control type="radiobutton" id="1579">
					<include>ButtonCommonValues</include>
					<label>   - $LOCALIZE[20020]</label>
					<onclick>Skin.ToggleSetting(Enable.Wall.BannerLogo)</onclick>
					<selected>Skin.HasSetting(Enable.Wall.BannerLogo)</selected>)
					<visible>String.IsEqual(Window(Home).Property(actualViewtype),Wall) + Skin.HasSetting(Enable.Wall.Logo) + [Container.Content(movies) | Container.Content(tvshows)]</visible>
				</control>
				<control type="radiobutton" id="1581">
					<description>Enable Wall Floor Info</description>
					<include>ButtonCommonValues</include>
					<label>$LOCALIZE[31604]</label>
					<onclick>Skin.ToggleSetting(Disable.Wall.MovieInfo)</onclick>
					<selected>!Skin.HasSetting(Disable.Wall.MovieInfo)</selected>
					<visible>String.IsEqual(Window(Home).Property(actualViewtype),Wall) + Container.Content(movies) + !Skin.HasSetting(Enable.Wall.Logo)</visible>
				</control>
				<control type="radiobutton" id="1582">
					<description>Enable Wall Floor Info</description>
					<include>ButtonCommonValues</include>
					<label>$LOCALIZE[31604]</label>
					<onclick>Skin.ToggleSetting(Enable.Wall.FloorInfo.tvshows)</onclick>
					<selected>Skin.HasSetting(Enable.Wall.FloorInfo.tvshows)</selected>
					<visible>String.IsEqual(Window(Home).Property(actualViewtype),Wall) + Container.Content(tvshows) + !Skin.HasSetting(Disable.Wall.Logo)</visible>
				</control>
				<control type="radiobutton" id="1600">
					<include>ButtonCommonValues</include>
					<label>$LOCALIZE[20020]</label>
					<onclick>Skin.ToggleSetting(Enable.Wall.SeasonBanner)</onclick>
					<selected>Skin.HasSetting(Enable.Wall.SeasonBanner)</selected>
					<visible>String.IsEqual(Window(Home).Property(actualViewtype),Wall) + Container.Content(seasons)</visible>
				</control>
				<control type="radiobutton" id="1583">
					<description>Enable Wall Floor Info</description>
					<include>ButtonCommonValues</include>
					<label>$LOCALIZE[31604]</label>
					<onclick>Skin.ToggleSetting(Enable.Wall.FloorInfo.seasons)</onclick>
					<selected>Skin.HasSetting(Enable.Wall.FloorInfo.seasons)</selected>
					<visible>String.IsEqual(Window(Home).Property(actualViewtype),Wall) + Container.Content(seasons) + !Skin.HasSetting(Enable.Wall.SeasonBanner)</visible>
				</control>
				<control type="radiobutton" id="1584">
					<description>Enable Wall Floor</description>
					<include>ButtonCommonValues</include>
					<label>$LOCALIZE[31604]</label>
					<onclick>Skin.ToggleSetting(Enable.Wall.AlbumLabels)</onclick>
					<selected>Skin.HasSetting(Enable.Wall.AlbumLabels)</selected>
					<visible>String.IsEqual(Window(Home).Property(actualViewtype),Wall) + Container.Content(albums)</visible>
				</control>
				<control type="radiobutton" id="1585">
					<include>ButtonCommonValues</include>
					<label>   - $LOCALIZE[515]</label>
					<onclick>Skin.ToggleSetting(Disable.Wall.MovieGenre)</onclick>
					<selected>!Skin.HasSetting(Disable.Wall.MovieGenre)</selected>)
					<visible>String.IsEqual(Window(Home).Property(actualViewtype),Wall) + Container.Content(movies) + !Skin.HasSetting(Enable.Wall.Logo) + !Skin.HasSetting(Disable.Wall.MovieInfo)</visible>
				</control>
				<control type="radiobutton" id="1586">
					<include>ButtonCommonValues</include>
					<label>   - $LOCALIZE[515]</label>
					<onclick>Skin.ToggleSetting(Enable.Wall.TVShowGenre)</onclick>
					<selected>Skin.HasSetting(Enable.Wall.TVShowGenre)</selected>)
					<visible>String.IsEqual(Window(Home).Property(actualViewtype),Wall) + Container.Content(tvshows) + !Skin.HasSetting(Enable.Wall.Logo)</visible>
				</control>
				<control type="radiobutton" id="1587">
					<include>ButtonCommonValues</include>
					<label>   - $LOCALIZE[515]</label>
					<onclick>Skin.ToggleSetting(Enable.Wall.SeasonGenre)</onclick>
					<selected>Skin.HasSetting(Enable.Wall.SeasonGenre)</selected>)
					<visible>String.IsEqual(Window(Home).Property(actualViewtype),Wall) + Container.Content(seasons) + Skin.HasSetting(Enable.Wall.FloorInfo.seasons) + !Skin.HasSetting(Enable.Wall.SeasonBanner)</visible>
				</control>
				<!-- MyFlix -->
				<control type="radiobutton" id="1590">
					<include>ButtonCommonValues</include>
					<label>$LOCALIZE[31606]</label>
					<onclick>Skin.ToggleSetting(Enable.MyFlix.MovieLogo)</onclick>
					<selected>Skin.HasSetting(Enable.MyFlix.MovieLogo)</selected>
					<visible>String.IsEqual(Window(Home).Property(actualViewtype),MyFlix) + Container.Content(movies)</visible>
				</control>
				<control type="radiobutton" id="1595">
					<include>ButtonCommonValues</include>
					<label>$LOCALIZE[31606]</label>
					<onclick>Skin.ToggleSetting(Enable.MyFlix.TVLogo)</onclick>
					<selected>Skin.HasSetting(Enable.MyFlix.TVLogo)</selected>
					<visible>String.IsEqual(Window(Home).Property(actualViewtype),MyFlix) + Container.Content(tvshows)</visible>
				</control>
				<control type="radiobutton" id="1596">
					<include>ButtonCommonValues</include>
					<label>$LOCALIZE[31606]</label>
					<onclick>Skin.ToggleSetting(Enable.MyFlix.EpisodeLogo)</onclick>
					<selected>Skin.HasSetting(Enable.MyFlix.EpisodeLogo)</selected>
					<visible>String.IsEqual(Window(Home).Property(actualViewtype),MyFlix) + Container.Content(episodes)</visible>
				</control>
				<control type="button" id="1598">
					<include>ButtonCommonValues</include>
					<label>$LOCALIZE[31348]</label>
					<label2>[COLOR $VAR[ThemeLabelColor]]$VAR[MyFlixDimmerLabelVar][/COLOR]</label2>
					<onclick>SetProperty(CustomSelectMyFlixDimmer,True)</onclick>
					<onclick>ActivateWindow(1129)</onclick>
					<visible>String.IsEqual(Window(Home).Property(actualViewtype),MyFlix)</visible>
				</control>
				<control type="radiobutton" id="1597">
					<include>ButtonCommonValues</include>
					<label>$LOCALIZE[31604]</label>
					<onclick>Skin.ToggleSetting(Disable.MyFlixInfo)</onclick>
					<selected>!Skin.HasSetting(Disable.MyFlixInfo)</selected>
					<visible>String.IsEqual(Window(Home).Property(actualViewtype),MyFlix)</visible>
				</control>
				<control type="radiobutton" id="1599">
					<include>ButtonCommonValues</include>
					<label>$LOCALIZE[31076]</label>
					<onclick>Skin.ToggleSetting(Enable.MyFlix.MovieLandscape)</onclick>
					<selected>Skin.HasSetting(Enable.MyFlix.MovieLandscape)</selected>
					<visible>String.IsEqual(Window(Home).Property(actualViewtype),MyFlix) + Container.Content(movies)</visible>
				</control>
				<control type="radiobutton" id="1591">
					<description>Enable MyFlix Cases</description>
					<include>ButtonCommonValues</include>
					<label>$LOCALIZE[31608]</label>
					<onclick>Skin.ToggleSetting(Enable.MyFlix.Cases)</onclick>
					<onclick condition="Skin.HasSEtting(Enable.MyFlix.OpenCase)">Skin.ToggleSetting(Enable.MyFlix.OpenCase)</onclick>
					<selected>Skin.HasSetting(Enable.MyFlix.Cases)</selected>
					<visible>!Skin.HasSetting(Enable.MyFlix.MovieLandscape) + String.IsEqual(Window(Home).Property(actualViewtype),MyFlix) + [Container.Content(movies) | Container.Content(sets) | Container.Content(tvshows) | Container.Content(seasons)]</visible>
				</control>
				<control type="radiobutton" id="1592">
					<include>ButtonCommonValues</include>
					<label>$LOCALIZE[31966]</label>
					<onclick>Skin.ToggleSetting(Enable.MyFlix.OpenCase)</onclick>
					<onclick condition="!Skin.HasSEtting(Enable.MyFlix.OpenCase) + !Skin.HasSetting(Enable.MyFlix.Cases)">Skin.ToggleSetting(Enable.MyFlix.Cases)</onclick>
					<onclick condition="String.IsEmpty(Skin.String(MyFlix.Delay))">Skin.SetString(MyFlix.Delay,2)</onclick>
					<selected>Skin.HasSetting(Enable.MyFlix.OpenCase)</selected>
					<visible>!Skin.HasSetting(Enable.MyFlix.MovieLandscape) + String.IsEqual(Window(Home).Property(actualViewtype),MyFlix) + Container.Content(movies)</visible>
				</control>
				<control type="button" id="1593">
					<include>ButtonCommonValues</include>
					<label>   - $LOCALIZE[31973]</label>
					<label2>[COLOR $VAR[ThemeLabelColor]]$VAR[MyFlixDelayLocalizeVar][/COLOR]</label2>
					<onclick>$VAR[MyFlixModDelayOnClickVar]</onclick>
					<visible>!Skin.HasSetting(Enable.MyFlix.MovieLandscape) + String.IsEqual(Window(Home).Property(actualViewtype),MyFlix) + Container.Content(movies) + Skin.HasSetting(Enable.MyFlix.OpenCase)</visible>
				</control>
				<control type="radiobutton" id="1594">
					<include>ButtonCommonValues</include>
					<label>$LOCALIZE[31076]</label>
					<onclick>Skin.ToggleSetting(Enable.MyFlix.TVLandscape)</onclick>
					<selected>Skin.HasSetting(Enable.MyFlix.TVLandscape)</selected>
					<visible>String.IsEqual(Window(Home).Property(actualViewtype),MyFlix) + Container.Content(tvshows)</visible>
				</control>
				<!-- Landscape -->
				<control type="radiobutton" id="1616">
					<description>Enable Landscape No Flow</description>
					<include>ButtonCommonValues</include>
					<label>$LOCALIZE[20411]</label>
					<onclick>Skin.ToggleSetting(Enable.LandscapeNoFlow)</onclick>
					<selected>Skin.HasSetting(Enable.LandscapeNoFlow)</selected>
					<visible>String.IsEqual(Window(Home).Property(actualViewtype),Landscape)</visible>
				</control>
				<control type="radiobutton" id="1615">
					<description>Enable Landscape Next Aired</description>
					<include>ButtonCommonValues</include>
					<label>$LOCALIZE[31234]</label>
					<onclick>Skin.ToggleSetting(Disable.Landscape.NextAired.episodes)</onclick>
					<selected>!Skin.HasSetting(Disable.Landscape.NextAired.episodes)</selected>
					<visible>String.IsEqual(Window(Home).Property(actualViewtype),Landscape) + Container.Content(episodes)</visible>
				</control>
				<control type="radiobutton" id="1610">
					<include>ButtonCommonValues</include>
					<label>$LOCALIZE[31606]</label>
					<onclick>Skin.ToggleSetting(Enable.Landscape.Logo)</onclick>
					<selected>Skin.HasSetting(Enable.Landscape.Logo)</selected>
					<visible>String.IsEqual(Window(Home).Property(actualViewtype),Landscape) + !Container.Content(episodes) + !Container.Content(seasons) + !Container.Content(genres) + !Window.IsActive(music)</visible>
				</control>
				<control type="radiobutton" id="1611">
					<include>ButtonCommonValues</include>
					<label>$LOCALIZE[515]</label>
					<onclick>Skin.ToggleSetting(Disable.Landscape.MovieGenre)</onclick>
					<selected>!Skin.HasSetting(Disable.Landscape.MovieGenre)</selected>)
					<visible>String.IsEqual(Window(Home).Property(actualViewtype),Landscape) + Container.Content(movies) + !Skin.HasSetting(Enable.Landscape.Logo)</visible>
				</control>
				<control type="radiobutton" id="1612">
					<include>ButtonCommonValues</include>
					<label>$LOCALIZE[515]</label>
					<onclick>Skin.ToggleSetting(Enable.Landscape.TVShowGenre)</onclick>
					<selected>Skin.HasSetting(Enable.Landscape.TVShowGenre)</selected>)
					<visible>String.IsEqual(Window(Home).Property(actualViewtype),Landscape) + Container.Content(tvshows) + !Skin.HasSetting(Enable.Landscape.Logo)</visible>
				</control>
				<control type="radiobutton" id="1614">
					<description>Enable Landscape Floor Info</description>
					<include>ButtonCommonValues</include>
					<label>$LOCALIZE[31604]</label>
					<onclick>Skin.ToggleSetting(Enable.Landscape.FloorInfo.episodes)</onclick>
					<selected>Skin.HasSetting(Enable.Landscape.FloorInfo.episodes)</selected>
					<visible>String.IsEqual(Window(Home).Property(actualViewtype),Landscape) + Container.Content(episodes)</visible>
				</control>
				<!-- InfoWall -->
				<control type="radiobutton" id="1619">
					<description>Enable InfoWall TV Banners</description>
					<include>ButtonCommonValues</include>
					<label>$LOCALIZE[31253]</label>
					<onclick>Skin.ToggleSetting(Enable.InfoWall.TVBanners)</onclick>
					<selected>Skin.HasSetting(Enable.InfoWall.TVBanners)</selected>
					<visible>String.IsEqual(Window(Home).Property(actualViewtype),InfoWall) + !Window.IsActive(music) + Container.Content(tvshows)</visible>
				</control>
				<control type="radiobutton" id="1620">
					<description>Enable InfoWall Movie Banners</description>
					<include>ButtonCommonValues</include>
					<label>$LOCALIZE[31253]</label>
					<onclick>Skin.ToggleSetting(Enable.InfoWall.MovieBanners)</onclick>
					<selected>Skin.HasSetting(Enable.InfoWall.MovieBanners)</selected>
					<visible>String.IsEqual(Window(Home).Property(actualViewtype),InfoWall) + !Window.IsActive(music) + Container.Content(movies)</visible>
				</control>
				<control type="radiobutton" id="1621">
					<description>Alternate InfoWall layout</description>
					<include>ButtonCommonValues</include>
					<label>$LOCALIZE[31605]</label>
					<onclick>Skin.ToggleSetting(Enable.AlternateInfowall)</onclick>
					<selected>Skin.HasSetting(Enable.AlternateInfowall)</selected>
					<visible>String.IsEqual(Window(Home).Property(actualViewtype),InfoWall)</visible>
				</control>
				<!-- Fullscreen Wall -->
				<control type="radiobutton" id="1630">
					<description>Alternate FullscreenWall layout</description>
					<include>ButtonCommonValues</include>
					<label>$LOCALIZE[31254]</label>
					<onclick>Skin.ToggleSetting(Enable.SmallerFullscreenWallPosters)</onclick>
					<selected>Skin.HasSetting(Enable.SmallerFullscreenWallPosters)</selected>
					<visible>String.IsEqual(Window(Home).Property(actualViewtype),FullscreenWall) + !Window.IsActive(music)</visible>
				</control>
				<control type="radiobutton" id="1631">
					<description>Movie Information on Focus</description>
					<include>ButtonCommonValues</include>
					<label>$LOCALIZE[31292]</label>
					<onclick>Skin.ToggleSetting(Enable.FullscreenWallInfoPopup)</onclick>
					<onclick condition="String.IsEmpty(Skin.String(InfoPopup.Delay))">Skin.SetString(InfoPopup.Delay,3)</onclick>
					<selected>Skin.HasSetting(Enable.FullscreenWallInfoPopup)</selected>
					<visible>String.IsEqual(Window(Home).Property(actualViewtype),FullscreenWall) + !Window.IsActive(music)</visible>
				</control>
				<!-- BannerWall -->
				<control type="radiobutton" id="1640">
					<description>BannerWall Toggle</description>
					<include>ButtonCommonValues</include>
					<label>$LOCALIZE[31604]</label>
					<onclick>Skin.ToggleSetting(Disable.BannerWallInfo)</onclick>
					<onclick>ReloadSkin()</onclick>
					<selected>!Skin.HasSetting(Disable.BannerWallInfo)</selected>
					<visible>String.IsEqual(Window(Home).Property(actualViewtype),BannerWall)</visible>
				</control>
				<control type="radiobutton" id="1641">
					<description>Enable Icons InfoPopup</description>
					<include>ButtonCommonValues</include>
					<label>$LOCALIZE[31292]</label>
					<onclick>Skin.ToggleSetting(Enable.BannerWallInfoPopup)</onclick>
					<onclick condition="String.IsEmpty(Skin.String(InfoPopup.Delay))">Skin.SetString(InfoPopup.Delay,3)</onclick>
					<selected>Skin.HasSetting(Enable.BannerWallInfoPopup)</selected>
					<visible>String.IsEqual(Window(Home).Property(actualViewtype),BannerWall) + Skin.HasSetting(Disable.BannerWallInfo) + [Container.Content(movies) | Container.Content(tvshows)]</visible>
				</control>
				<!-- Icons -->
				<control type="radiobutton" id="1650">
					<description>Enable Icons InfoPopup</description>
					<include>ButtonCommonValues</include>
					<label>$LOCALIZE[31292]</label>
					<onclick>Skin.ToggleSetting(Enable.IconsInfoPopup)</onclick>
					<onclick condition="String.IsEmpty(Skin.String(InfoPopup.Delay))">Skin.SetString(InfoPopup.Delay,3)</onclick>
					<selected>Skin.HasSetting(Enable.IconsInfoPopup)</selected>
					<visible>String.IsEqual(Window(Home).Property(actualViewtype),Icons) + [Container.Content(movies) | Container.Content(tvshows)]</visible>
				</control>
				<!-- Small Icons -->
				<control type="radiobutton" id="1660">
					<description>Enable Icons InfoPopup</description>
					<include>ButtonCommonValues</include>
					<label>$LOCALIZE[31292]</label>
					<onclick>Skin.ToggleSetting(Enable.SmallIconsInfoPopup)</onclick>
					<onclick condition="String.IsEmpty(Skin.String(InfoPopup.Delay))">Skin.SetString(InfoPopup.Delay,3)</onclick>
					<selected>Skin.HasSetting(Enable.SmallIconsInfoPopup)</selected>
					<visible>String.IsEqual(Window(Home).Property(actualViewtype),SmallIcons) + [Container.Content(movies) | Container.Content(tvshows)]</visible>
				</control>
				<control type="radiobutton" id="1670">
					<description>Alternate Layout Episode</description>
					<include>ButtonCommonValues</include>
					<label>$LOCALIZE[31605]</label>
					<onclick>Skin.ToggleSetting(alternatelayoutepisode)</onclick>
					<selected>Skin.HasSetting(alternatelayoutepisode)</selected>
					<visible>String.IsEqual(Window(Home).Property(actualViewtype),Episode)</visible>
				</control>
				<control type="radiobutton" id="1675">
					<description>Enable IMDb</description>
					<include>ButtonCommonValues</include>
					<label>$LOCALIZE[31150]</label>
					<onclick>Skin.ToggleSetting(bigfanimdblogo)</onclick>
					<selected>Skin.HasSetting(bigfanimdblogo)</selected>
					<visible>String.IsEqual(Window(Home).Property(actualViewtype),BigFan) + Container.Content(movies)</visible>
				</control>
				<control type="radiobutton" id="1676">
					<description>Enable Plot</description>
					<include>ButtonCommonValues</include>
					<label>$LOCALIZE[207]</label>
					<onclick>Skin.ToggleSetting(EnableBigFanPlot)</onclick>
					<selected>Skin.HasSetting(EnableBigFanPlot)</selected>
					<visible>String.IsEqual(Window(Home).Property(actualViewtype),BigFan)</visible>
				</control>
				<control type="button" id="1680">
					<description>Movie Information on Focus Delay</description>
					<include>ButtonCommonValues</include>
					<label>  - $LOCALIZE[303]</label>
					<label2>[COLOR $VAR[ThemeLabelColor]]$INFO[Skin.String(InfoPopup.Delay),, $LOCALIZE[31090]][/COLOR]</label2>
					<onclick>$VAR[InfoPopupDelayOnClickVar]</onclick>
					<visible>[String.IsEqual(Window(Home).Property(actualViewtype),FullscreenWall) + Skin.HasSetting(Enable.FullscreenWallInfoPopup)] | [String.IsEqual(Window(Home).Property(actualViewtype),RightList) + Skin.HasSetting(Enable.RightlistInfoPopup) + Skin.HasSetting(inforightlist)] | [String.IsEqual(Window(Home).Property(actualViewtype),Icons) + Skin.HasSetting(Enable.IconsInfoPopup)] | [String.IsEqual(Window(Home).Property(actualViewtype),SmallIcons) + Skin.HasSetting(Enable.SmallIconsInfoPopup)] | [String.IsEqual(Window(Home).Property(actualViewtype),BannerWall) + Skin.HasSetting(Disable.BannerWallInfo) + Skin.HasSetting(Enable.BannerWallInfoPopup)] + !Window.IsActive(music)</visible>
				</control>
				<control type="button" id="1505">
					<description>Enable HD/SD/3D Indicators</description>
					<include>ButtonCommonValues</include>
					<label>$LOCALIZE[31607]</label>
					<label2>[COLOR $VAR[ThemeLabelColor]]$VAR[DisableHDIndicatorsLabelVar][/COLOR]</label2>
					<onclick condition="String.IsEqual(Window(Home).Property(actualViewtype),FanartList) + Container.Content(episodes)">Skin.ToggleSetting(noindicatorfanartlistepisodes)</onclick>
					<onclick condition="String.IsEqual(Window(Home).Property(actualViewtype),FanartList) + Container.Content(movies)">Skin.ToggleSetting(noindicatorfanartlistmovies)</onclick>
					<onclick condition="String.IsEqual(Window(Home).Property(actualViewtype),Landscape)">Skin.ToggleSetting(noindicatorlandscape)</onclick>
					<onclick condition="String.IsEqual(Window(Home).Property(actualViewtype),ShowCase)">Skin.ToggleSetting(noindicatorshowcase)</onclick>
					<onclick condition="String.IsEqual(Window(Home).Property(actualViewtype),Gallery) + Container.Content(movies)">Skin.ToggleSetting(noindicatorgallerymovies)</onclick>
					<onclick condition="String.IsEqual(Window(Home).Property(actualViewtype),BigList) + Container.Content(movies)">Skin.ToggleSetting(noindicatorbiglist)</onclick>
					<onclick condition="String.IsEqual(Window(Home).Property(actualViewtype),BigList) + Container.Content(episodes)">Skin.ToggleSetting(noindicatorbiglistepisode)</onclick>
					<visible>[String.IsEqual(Window(Home).Property(actualViewtype),FanartList) | String.IsEqual(Window(Home).Property(actualViewtype),BigList) + [Container.Content(movies) | Container.Content(episodes)]] | [String.IsEqual(Window(Home).Property(actualViewtype),Gallery) + Container.Content(movies)] | [[Container.Content(movies) | Container.Content(episodes)] + [String.IsEqual(Window(Home).Property(actualViewtype),Landscape) + !Skin.HasSetting(Enable.Landscape.Logo)] | [String.IsEqual(Window(Home).Property(actualViewtype),ShowCase) + !Skin.HasSetting(Enable.ShowCase.Logo) + Skin.HasSetting(Enable.ShowCase.FloorInfo.movies)]]</visible>
					<visible>!Container.Content(tvshows) + !Container.Content(seasons) + !Container.Content(genres) + !Container.Content(sets)</visible>
				</control>
			</control>
		</control>
	</controls>
</window>