<?xml version="1.0" encoding="UTF-8"?>
<window>
	<defaultcontrol always="true">9000</defaultcontrol>
	<controls>
		<control type="panel" id="50">
			<include>HiddenList</include>
		</control>
		<control type="group">
			<include>WindowASViewAnimation</include>
			<top>59</top>
			<control type="group">
				<include>SystemLeftPanel</include>
				<control type="image">
					<left>82</left>
					<top>32</top>
					<width>356</width>
					<height>356</height>
					<aspectratio>keep</aspectratio>
					<texture>$INFO[ListItem.Icon]</texture>
					<bordertexture border="1,1,2,1">thumbs/panel_border.png</bordertexture>
					<bordersize>1,1,2,1</bordersize>
				</control>
				<control type="grouplist" id="9000">
					<left>82</left>
					<top>402</top>
					<width>356</width>
					<height>585</height>
					<onleft>60</onleft>
					<onright>60</onright>
					<onup>9000</onup>
					<ondown>9000</ondown>
					<animation effect="slide" end="0,146.24" condition="Window.IsActive(1112)">Conditional</animation>
					<control type="button" id="9">
						<description>Configure Addon</description>
						<width>356</width>
						<height>73.12</height>
						<label>24020</label>
						<font>font15</font>
						<visible>!Window.IsActive(1112)</visible>
					</control>
					<control type="button" id="8">
						<description>Update Addon button</description>
						<width>356</width>
						<height>73.12</height>
						<label>24069</label>
						<font>font15</font>
						<visible>!Window.IsActive(1112)</visible>
					</control>
					<control type="button" id="201">
						<description>Addon news button</description>
						<width>356</width>
						<height>73.12</height>
						<label>24054</label>
						<font>font15</font>
						<onclick>SetProperty(AddonNews,True,Home)</onclick>
						<onclick>SetProperty(TextViewerHeader,$ESCINFO[ListItem.Label,[B],[/B]],Home)</onclick>
						<onclick>SetProperty(TextViewerSubHeader,$ESCINFO[ListItem.AddonVersion,[I]v,[/I]],Home)</onclick>
						<onclick>SetProperty(TextViewerContent,$ESCINFO[ListItem.AddonNews],Home)</onclick>
						<onclick>ActivateWindow(1112)</onclick>
						<enable>!String.IsEmpty(ListItem.AddonNews)</enable>
						<animation effect="fade" start="100" end="40" time="300" tween="sine" easing="inout" condition="Window.IsActive(1112)">Conditional</animation>
					</control>
					<control type="button" id="200">
						<description>Screenshot button</description>
						<width>356</width>
						<height>73.12</height>
						<label>$LOCALIZE[1000]</label>
						<font>font15</font>
						<onclick>SetFocus(50)</onclick>
						<onclick>Action(select)</onclick>
						<onclick>SetFocus(9000)</onclick>
						<enable>Integer.IsGreater(Container(50).NumItems,0)</enable>
						<visible>!Window.IsActive(1112)</visible>
					</control>
					<control type="button" id="12">
						<description>Launch Addon button</description>
						<width>356</width>
						<height>73.12</height>
						<label>518</label>
						<font>font15</font>
						<visible>!Window.IsActive(1112)</visible>
					</control>
					<control type="button" id="6">
						<description>Install/UnInstall Addon button</description>
						<width>356</width>
						<height>73.12</height>
						<label>24022</label>
						<font>font15</font>
						<visible>!Window.IsActive(1112)</visible>
					</control>
					<control type="button" id="7">
						<description>Enable/Disable Addon button</description>
						<width>356</width>
						<height>73.12</height>
						<label>24021</label>
						<font>font15</font>
						<visible>!Window.IsActive(1112)</visible>
					</control>
					<control type="radiobutton" id="13">
						<description>Auto Update Addon button</description>
						<width>356</width>
						<height>73.12</height>
						<label>21340</label>
						<font>font15</font>
						<visible>!Window.IsActive(1112)</visible>
					</control>
				</control>
			</control>
			<control type="group">
				<include>SystemRightPanel</include>
				<control type="group">
					<left>490</left>
					<visible>!Window.IsActive(TextViewer) + !Window.IsActive(1112)</visible>
					<include>SettingsFadeAnimation</include>
					<control type="grouplist">
						<left>32</left>
						<top>32</top>
						<width>658</width>
						<itemgap>10</itemgap>
						<control type="button">
							<label>[COLOR $VAR[ThemeLabelColor]]$LOCALIZE[21863]: [/COLOR][CR]$INFO[ListItem.AddonCreator]</label>
							<include>SettingsPanelButtonsValues</include>
						</control>
						<control type="button">
							<label>[COLOR $VAR[ThemeLabelColor]]$LOCALIZE[24051] [/COLOR][CR]$INFO[ListItem.AddonVersion]</label>
							<include>SettingsPanelButtonsValues</include>
						</control>
						<control type="button">
							<label>[COLOR $VAR[ThemeLabelColor]]$LOCALIZE[12013]: [/COLOR][CR]$INFO[ListItem.AddonInstallDate]</label>
							<include>SettingsPanelButtonsValues</include>
						</control>
					</control>
					<control type="grouplist">
						<left>690</left>
						<top>32</top>
						<itemgap>10</itemgap>
						<width>658</width>
						<usecontrolcoords>true</usecontrolcoords>
						<control type="button">
							<label>[COLOR $VAR[ThemeLabelColor]]$LOCALIZE[146] [/COLOR][CR]$INFO[ListItem.AddonType]</label>
							<include>SettingsPanelButtonsValues</include>
						</control>
						<control type="button">
							<label>[COLOR $VAR[ThemeLabelColor]]$LOCALIZE[560]: [/COLOR][CR]$INFO[ListItem.Property(Addon.ID)]</label>
							<include>SettingsPanelButtonsValues</include>
						</control>
						<control type="button">
							<label>[COLOR $VAR[ThemeLabelColor]]$LOCALIZE[22031]: [/COLOR][CR]$INFO[ListItem.AddonSize]</label>
							<include>SettingsPanelButtonsValues</include>
							<visible>!String.IsEmpty(ListItem.AddonSize)</visible>
						</control>
					</control>
					<control type="grouplist">
						<left>47</left>
						<top>345</top>
						<usecontrolcoords>true</usecontrolcoords>
						<control type="textbox" id="400">
							<width>1256</width>
							<height>460</height>
							<textcolor>grey2</textcolor>
							<label>[COLOR $VAR[ThemeLabelColor]]$LOCALIZE[21821]: [/COLOR][CR]$INFO[ListItem.AddonDescription]</label>
							<autoscroll time="3000" delay="4000" repeat="5000">true</autoscroll>
						</control>
					</control>
				</control>
			</control>
			<control type="image">
				<left>521</left>
				<top>838</top>
				<width>1318</width>
				<height>3</height>
				<texture colordiffuse="$VAR[ThemeLabelColor]">new_pvr/osd_line_white.png</texture>
				<visible>![Window.isVisible(AddonSettings) + Window.IsActive(TextViewer) + Window.IsActive(1112)]</visible>
				<visible>!String.IsEmpty(ListItem.AddonBroken) | !String.IsEmpty(ListItem.AddonDisclaimer)</visible>
			</control>
			<control type="group">
				<left>538</left>
				<top>855</top>
				<visible>String.IsEmpty(ListItem.AddonBroken) + !Window.IsActive(1112)</visible>
				<include>SettingsFadeAnimation</include>
				<control type="textbox">
					<width>1296</width>
					<height>130</height>
					<font>font16bold_textbox</font>
					<textcolor>grey2</textcolor>
					<label>$INFO[ListItem.AddonDisclaimer]</label>
					<visible>!String.IsEmpty(ListItem.AddonDisclaimer)</visible>
					<autoscroll time="3000" delay="4000" repeat="5000">true</autoscroll>
				</control>
			</control>
			<control type="group">
				<left>522</left>
				<top>855</top>
				<include>SettingsFadeAnimation</include>
				<visible>!Window.isVisible(AddonSettings) + !Window.IsActive(TextViewer) + !Window.IsActive(1112)</visible>
				<visible>!String.IsEmpty(ListItem.AddonBroken)</visible>
				<control type="image">
					<width>120</width>
					<height>120</height>
					<aspectratio align="left">keep</aspectratio>
					<bordertexture border="1,1,2,1">thumbs/panel_border3.png</bordertexture>
					<bordersize>1,1,2,1</bordersize>
					<texture>DefaultIconError.png</texture>
					<animation effect="fade" start="100" end="40" time="1500" pulse="true" condition="true">Conditional</animation>
				</control>
				<control type="fadelabel">
					<left>120</left>
					<top>10</top>
					<width>1181</width>
					<height>115</height>
					<aligny>top</aligny>
					<textcolor>$VAR[ThemeLabelColor]</textcolor>
					<textoffsetx>15</textoffsetx>
					<font>font15_title</font>
					<label>24096</label>
				</control>
				<control type="fadelabel">
					<left>120</left>
					<top>55</top>
					<width>1181</width>
					<height>50</height>
					<textcolor>grey2</textcolor>
					<textoffsetx>15</textoffsetx>
					<font>font15</font>
					<label>$INFO[ListItem.AddonBroken]</label>
				</control>
			</control>
		</control>
	</controls>
</window>