<?xml version="1.0" encoding="UTF-8"?>
<window>
	<defaultcontrol always="true">29</defaultcontrol>
	<coordinates>
		<system>1</system>
		<left>9</left>
		<top>210</top>
	</coordinates>
	<include>DialogOpenCloseAnimation</include>
	<controls>
		<control type="group">
			<control type="image">
				<width>1902</width>
				<height>660</height>
				<texture border="40">dialogs/default/bg.png</texture>
			</control>
			<control type="image">
				<left>30</left>
				<top>86</top>
				<width>497</width>
				<height>542</height>
				<texture border="5">dialogs/default/inner.png</texture>
			</control>
			<control type="image">
				<left>541</left>
				<top>86</top>
				<width>497</width>
				<height>542</height>
				<texture border="5">dialogs/default/inner.png</texture>
			</control>
			<control type="image">
				<left>1052</left>
				<top>86</top>
				<width>497</width>
				<height>542</height>
				<texture border="5">dialogs/default/inner.png</texture>
			</control>
			<control type="group">
				<control type="group">
					<description>Group list</description>
					<control type="label">
						<description>name label</description>
						<left>31</left>
						<top>32</top>
						<width>1519</width>
						<height>40</height>
						<font>font15</font>
						<textcolor>dialogheader</textcolor>
						<textoffsetx>15</textoffsetx>
						<label>31506</label>
					</control>
					<control type="list" id="13">
						<left>31</left>
						<top>88</top>
						<width>495</width>
						<height>540</height>
						<onup>13</onup>
						<ondown>13</ondown>
						<onleft>29</onleft>
						<onright>73</onright>
						<pagecontrol>73</pagecontrol>
						<scrolltime tween="quadratic" easing="out">200</scrolltime>
						<orientation>vertical</orientation>
						<itemlayout height="60">
							<control type="label">
								<width>495</width>
								<height>60</height>
								<font>font14</font>
								<textoffsetx>15</textoffsetx>
								<textcolor>grey2</textcolor>
								<info>ListItem.Label</info>
							</control>
						</itemlayout>
						<focusedlayout height="60">
							<control type="image">
								<width>495</width>
								<height>60</height>
								<texture colordiffuse="$VAR[HighlightBarColor]" border="4">listselect_fo.png</texture>
								<visible>Control.HasFocus(13)</visible>
								<include>VisibleFadeAnimation</include>
							</control>
							<control type="label">
								<width>495</width>
								<height>60</height>
								<font>font14</font>
								<textoffsetx>15</textoffsetx>
								<info>ListItem.Label</info>
								<animation effect="fade" start="100" end="70" time="300" tween="sine" easing="inout" condition="!Control.HasFocus(13)">Conditional</animation>
							</control>
						</focusedlayout>
					</control>
					<control type="scrollbar" id="73">
						<left>525</left>
						<top>88</top>
						<width>8</width>
						<height>540</height>
						<texturesliderbackground />
						<texturesliderbar colordiffuse="55ffffff" border="1">scrollbar/texturesliderbar2.png</texturesliderbar>
						<texturesliderbarfocus border="1">scrollbar/texturesliderbar2.png</texturesliderbarfocus>
						<onleft>13</onleft>
						<onright>11</onright>
						<ondown>73</ondown>
						<onup>73</onup>
						<showonepage>false</showonepage>
						<orientation>vertical</orientation>
					</control>
				</control>
				<control type="group">
					<description>Channels list</description>
					<control type="label" id="21">
						<description>name label</description>
						<left>31</left>
						<top>32</top>
						<width>1519</width>
						<height>40</height>
						<font>font15</font>
						<align>center</align>
						<textcolor>dialogheader</textcolor>
						<textoffsetx>15</textoffsetx>
						<label>31506</label>
					</control>
					<control type="list" id="11">
						<left>542</left>
						<top>88</top>
						<width>495</width>
						<height>540</height>
						<onup>11</onup>
						<ondown>11</ondown>
						<onleft>73</onleft>
						<onright>71</onright>
						<pagecontrol>71</pagecontrol>
						<scrolltime>200</scrolltime>
						<itemlayout height="60">
							<control type="label">
								<width>495</width>
								<height>60</height>
								<font>font14</font>
								<textoffsetx>15</textoffsetx>
								<textcolor>grey2</textcolor>
								<info>ListItem.Label</info>
							</control>
						</itemlayout>
						<focusedlayout height="60">
							<control type="image">
								<width>495</width>
								<height>60</height>
								<texture colordiffuse="$VAR[HighlightBarColor]" border="4">listselect_fo.png</texture>
								<visible>Control.HasFocus(11)</visible>
								<include>VisibleFadeAnimation</include>
							</control>
							<control type="label">
								<width>495</width>
								<height>60</height>
								<font>font14</font>
								<textoffsetx>15</textoffsetx>
								<info>ListItem.Label</info>
								<animation effect="fade" start="100" end="70" time="300" tween="sine" easing="inout" condition="!Control.HasFocus(11)">Conditional</animation>
							</control>
						</focusedlayout>
					</control>
					<control type="scrollbar" id="71">
						<left>1036</left>
						<top>88</top>
						<width>8</width>
						<height>540</height>
						<texturesliderbackground />
						<texturesliderbar colordiffuse="55ffffff" border="1">scrollbar/texturesliderbar2.png</texturesliderbar>
						<texturesliderbarfocus border="1">scrollbar/texturesliderbar2.png</texturesliderbarfocus>
						<onleft>11</onleft>
						<onright>12</onright>
						<ondown>71</ondown>
						<onup>71</onup>
						<showonepage>false</showonepage>
						<orientation>vertical</orientation>
					</control>
				</control>
				<control type="group">
					<description>Grouped Channels list</description>
					<control type="label" id="22">
						<description>name label</description>
						<left>1550</left>
						<top>32</top>
						<width>1519</width>
						<height>40</height>
						<font>font15</font>
						<textcolor>dialogheader</textcolor>
						<align>right</align>
						<textoffsetx>15</textoffsetx>
						<label>31506</label>
					</control>
					<control type="list" id="12">
						<left>1053</left>
						<top>88</top>
						<width>495</width>
						<height>540</height>
						<onup>12</onup>
						<ondown>12</ondown>
						<onleft>71</onleft>
						<onright>72</onright>
						<pagecontrol>72</pagecontrol>
						<scrolltime>200</scrolltime>
						<itemlayout height="60">
							<control type="label">
								<width>495</width>
								<height>60</height>
								<font>font14</font>
								<textoffsetx>15</textoffsetx>
								<textcolor>grey2</textcolor>
								<info>ListItem.Label</info>
							</control>
						</itemlayout>
						<focusedlayout height="60">
							<control type="image">
								<width>495</width>
								<height>60</height>
								<texture colordiffuse="$VAR[HighlightBarColor]" border="4">listselect_fo.png</texture>
								<visible>Control.HasFocus(12)</visible>
								<include>VisibleFadeAnimation</include>
							</control>
							<control type="label">
								<width>495</width>
								<height>60</height>
								<font>font14</font>
								<textoffsetx>15</textoffsetx>
								<info>ListItem.Label</info>
								<animation effect="fade" start="100" end="70" time="300" tween="sine" easing="inout" condition="!Control.HasFocus(12)">Conditional</animation>
							</control>
						</focusedlayout>
					</control>
					<control type="scrollbar" id="72">
						<left>1547</left>
						<top>88</top>
						<width>8</width>
						<height>540</height>
						<texturesliderbackground />
						<texturesliderbar colordiffuse="55ffffff" border="1">scrollbar/texturesliderbar2.png</texturesliderbar>
						<texturesliderbarfocus border="1">scrollbar/texturesliderbar2.png</texturesliderbarfocus>
						<onleft>12</onleft>
						<onright>26</onright>
						<ondown>72</ondown>
						<onup>72</onup>
						<showonepage>false</showonepage>
						<orientation>vertical</orientation>
					</control>
				</control>
			</control>
			<!-- right group -->
			<control type="group">
				<left>1562</left>
				<top>88</top>
				<control type="image">
					<left>-1</left>
					<top>-2</top>
					<width>312</width>
					<height>542</height>
					<texture border="5">dialogs/default/inner.png</texture>
				</control>
				<control type="grouplist" id="9000">
					<onleft>72</onleft>
					<onright>13</onright>
					<onup>9000</onup>
					<ondown>9000</ondown>
					<control type="button" id="29">
						<description>OK</description>
						<width>310</width>
						<label>186</label>
					</control>
					<control type="togglebutton" id="34">
						<description>TV/Radio toggle</description>
						<width>310</width>
						<label>$LOCALIZE[31459]</label>
						<altlabel>$LOCALIZE[19173]</altlabel>
						<usealttexture>!String.IsEmpty(Window.Property(IsRadio))</usealttexture>
					</control>
					<control type="button" id="26">
						<description>Add Group</description>
						<width>310</width>
						<label>31503</label>
					</control>
					<control type="button" id="27">
						<description>Rename Group</description>
						<width>310</width>
						<label>31504</label>
					</control>
					<control type="radiobutton" id="25">
						<description>Hide Group</description>
						<width>310</width>
						<label>$LOCALIZE[19289]</label>
					</control>
					<control type="button" id="28">
						<description>Delete Group</description>
						<width>310</width>
						<label>31505</label>
					</control>
				</control>
			</control>
		</control>
	</controls>
</window>