<?xml version="1.0" encoding="UTF-8"?>
<window>
	<defaultcontrol always="true">9000</defaultcontrol>
	<onload>SetProperty(Window.HasSettings,True,Home)</onload>
	<onload>ClearProperty(MediaMenu,Home)</onload>
	<onunload>ClearProperty(MediaMenu,Home)</onunload>
	<onunload>ClearProperty(Window.HasSettings,Home)</onunload>
	<menucontrol>9051</menucontrol>
	<controls>
		<include>CommonBackground</include>
		<control type="group">
			<top>59</top>
			<include>WindowOpenCloseAnimation</include>
			<include>SystemLeftPanel</include>
			<control type="panel" id="9000">
				<left>82</left>
				<top>32</top>
				<width>356</width>
				<height>810</height>
				<onleft>61</onleft>
				<onright condition="Container(9000).HasFocus(1)">300</onright>
				<onright condition="Container(9000).HasFocus(5)">304</onright>
				<onup>9000</onup>
				<ondown>9000</ondown>
				<pagecontrol>61</pagecontrol>
				<scrolltime tween="quadratic">300</scrolltime>
				<itemlayout height="90" width="356">
					<control type="label">
						<width>356</width>
						<height>90</height>
						<font>font15</font>
						<textoffsetx>20</textoffsetx>
						<textcolor>grey</textcolor>
						<align>right</align>
						<label>$INFO[ListItem.Label]</label>
					</control>
				</itemlayout>
				<focusedlayout height="90" width="356">
					<control type="image">
						<width>356</width>
						<height>90</height>
						<texture colordiffuse="$VAR[HighlightBarColor]" border="4">listselect_fo.png</texture>
						<visible>Control.HasFocus(9000)</visible>
						<include>VisibleFadeAnimation</include>
					</control>
					<control type="label">
						<width>356</width>
						<height>90</height>
						<font>font15</font>
						<textoffsetx>20</textoffsetx>
						<align>right</align>
						<label>$INFO[ListItem.Label]</label>
						<animation effect="fade" start="100" end="70" time="300" tween="sine" easing="inout" condition="!Control.HasFocus(9000)">Conditional</animation>
					</control>
				</focusedlayout>
				<content>
					<item id="1">
						<label>31300</label>
						<icon />
					</item>
					<item id="2">
						<label>31904</label>
						<icon />
						<visible>!String.IsEmpty(Window.Property(Daily.IsFetched))</visible>
					</item>
					<item id="3">
						<label>31901</label>
						<icon />
						<visible>!String.IsEmpty(Window.Property(36Hour.IsFetched))</visible>
					</item>
					<item id="4">
						<label>31903</label>
						<icon />
						<visible>!String.IsEmpty(Window.Property(Weekend.IsFetched))</visible>
					</item>
					<item id="5">
						<label>31902</label>
						<icon />
						<visible>!String.IsEmpty(Window.Property(Hourly.IsFetched))</visible>
					</item>
					<item id="6">
						<label fallback="1448">$INFO[Window.Property(Map.1.Heading)]</label>
						<icon />
						<visible>!String.IsEmpty(Window.Property(Map.1.Area)) + !String.IsEmpty(Window.Property(Map.IsFetched))</visible>
					</item>
					<item id="7">
						<label fallback="387">$INFO[Window.Property(Map.2.Heading)]</label>
						<icon />
						<visible>!String.IsEmpty(Window.Property(Map.2.Area)) + !String.IsEmpty(Window.Property(Map.IsFetched))</visible>
					</item>
					<item id="8">
						<label fallback="1375">$INFO[Window.Property(Map.3.Heading)]</label>
						<icon />
						<visible>!String.IsEmpty(Window.Property(Map.3.Area)) + !String.IsEmpty(Window.Property(Map.IsFetched))</visible>
					</item>
					<item id="9">
						<label fallback="404">$INFO[Window.Property(Map.4.Heading)]</label>
						<icon />
						<visible>!String.IsEmpty(Window.Property(Map.4.Area)) + !String.IsEmpty(Window.Property(Map.IsFetched))</visible>
					</item>
					<item id="10">
						<label fallback="1376">$INFO[Window.Property(Map.5.Heading)]</label>
						<icon />
						<visible>!String.IsEmpty(Window.Property(Map.5.Area)) + !String.IsEmpty(Window.Property(Map.IsFetched))</visible>
					</item>
				</content>
			</control>
			<control type="scrollbar" id="61">
				<left>65</left>
				<top>32</top>
				<width>14</width>
				<height>720</height>
				<onleft>SetProperty(MediaMenu,True,Home)</onleft>
				<onleft>SetFocus(9050)</onleft>
				<onright>9000</onright>
				<ondown>61</ondown>
				<onup>61</onup>
				<showonepage>false</showonepage>
				<texturesliderbackground />
				<texturesliderbar colordiffuse="55ffffff" border="1">scrollbar/texturesliderbar2.png</texturesliderbar>
				<texturesliderbarfocus border="1">scrollbar/texturesliderbar2.png</texturesliderbarfocus>
			</control>
			<control type="image">
				<left>60</left>
				<top>875</top>
				<width>400</width>
				<height>130</height>
				<texture>aeon-nox-logo.png</texture>
			</control>
			<include>SystemRightPanel</include>
			<control type="group" id="9001">
				<control type="group">
					<visible>Container(9000).HasFocus(1)</visible>
					<include>SettingsFadeAnimation</include>
					<left>522</left>
					<width>1316</width>
					<height>840</height>
					<control type="image">
						<left>20</left>
						<top>32</top>
						<width>540</width>
						<height>135</height>
						<aspectratio align="center" aligny="center">keep</aspectratio>
						<texture>$INFO[Window.Property(WeatherProviderLogo)]</texture>
					</control>
					<control type="multiimage">
						<description>current weather icon</description>
						<left>971</left>
						<width>320</width>
						<height>320</height>
						<imagepath>$VAR[WeatherIconsPathVar]$INFO[Window.Property(Current.FanartCode)]$VAR[WeatherIconsExtVar]</imagepath>
						<timeperimage>70</timeperimage>
						<fadetime>1</fadetime>
						<randomize>false</randomize>
						<aspectratio>keep</aspectratio>
					</control>
					<control type="label">
						<description>weather location label</description>
						<top>180</top>
						<width>690</width>
						<height>45</height>
						<font>font15_title</font>
						<textoffsetx>15</textoffsetx>
						<textcolor>grey</textcolor>
						<label>$INFO[Window.Property(Location)]</label>
					</control>
					<control type="label">
						<description>update label</description>
						<top>220</top>
						<width>690</width>
						<height>45</height>
						<font>font13_title</font>
						<textoffsetx>15</textoffsetx>
						<textcolor>grey3</textcolor>
						<label>$INFO[Window.Property(Updated),$LOCALIZE[31301]: ]</label>
					</control>
					<control type="label">
						<description>current temp Value</description>
						<left>580</left>
						<width>270</width>
						<height>345</height>
						<font>WeatherTemp</font>
						<align>right</align>
						<label>$INFO[Window.Property(Current.Temperature)]</label>
						<textcolor>grey</textcolor>
					</control>
					<control type="label">
						<description>current temp Value Units</description>
						<left>850</left>
						<width>150</width>
						<height>290</height>
						<font>font16</font>
						<label>$INFO[System.TemperatureUnits]</label>
						<textcolor>grey</textcolor>
					</control>
					<control type="label">
						<description>current condition label</description>
						<top>280</top>
						<width>1316</width>
						<height>45</height>
						<info>Window.Property(Current.Condition)</info>
						<wrapmultiline>true</wrapmultiline>
						<font>font15</font>
						<textoffsetx>15</textoffsetx>
						<textcolor>grey</textcolor>
					</control>
					<control type="grouplist">
						<top>350</top>
						<width>438</width>
						<itemgap>10</itemgap>
						<control type="button">
							<label>[COLOR $VAR[ThemeLabelColor]]$LOCALIZE[402]: [/COLOR]$INFO[Window.Property(Current.FeelsLike)]$INFO[System.TemperatureUnits]</label>
							<textoffsety>10</textoffsety>
							<include>SettingsPanelButtonsValues</include>
						</control>
						<control type="button">
							<label>[COLOR $VAR[ThemeLabelColor]]$LOCALIZE[405]: [/COLOR]$INFO[Window.Property(Current.DewPoint)]$INFO[System.TemperatureUnits]</label>
							<textoffsety>10</textoffsety>
							<include>SettingsPanelButtonsValues</include>
						</control>
					</control>
					<control type="grouplist">
						<left>438</left>
						<top>350</top>
						<width>438</width>
						<itemgap>10</itemgap>
						<control type="button">
							<label>[COLOR $VAR[ThemeLabelColor]]$LOCALIZE[406]: [/COLOR]$INFO[Window.Property(Current.Humidity)]</label>
							<textoffsety>10</textoffsety>
							<include>SettingsPanelButtonsValues</include>
						</control>
						<control type="button">
							<label>[COLOR $VAR[ThemeLabelColor]]$LOCALIZE[403]: [/COLOR]$INFO[Window.Property(Current.UVIndex)]</label>
							<textoffsety>10</textoffsety>
							<include>SettingsPanelButtonsValues</include>
						</control>
					</control>
					<control type="grouplist">
						<left>876</left>
						<top>323</top>
						<width>438</width>
						<itemgap>10</itemgap>
						<control type="button">
							<label>[COLOR $VAR[ThemeLabelColor]]$LOCALIZE[404]:[/COLOR][CR]$INFO[Window.Property(Current.Wind)]</label>
							<include>SettingsPanelButtonsValues</include>
						</control>
						<control type="group">
							<control type="button">
								<label>[COLOR $VAR[ThemeLabelColor]]$LOCALIZE[33027]:[/COLOR][CR]$INFO[Window.Property(Today.Sunrise)]</label>
								<include>SettingsPanelButtonsValues</include>
							</control>
							<control type="button">
								<left>219</left>
								<label>[COLOR $VAR[ThemeLabelColor]]$LOCALIZE[33028]:[/COLOR][CR]$INFO[Window.Property(Today.Sunset)]</label>
								<texturenofocus />
								<include>SettingsPanelButtonsValues</include>
							</control>
						</control>
					</control>
					<control type="panel" id="300">
						<top>540</top>
						<width>1316</width>
						<height>330</height>
						<onup>9000</onup>
						<ondown>9000</ondown>
						<orientation>horizontal</orientation>
						<scrolltime tween="quadratic" easing="out">200</scrolltime>
						<itemlayout height="300" width="329">
							<control type="multiimage">
								<description>current weather icon</description>
								<top>60</top>
								<width>329</width>
								<height>100</height>
								<imagepath>$INFO[ListItem.Icon]</imagepath>
								<timeperimage>70</timeperimage>
								<fadetime>1</fadetime>
								<randomize>false</randomize>
								<aspectratio aligny="top">keep</aspectratio>
							</control>
							<control type="label">
								<width>329</width>
								<height>60</height>
								<font>font15</font>
								<align>center</align>
								<textcolor>grey</textcolor>
								<label>$INFO[ListItem.Label]</label>
								<textoffsetx>15</textoffsetx>
							</control>
							<control type="label">
								<top>160</top>
								<width>329</width>
								<height>60</height>
								<font>font15</font>
								<align>center</align>
								<textcolor>grey</textcolor>
								<label>$INFO[ListItem.Label2]</label>
								<textoffsetx>15</textoffsetx>
							</control>
							<control type="label">
								<top>240</top>
								<width>329</width>
								<height>60</height>
								<font>font15</font>
								<align>center</align>
								<textcolor>grey</textcolor>
								<label>$INFO[ListItem.Property(HighTemp),[COLOR red],[/COLOR]]$INFO[ListItem.Property(LowTemp), | [COLOR blue],[/COLOR]]</label>
								<textoffsetx>15</textoffsetx>
							</control>
						</itemlayout>
						<focusedlayout height="300" width="329">
							<control type="image">
								<width>329</width>
								<height>330</height>
								<texture colordiffuse="$VAR[HighlightBarColor]" border="4">listselect_fo.png</texture>
							</control>
							<control type="multiimage">
								<description>current weather icon</description>
								<top>60</top>
								<width>329</width>
								<height>100</height>
								<imagepath>$INFO[ListItem.Icon]</imagepath>
								<timeperimage>70</timeperimage>
								<fadetime>1</fadetime>
								<randomize>false</randomize>
								<aspectratio aligny="top">keep</aspectratio>
							</control>
							<control type="label">
								<width>329</width>
								<height>60</height>
								<font>font15</font>
								<align>center</align>
								<label>$INFO[ListItem.Label]</label>
								<textoffsetx>15</textoffsetx>
							</control>
							<control type="label">
								<top>160</top>
								<width>329</width>
								<height>60</height>
								<font>font15</font>
								<align>center</align>
								<label>$INFO[ListItem.Label2]</label>
								<textoffsetx>15</textoffsetx>
							</control>
							<control type="label">
								<top>240</top>
								<width>329</width>
								<height>60</height>
								<font>font15</font>
								<align>center</align>
								<label>$INFO[ListItem.Property(HighTemp),[COLOR red],[/COLOR]]$INFO[ListItem.Property(LowTemp), | [COLOR blue],[/COLOR]]</label>
								<textoffsetx>15</textoffsetx>
							</control>
						</focusedlayout>
						<content>
							<item>
								<label>$LOCALIZE[31909]</label>
								<icon />
								<visible>!Weather.IsFetched</visible>
							</item>
							<item>
								<label>$INFO[Window.Property(Day0.Title)]</label>
								<label2>$INFO[Window.Property(Day0.Outlook)]</label2>
								<icon>$VAR[WeatherIconsPathVar]$INFO[Window.Property(Day0.FanartCode)]$VAR[WeatherIconsExtVar]</icon>
								<property name="HighTemp">$INFO[Window.Property(Day0.HighTemp)]$INFO[System.TemperatureUnits]</property>
								<property name="LowTemp">$INFO[Window.Property(Day0.LowTemp)]$INFO[System.TemperatureUnits]</property>
							</item>
							<item>
								<label>$INFO[Window.Property(Day1.Title)]</label>
								<label2>$INFO[Window.Property(Day1.Outlook)]</label2>
								<icon>$VAR[WeatherIconsPathVar]$INFO[Window.Property(Day1.FanartCode)]$VAR[WeatherIconsExtVar]</icon>
								<property name="HighTemp">$INFO[Window.Property(Day1.HighTemp)]$INFO[System.TemperatureUnits]</property>
								<property name="LowTemp">$INFO[Window.Property(Day1.LowTemp)]$INFO[System.TemperatureUnits]</property>
							</item>
							<item>
								<label>$INFO[Window.Property(Day2.Title)]</label>
								<label2>$INFO[Window.Property(Day2.Outlook)]</label2>
								<icon>$VAR[WeatherIconsPathVar]$INFO[Window.Property(Day2.FanartCode)]$VAR[WeatherIconsExtVar]</icon>
								<property name="HighTemp">$INFO[Window.Property(Day2.HighTemp)]$INFO[System.TemperatureUnits]</property>
								<property name="LowTemp">$INFO[Window.Property(Day2.LowTemp)]$INFO[System.TemperatureUnits]</property>
							</item>
							<item>
								<label>$INFO[Window.Property(Day3.Title)]</label>
								<label2>$INFO[Window.Property(Day3.Outlook)]</label2>
								<icon>$VAR[WeatherIconsPathVar]$INFO[Window.Property(Day3.FanartCode)]$VAR[WeatherIconsExtVar]</icon>
								<property name="HighTemp">$INFO[Window.Property(Day3.HighTemp)]$INFO[System.TemperatureUnits]</property>
								<property name="LowTemp">$INFO[Window.Property(Day3.LowTemp)]$INFO[System.TemperatureUnits]</property>
							</item>
							<item>
								<label>$INFO[Window.Property(Day4.Title)]</label>
								<label2>$INFO[Window.Property(Day4.Outlook)]</label2>
								<icon>$VAR[WeatherIconsPathVar]$INFO[Window.Property(Day4.FanartCode)]$VAR[WeatherIconsExtVar]</icon>
								<property name="HighTemp">$INFO[Window.Property(Day4.HighTemp)]$INFO[System.TemperatureUnits]</property>
								<property name="LowTemp">$INFO[Window.Property(Day4.LowTemp)]$INFO[System.TemperatureUnits]</property>
							</item>
							<item>
								<label>$INFO[Window.Property(Day5.Title)]</label>
								<label2>$INFO[Window.Property(Day5.Outlook)]</label2>
								<icon>$VAR[WeatherIconsPathVar]$INFO[Window.Property(Day5.FanartCode)]$VAR[WeatherIconsExtVar]</icon>
								<property name="HighTemp">$INFO[Window.Property(Day5.HighTemp)]$INFO[System.TemperatureUnits]</property>
								<property name="LowTemp">$INFO[Window.Property(Day5.LowTemp)]$INFO[System.TemperatureUnits]</property>
							</item>
							<item>
								<label>$INFO[Window.Property(Day6.Title)]</label>
								<label2>$INFO[Window.Property(Day6.Outlook)]</label2>
								<icon>$VAR[WeatherIconsPathVar]$INFO[Window.Property(Day6.FanartCode)]$VAR[WeatherIconsExtVar]</icon>
								<property name="HighTemp">$INFO[Window.Property(Day6.HighTemp)]$INFO[System.TemperatureUnits]</property>
								<property name="LowTemp">$INFO[Window.Property(Day6.LowTemp)]$INFO[System.TemperatureUnits]</property>
							</item>
						</content>
					</control>
				</control>
				<control type="group">
					<visible>Container(9000).HasFocus(2)</visible>
					<include>SettingsFadeAnimation</include>
					<left>522</left>
					<top>32</top>
					<width>1316</width>
					<height>838</height>
					<control type="panel" id="301">
						<width>1316</width>
						<height>840</height>
						<onup>9000</onup>
						<ondown>9000</ondown>
						<orientation>vertical</orientation>
						<scrolltime tween="quadratic" easing="out">200</scrolltime>
						<itemlayout height="168" width="658">
							<control type="multiimage">
								<description>current weather icon</description>
								<left>15</left>
								<width>168</width>
								<height>168</height>
								<imagepath>$INFO[ListItem.Icon]</imagepath>
								<aspectratio>keep</aspectratio>
								<timeperimage>70</timeperimage>
								<fadetime>1</fadetime>
								<randomize>false</randomize>
							</control>
							<control type="label">
								<left>185</left>
								<width>475</width>
								<height>70</height>
								<font>font15</font>
								<textcolor>$VAR[ThemeLabelColor]</textcolor>
								<label>$INFO[ListItem.Label]</label>
								<textoffsetx>15</textoffsetx>
							</control>
							<control type="label">
								<left>185</left>
								<top>56</top>
								<width>475</width>
								<height>56</height>
								<font>font15</font>
								<textcolor>grey</textcolor>
								<label>$INFO[ListItem.Label2]</label>
								<textoffsetx>15</textoffsetx>
							</control>
							<control type="label">
								<left>183</left>
								<width>475</width>
								<height>70</height>
								<font>font15</font>
								<align>right</align>
								<textcolor>grey</textcolor>
								<label>$INFO[ListItem.Property(HighTemperature),[COLOR red],[/COLOR]]$INFO[ListItem.Property(LowTemperature), | [COLOR blue],[/COLOR]]</label>
								<textoffsetx>15</textoffsetx>
							</control>
							<control type="label">
								<left>185</left>
								<top>98</top>
								<width>475</width>
								<height>70</height>
								<font>font15</font>
								<textcolor>grey</textcolor>
								<label>$INFO[ListItem.Property(WindSpeed),$LOCALIZE[383]: ]</label>
								<textoffsetx>15</textoffsetx>
							</control>
							<control type="label">
								<left>183</left>
								<top>98</top>
								<width>475</width>
								<height>70</height>
								<font>font15</font>
								<textcolor>grey</textcolor>
								<align>right</align>
								<label>$INFO[ListItem.Property(WindDirection)]</label>
								<textoffsetx>15</textoffsetx>
							</control>
						</itemlayout>
						<focusedlayout height="168" width="658">
							<control type="multiimage">
								<description>current weather icon</description>
								<left>15</left>
								<width>168</width>
								<height>168</height>
								<imagepath>$INFO[ListItem.Icon]</imagepath>
								<aspectratio>keep</aspectratio>
								<timeperimage>70</timeperimage>
								<fadetime>1</fadetime>
								<randomize>false</randomize>
							</control>
							<control type="label">
								<left>185</left>
								<width>475</width>
								<height>70</height>
								<font>font15</font>
								<textcolor>$VAR[ThemeLabelColor]</textcolor>
								<label>$INFO[ListItem.Label]</label>
								<textoffsetx>15</textoffsetx>
							</control>
							<control type="label">
								<left>185</left>
								<top>56</top>
								<width>475</width>
								<height>56</height>
								<font>font15</font>
								<textcolor>grey</textcolor>
								<label>$INFO[ListItem.Label2]</label>
								<textoffsetx>15</textoffsetx>
							</control>
							<control type="label">
								<left>183</left>
								<width>475</width>
								<height>70</height>
								<font>font15</font>
								<align>right</align>
								<textcolor>grey</textcolor>
								<label>$INFO[ListItem.Property(HighTemperature),[COLOR red],[/COLOR]]$INFO[ListItem.Property(LowTemperature), | [COLOR blue],[/COLOR]]</label>
								<textoffsetx>15</textoffsetx>
							</control>
							<control type="label">
								<left>185</left>
								<top>98</top>
								<width>475</width>
								<height>70</height>
								<font>font15</font>
								<textcolor>grey</textcolor>
								<label>$INFO[ListItem.Property(WindSpeed),$LOCALIZE[383]: ]</label>
								<textoffsetx>15</textoffsetx>
							</control>
							<control type="label">
								<left>183</left>
								<top>98</top>
								<width>475</width>
								<height>70</height>
								<font>font15</font>
								<textcolor>grey</textcolor>
								<align>right</align>
								<label>$INFO[ListItem.Property(WindDirection)]</label>
								<textoffsetx>15</textoffsetx>
							</control>
						</focusedlayout>
						<content>
							<item>
								<label>$LOCALIZE[31909]</label>
								<icon />
								<visible>String.IsEmpty(Window.Property(Daily.IsFetched))</visible>
							</item>
							<item>
								<label>$INFO[Window.Property(Daily.1.LongDay)] $INFO[Window.Property(Daily.1.ShortDate)]</label>
								<icon>$VAR[WeatherIconsPathVar]$INFO[Window.Property(Daily.1.FanartCode)]$VAR[WeatherIconsExtVar]</icon>
								<property name="HighTemperature">$INFO[Window.Property(Daily.1.HighTemperature)]</property>
								<property name="LowTemperature">$INFO[Window.Property(Daily.1.LowTemperature)]</property>
								<property name="Precipitation">$INFO[Window.Property(Daily.1.Precipitation)]</property>
								<property name="WindSpeed">$INFO[Window.Property(Daily.1.WindSpeed)]</property>
								<property name="WindDirection">$INFO[Window.Property(Daily.1.WindDirection)]</property>
								<label2>$INFO[Window.Property(Daily.1.Outlook)]</label2>
								<visible>!String.IsEmpty(Window.Property(Daily.IsFetched))</visible>
							</item>
							<item>
								<label>$INFO[Window.Property(Daily.2.LongDay)] $INFO[Window.Property(Daily.2.ShortDate)]</label>
								<icon>$VAR[WeatherIconsPathVar]$INFO[Window.Property(Daily.2.FanartCode)]$VAR[WeatherIconsExtVar]</icon>
								<property name="HighTemperature">$INFO[Window.Property(Daily.2.HighTemperature)]</property>
								<property name="LowTemperature">$INFO[Window.Property(Daily.2.LowTemperature)]</property>
								<property name="Precipitation">$INFO[Window.Property(Daily.2.Precipitation)]</property>
								<property name="WindSpeed">$INFO[Window.Property(Daily.2.WindSpeed)]</property>
								<property name="WindDirection">$INFO[Window.Property(Daily.2.WindDirection)]</property>
								<label2>$INFO[Window.Property(Daily.2.Outlook)]</label2>
								<visible>!String.IsEmpty(Window.Property(Daily.IsFetched))</visible>
							</item>
							<item>
								<label>$INFO[Window.Property(Daily.3.LongDay)] $INFO[Window.Property(Daily.3.ShortDate)]</label>
								<icon>$VAR[WeatherIconsPathVar]$INFO[Window.Property(Daily.3.FanartCode)]$VAR[WeatherIconsExtVar]</icon>
								<property name="HighTemperature">$INFO[Window.Property(Daily.3.HighTemperature)]</property>
								<property name="LowTemperature">$INFO[Window.Property(Daily.3.LowTemperature)]</property>
								<property name="Precipitation">$INFO[Window.Property(Daily.3.Precipitation)]</property>
								<property name="WindSpeed">$INFO[Window.Property(Daily.3.WindSpeed)]</property>
								<property name="WindDirection">$INFO[Window.Property(Daily.3.WindDirection)]</property>
								<label2>$INFO[Window.Property(Daily.3.Outlook)]</label2>
								<visible>!String.IsEmpty(Window.Property(Daily.IsFetched))</visible>
							</item>
							<item>
								<label>$INFO[Window.Property(Daily.4.LongDay)] $INFO[Window.Property(Daily.4.ShortDate)]</label>
								<icon>$VAR[WeatherIconsPathVar]$INFO[Window.Property(Daily.4.FanartCode)]$VAR[WeatherIconsExtVar]</icon>
								<property name="HighTemperature">$INFO[Window.Property(Daily.4.HighTemperature)]</property>
								<property name="LowTemperature">$INFO[Window.Property(Daily.4.LowTemperature)]</property>
								<property name="Precipitation">$INFO[Window.Property(Daily.4.Precipitation)]</property>
								<property name="WindSpeed">$INFO[Window.Property(Daily.4.WindSpeed)]</property>
								<property name="WindDirection">$INFO[Window.Property(Daily.4.WindDirection)]</property>
								<label2>$INFO[Window.Property(Daily.4.Outlook)]</label2>
								<visible>!String.IsEmpty(Window.Property(Daily.IsFetched))</visible>
							</item>
							<item>
								<label>$INFO[Window.Property(Daily.5.LongDay)] $INFO[Window.Property(Daily.5.ShortDate)]</label>
								<icon>$VAR[WeatherIconsPathVar]$INFO[Window.Property(Daily.5.FanartCode)]$VAR[WeatherIconsExtVar]</icon>
								<property name="HighTemperature">$INFO[Window.Property(Daily.5.HighTemperature)]</property>
								<property name="LowTemperature">$INFO[Window.Property(Daily.5.LowTemperature)]</property>
								<property name="Precipitation">$INFO[Window.Property(Daily.5.Precipitation)]</property>
								<property name="WindSpeed">$INFO[Window.Property(Daily.5.WindSpeed)]</property>
								<property name="WindDirection">$INFO[Window.Property(Daily.5.WindDirection)]</property>
								<label2>$INFO[Window.Property(Daily.5.Outlook)]</label2>
								<visible>!String.IsEmpty(Window.Property(Daily.IsFetched))</visible>
							</item>
							<item>
								<label>$INFO[Window.Property(Daily.6.LongDay)] $INFO[Window.Property(Daily.6.ShortDate)]</label>
								<icon>$VAR[WeatherIconsPathVar]$INFO[Window.Property(Daily.6.FanartCode)]$VAR[WeatherIconsExtVar]</icon>
								<property name="HighTemperature">$INFO[Window.Property(Daily.6.HighTemperature)]</property>
								<property name="LowTemperature">$INFO[Window.Property(Daily.6.LowTemperature)]</property>
								<property name="Precipitation">$INFO[Window.Property(Daily.6.Precipitation)]</property>
								<property name="WindSpeed">$INFO[Window.Property(Daily.6.WindSpeed)]</property>
								<property name="WindDirection">$INFO[Window.Property(Daily.6.WindDirection)]</property>
								<label2>$INFO[Window.Property(Daily.6.Outlook)]</label2>
								<visible>!String.IsEmpty(Window.Property(Daily.IsFetched))</visible>
							</item>
							<item>
								<label>$INFO[Window.Property(Daily.7.LongDay)] $INFO[Window.Property(Daily.7.ShortDate)]</label>
								<icon>$VAR[WeatherIconsPathVar]$INFO[Window.Property(Daily.7.FanartCode)]$VAR[WeatherIconsExtVar]</icon>
								<property name="HighTemperature">$INFO[Window.Property(Daily.7.HighTemperature)]</property>
								<property name="LowTemperature">$INFO[Window.Property(Daily.7.LowTemperature)]</property>
								<property name="Precipitation">$INFO[Window.Property(Daily.7.Precipitation)]</property>
								<property name="WindSpeed">$INFO[Window.Property(Daily.7.WindSpeed)]</property>
								<property name="WindDirection">$INFO[Window.Property(Daily.7.WindDirection)]</property>
								<label2>$INFO[Window.Property(Daily.7.Outlook)]</label2>
								<visible>!String.IsEmpty(Window.Property(Daily.IsFetched))</visible>
							</item>
							<item>
								<label>$INFO[Window.Property(Daily.8.LongDay)] $INFO[Window.Property(Daily.8.ShortDate)]</label>
								<icon>$VAR[WeatherIconsPathVar]$INFO[Window.Property(Daily.8.FanartCode)]$VAR[WeatherIconsExtVar]</icon>
								<property name="HighTemperature">$INFO[Window.Property(Daily.8.HighTemperature)]</property>
								<property name="LowTemperature">$INFO[Window.Property(Daily.8.LowTemperature)]</property>
								<property name="Precipitation">$INFO[Window.Property(Daily.8.Precipitation)]</property>
								<property name="WindSpeed">$INFO[Window.Property(Daily.8.WindSpeed)]</property>
								<property name="WindDirection">$INFO[Window.Property(Daily.8.WindDirection)]</property>
								<label2>$INFO[Window.Property(Daily.8.Outlook)]</label2>
								<visible>!String.IsEmpty(Window.Property(Daily.IsFetched))</visible>
							</item>
							<item>
								<label>$INFO[Window.Property(Daily.9.LongDay)] $INFO[Window.Property(Daily.9.ShortDate)]</label>
								<icon>$VAR[WeatherIconsPathVar]$INFO[Window.Property(Daily.9.FanartCode)]$VAR[WeatherIconsExtVar]</icon>
								<property name="HighTemperature">$INFO[Window.Property(Daily.9.HighTemperature)]</property>
								<property name="LowTemperature">$INFO[Window.Property(Daily.9.LowTemperature)]</property>
								<property name="Precipitation">$INFO[Window.Property(Daily.9.Precipitation)]</property>
								<property name="WindSpeed">$INFO[Window.Property(Daily.9.WindSpeed)]</property>
								<property name="WindDirection">$INFO[Window.Property(Daily.9.WindDirection)]</property>
								<label2>$INFO[Window.Property(Daily.9.Outlook)]</label2>
								<visible>!String.IsEmpty(Window.Property(Daily.IsFetched))</visible>
							</item>
							<item>
								<label>$INFO[Window.Property(Daily.10.LongDay)] $INFO[Window.Property(Daily.10.ShortDate)]</label>
								<icon>$VAR[WeatherIconsPathVar]$INFO[Window.Property(Daily.10.FanartCode)]$VAR[WeatherIconsExtVar]</icon>
								<property name="HighTemperature">$INFO[Window.Property(Daily.10.HighTemperature)]</property>
								<property name="LowTemperature">$INFO[Window.Property(Daily.10.LowTemperature)]</property>
								<property name="Precipitation">$INFO[Window.Property(Daily.10.Precipitation)]</property>
								<property name="WindSpeed">$INFO[Window.Property(Daily.10.WindSpeed)]</property>
								<property name="WindDirection">$INFO[Window.Property(Daily.10.WindDirection)]</property>
								<label2>$INFO[Window.Property(Daily.10.Outlook)]</label2>
								<visible>!String.IsEmpty(Window.Property(Daily.IsFetched))</visible>
							</item>
						</content>
					</control>
				</control>
				<control type="group">
					<visible>Container(9000).HasFocus(3)</visible>
					<include>SettingsFadeAnimation</include>
					<left>522</left>
					<top>32</top>
					<width>1314</width>
					<height>838</height>
					<control type="panel" id="302">
						<width>1314</width>
						<height>838</height>
						<onup>9000</onup>
						<ondown>9000</ondown>
						<orientation>horizontal</orientation>
						<scrolltime tween="quadratic" easing="out">200</scrolltime>
						<itemlayout height="840" width="438">
							<control type="multiimage">
								<description>current weather icon</description>
								<left>15</left>
								<top>60</top>
								<width>408</width>
								<height>408</height>
								<imagepath>$INFO[ListItem.Icon]</imagepath>
								<aspectratio>keep</aspectratio>
								<timeperimage>70</timeperimage>
								<fadetime>1</fadetime>
								<randomize>false</randomize>
							</control>
							<control type="label">
								<width>438</width>
								<height>60</height>
								<font>font15</font>
								<textcolor>$VAR[ThemeLabelColor]</textcolor>
								<align>center</align>
								<label>$INFO[ListItem.Label]</label>
								<textoffsetx>15</textoffsetx>
							</control>
							<control type="textbox">
								<left>15</left>
								<top>498</top>
								<width>408</width>
								<height>342</height>
								<align>center</align>
								<textcolor>grey</textcolor>
								<label>$INFO[ListItem.Label2][CR]$INFO[ListItem.Property(TemperatureHeading),,: ]$INFO[ListItem.Property(Temperature)][CR]$INFO[ListItem.Property(FeelsLike),$LOCALIZE[402]: ][CR]$INFO[ListItem.Property(Precipitation),$LOCALIZE[1448]: ][CR]$INFO[ListItem.Property(Wind),$LOCALIZE[404]: ][CR]$INFO[ListItem.Property(Humidity),$LOCALIZE[406]: ]</label>
							</control>
						</itemlayout>
						<focusedlayout height="840" width="438">
							<control type="multiimage">
								<description>current weather icon</description>
								<left>15</left>
								<top>60</top>
								<width>408</width>
								<height>408</height>
								<imagepath>$INFO[ListItem.Icon]</imagepath>
								<aspectratio>keep</aspectratio>
								<timeperimage>70</timeperimage>
								<fadetime>1</fadetime>
								<randomize>false</randomize>
							</control>
							<control type="label">
								<width>438</width>
								<height>60</height>
								<font>font15</font>
								<textcolor>$VAR[ThemeLabelColor]</textcolor>
								<align>center</align>
								<label>$INFO[ListItem.Label]</label>
								<textoffsetx>15</textoffsetx>
							</control>
							<control type="textbox">
								<left>15</left>
								<top>498</top>
								<width>408</width>
								<height>342</height>
								<align>center</align>
								<textcolor>grey</textcolor>
								<label>$INFO[ListItem.Label2][CR]$INFO[ListItem.Property(TemperatureHeading),,: ]$INFO[ListItem.Property(Temperature)][CR]$INFO[ListItem.Property(FeelsLike),$LOCALIZE[402]: ][CR]$INFO[ListItem.Property(Precipitation),$LOCALIZE[1448]: ][CR]$INFO[ListItem.Property(Wind),$LOCALIZE[404]: ][CR]$INFO[ListItem.Property(Humidity),$LOCALIZE[406]: ]</label>
							</control>
						</focusedlayout>
						<content>
							<item>
								<label>$LOCALIZE[31909]</label>
								<icon />
								<visible>String.IsEmpty(Window.Property(36Hour.IsFetched))</visible>
							</item>
							<item>
								<label>$INFO[Window.Property(36Hour.1.Heading)]</label>
								<label2>$INFO[Window.Property(36Hour.1.Outlook)]</label2>
								<icon>$VAR[WeatherIconsPathVar]$INFO[Window.Property(36Hour.1.FanartCode)]$VAR[WeatherIconsExtVar]</icon>
								<property name="TemperatureHeading">$INFO[Window.Property(36Hour.1.TemperatureHeading)]</property>
								<property name="Temperature">$INFO[Window.Property(36Hour.1.Temperature)]</property>
								<property name="Precipitation">$INFO[Window.Property(36Hour.1.Precipitation)]</property>
								<property name="FeelsLike">$INFO[Window.Property(36Hour.1.FeelsLike)]</property>
								<property name="Humidity">$INFO[Window.Property(36Hour.1.Humidity)]</property>
								<property name="Wind">$INFO[Window.Property(36Hour.1.WindSpeed)]$INFO[Window.Property(36Hour.1.WindDirection),  ]$INFO[Window.Property(36Hour.1.WindDegree),  ]</property>
								<visible>!String.IsEmpty(Window.Property(36Hour.IsFetched))</visible>
							</item>
							<item>
								<label>$INFO[Window.Property(36Hour.2.Heading)]</label>
								<label2>$INFO[Window.Property(36Hour.2.Outlook)]</label2>
								<icon>$VAR[WeatherIconsPathVar]$INFO[Window.Property(36Hour.2.FanartCode)]$VAR[WeatherIconsExtVar]</icon>
								<property name="TemperatureHeading">$INFO[Window.Property(36Hour.2.TemperatureHeading)]</property>
								<property name="Temperature">$INFO[Window.Property(36Hour.2.Temperature)]</property>
								<property name="Precipitation">$INFO[Window.Property(36Hour.2.Precipitation)]</property>
								<property name="FeelsLike">$INFO[Window.Property(36Hour.2.FeelsLike)]</property>
								<property name="Humidity">$INFO[Window.Property(36Hour.2.Humidity)]</property>
								<property name="Wind">$INFO[Window.Property(36Hour.2.WindSpeed)]$INFO[Window.Property(36Hour.2.WindDirection),  ]$INFO[Window.Property(36Hour.2.WindDegree),  ]</property>
								<visible>!String.IsEmpty(Window.Property(36Hour.IsFetched))</visible>
							</item>
							<item>
								<label>$INFO[Window.Property(36Hour.3.Heading)]</label>
								<label2>$INFO[Window.Property(36Hour.3.Outlook)]</label2>
								<icon>$VAR[WeatherIconsPathVar]$INFO[Window.Property(36Hour.3.FanartCode)]$VAR[WeatherIconsExtVar]</icon>
								<property name="TemperatureHeading">$INFO[Window.Property(36Hour.3.TemperatureHeading)]</property>
								<property name="Temperature">$INFO[Window.Property(36Hour.3.Temperature)]</property>
								<property name="Precipitation">$INFO[Window.Property(36Hour.3.Precipitation)]</property>
								<property name="FeelsLike">$INFO[Window.Property(36Hour.3.FeelsLike)]</property>
								<property name="Humidity">$INFO[Window.Property(36Hour.3.Humidity)]</property>
								<property name="Wind">$INFO[Window.Property(36Hour.3.WindSpeed)]$INFO[Window.Property(36Hour.3.WindDirection),  ]$INFO[Window.Property(36Hour.3.WindDegree),  ]</property>
								<visible>!String.IsEmpty(Window.Property(36Hour.IsFetched))</visible>
							</item>
						</content>
					</control>
				</control>
				<control type="group">
					<visible>Container(9000).HasFocus(4)</visible>
					<include>SettingsFadeAnimation</include>
					<left>522</left>
					<top>32</top>
					<width>1316</width>
					<height>838</height>
					<control type="panel" id="303">
						<width>1316</width>
						<height>838</height>
						<onup>9000</onup>
						<ondown>9000</ondown>
						<orientation>horizontal</orientation>
						<scrolltime tween="quadratic" easing="out">200</scrolltime>
						<itemlayout height="840" width="658">
							<control type="multiimage">
								<description>current weather icon</description>
								<left>125</left>
								<top>60</top>
								<width>408</width>
								<height>408</height>
								<imagepath>$INFO[ListItem.Icon]</imagepath>
								<aspectratio>keep</aspectratio>
								<timeperimage>70</timeperimage>
								<fadetime>1</fadetime>
								<randomize>false</randomize>
							</control>
							<control type="label">
								<width>658</width>
								<height>60</height>
								<font>font15</font>
								<textcolor>$VAR[ThemeLabelColor]</textcolor>
								<align>center</align>
								<label>$INFO[ListItem.Label]</label>
								<textoffsetx>15</textoffsetx>
							</control>
							<control type="label">
								<top>528</top>
								<width>658</width>
								<height>60</height>
								<font>font15</font>
								<align>center</align>
								<textcolor>grey</textcolor>
								<label>$INFO[ListItem.Label2]</label>
								<textoffsetx>15</textoffsetx>
							</control>
							<control type="label">
								<top>468</top>
								<width>658</width>
								<height>60</height>
								<font>font15</font>
								<align>center</align>
								<textcolor>grey</textcolor>
								<label>$INFO[ListItem.Property(HighTemperature),[COLOR red],[/COLOR]]$INFO[ListItem.Property(LowTemperature), | [COLOR blue],[/COLOR]]</label>
								<textoffsetx>15</textoffsetx>
							</control>
							<control type="label">
								<top>588</top>
								<width>658</width>
								<height>60</height>
								<font>font15</font>
								<align>center</align>
								<textcolor>grey</textcolor>
								<label>$INFO[ListItem.Property(WindSpeed),$LOCALIZE[383]: ]$INFO[ListItem.Property(WindDirection),  ]</label>
								<textoffsetx>15</textoffsetx>
							</control>
							<control type="label">
								<top>648</top>
								<width>658</width>
								<height>60</height>
								<font>font15</font>
								<align>center</align>
								<textcolor>grey</textcolor>
								<label>$INFO[ListItem.Property(Humidity),$LOCALIZE[406]: ]</label>
								<textoffsetx>15</textoffsetx>
							</control>
							<control type="label">
								<top>708</top>
								<width>658</width>
								<height>60</height>
								<font>font15</font>
								<align>center</align>
								<textcolor>grey</textcolor>
								<label>$INFO[ListItem.Property(ChancePrecipitation),$LOCALIZE[31908]: ]</label>
								<textoffsetx>15</textoffsetx>
							</control>
						</itemlayout>
						<focusedlayout height="840" width="658">
							<control type="multiimage">
								<description>current weather icon</description>
								<left>125</left>
								<top>60</top>
								<width>408</width>
								<height>408</height>
								<imagepath>$INFO[ListItem.Icon]</imagepath>
								<aspectratio>keep</aspectratio>
								<timeperimage>70</timeperimage>
								<fadetime>1</fadetime>
								<randomize>false</randomize>
							</control>
							<control type="label">
								<width>658</width>
								<height>60</height>
								<font>font15</font>
								<textcolor>$VAR[ThemeLabelColor]</textcolor>
								<align>center</align>
								<label>$INFO[ListItem.Label]</label>
								<textoffsetx>15</textoffsetx>
							</control>
							<control type="label">
								<top>528</top>
								<width>658</width>
								<height>60</height>
								<font>font15</font>
								<align>center</align>
								<textcolor>grey</textcolor>
								<label>$INFO[ListItem.Label2]</label>
								<textoffsetx>15</textoffsetx>
							</control>
							<control type="label">
								<top>468</top>
								<width>658</width>
								<height>60</height>
								<font>font15</font>
								<align>center</align>
								<textcolor>grey</textcolor>
								<label>$INFO[ListItem.Property(HighTemperature),[COLOR red],[/COLOR]]$INFO[ListItem.Property(LowTemperature), | [COLOR blue],[/COLOR]]</label>
								<textoffsetx>15</textoffsetx>
							</control>
							<control type="label">
								<top>588</top>
								<width>658</width>
								<height>60</height>
								<font>font15</font>
								<align>center</align>
								<textcolor>grey</textcolor>
								<label>$INFO[ListItem.Property(WindSpeed),$LOCALIZE[383]: ]$INFO[ListItem.Property(WindDirection),  ]</label>
								<textoffsetx>15</textoffsetx>
							</control>
							<control type="label">
								<top>648</top>
								<width>658</width>
								<height>60</height>
								<font>font15</font>
								<align>center</align>
								<textcolor>grey</textcolor>
								<label>$INFO[ListItem.Property(Humidity),$LOCALIZE[406]: ]</label>
								<textoffsetx>15</textoffsetx>
							</control>
							<control type="label">
								<top>708</top>
								<width>658</width>
								<height>60</height>
								<font>font15</font>
								<align>center</align>
								<textcolor>grey</textcolor>
								<label>$INFO[ListItem.Property(ChancePrecipitation),$LOCALIZE[31908]: ]</label>
								<textoffsetx>15</textoffsetx>
							</control>
						</focusedlayout>
						<content>
							<item>
								<label>$LOCALIZE[31909]</label>
								<icon />
								<visible>String.IsEmpty(Window.Property(36Hour.IsFetched))</visible>
							</item>
							<item>
								<label>$INFO[Window.Property(Weekend.1.LongDay)] $INFO[Window.Property(Weekend.1.LongDate)]</label>
								<label2>$INFO[Window.Property(Weekend.1.Outlook)]</label2>
								<icon>$VAR[WeatherIconsPathVar]$INFO[Window.Property(Weekend.1.FanartCode)]$VAR[WeatherIconsExtVar]</icon>
								<property name="HighTemperature">$INFO[Window.Property(Weekend.1.HighTemperature)]</property>
								<property name="LowTemperature">$INFO[Window.Property(Weekend.1.LowTemperature)]</property>
								<property name="Precipitation">$INFO[Window.Property(Weekend.1.Precipitation)]</property>
								<property name="WindSpeed">$INFO[Window.Property(Weekend.1.WindSpeed)]</property>
								<property name="WindDirection">$INFO[Window.Property(Weekend.1.WindDirection)]</property>
								<property name="Humidity">$INFO[Window.Property(Weekend.1.Humidity)]</property>
								<property name="ChancePrecipitation">$INFO[Window.Property(Weekend.1.ChancePrecipitation)]</property>
								<visible>!String.IsEmpty(Window.Property(Weekend.IsFetched))</visible>
							</item>
							<item>
								<label>$INFO[Window.Property(Weekend.2.LongDay)] $INFO[Window.Property(Weekend.2.LongDate)]</label>
								<label2>$INFO[Window.Property(Weekend.2.Outlook)]</label2>
								<icon>$VAR[WeatherIconsPathVar]$INFO[Window.Property(Weekend.2.FanartCode)]$VAR[WeatherIconsExtVar]</icon>
								<property name="HighTemperature">$INFO[Window.Property(Weekend.2.HighTemperature)]</property>
								<property name="LowTemperature">$INFO[Window.Property(Weekend.2.LowTemperature)]</property>
								<property name="Precipitation">$INFO[Window.Property(Weekend.2.Precipitation)]</property>
								<property name="WindSpeed">$INFO[Window.Property(Weekend.2.WindSpeed)]</property>
								<property name="WindDirection">$INFO[Window.Property(Weekend.2.WindDirection)]</property>
								<property name="Humidity">$INFO[Window.Property(Weekend.2.Humidity)]</property>
								<property name="ChancePrecipitation">$INFO[Window.Property(Weekend.2.ChancePrecipitation)]</property>
								<visible>!String.IsEmpty(Window.Property(Weekend.IsFetched))</visible>
							</item>
						</content>
					</control>
				</control>
				<control type="group">
					<visible>Container(9000).HasFocus(5)</visible>
					<include>SettingsFadeAnimation</include>
					<left>522</left>
					<top>32</top>
					<width>1316</width>
					<height>838</height>
					<control type="panel" id="304">
						<width>1316</width>
						<height>840</height>
						<onup>304</onup>
						<ondown>304</ondown>
						<onleft>9000</onleft>
						<onright>9000</onright>
						<orientation>vertical</orientation>
						<scrolltime tween="quadratic" easing="out">200</scrolltime>
						<itemlayout height="168" width="658">
							<control type="multiimage">
								<description>current weather icon</description>
								<left>15</left>
								<width>168</width>
								<height>168</height>
								<imagepath>$INFO[ListItem.Icon]</imagepath>
								<aspectratio>keep</aspectratio>
								<timeperimage>70</timeperimage>
								<fadetime>1</fadetime>
								<randomize>false</randomize>
							</control>
							<control type="label">
								<left>185</left>
								<width>475</width>
								<height>70</height>
								<font>font15</font>
								<textcolor>$VAR[ThemeLabelColor]</textcolor>
								<label>$INFO[ListItem.Label]</label>
								<textoffsetx>15</textoffsetx>
							</control>
							<control type="label">
								<left>185</left>
								<top>56</top>
								<width>475</width>
								<height>56</height>
								<font>font15</font>
								<textcolor>grey</textcolor>
								<label>$INFO[ListItem.Label2]</label>
								<textoffsetx>15</textoffsetx>
							</control>
							<control type="label">
								<left>183</left>
								<width>475</width>
								<height>70</height>
								<font>font15</font>
								<align>right</align>
								<textcolor>grey</textcolor>
								<label>$INFO[ListItem.Property(Temperature)]</label>
								<textoffsetx>15</textoffsetx>
							</control>
							<control type="label">
								<left>185</left>
								<top>98</top>
								<width>475</width>
								<height>70</height>
								<font>font15</font>
								<textcolor>grey</textcolor>
								<label>$INFO[ListItem.Property(FeelsLike),$LOCALIZE[402]: ]</label>
								<textoffsetx>15</textoffsetx>
							</control>
							<control type="label">
								<left>183</left>
								<top>98</top>
								<width>475</width>
								<height>70</height>
								<font>font15</font>
								<textcolor>grey</textcolor>
								<align>right</align>
								<label>$INFO[ListItem.Property(ChancePrecipitation)]</label>
								<textoffsetx>15</textoffsetx>
							</control>
						</itemlayout>
						<focusedlayout height="168" width="658">
							<control type="image">
								<width>658</width>
								<height>168</height>
								<texture colordiffuse="$VAR[HighlightBarColor]" border="4">listselect_fo.png</texture>
							</control>
							<control type="multiimage">
								<description>current weather icon</description>
								<left>15</left>
								<width>168</width>
								<height>168</height>
								<imagepath>$INFO[ListItem.Icon]</imagepath>
								<aspectratio>keep</aspectratio>
								<timeperimage>70</timeperimage>
								<fadetime>1</fadetime>
								<randomize>false</randomize>
							</control>
							<control type="label">
								<left>185</left>
								<width>475</width>
								<height>70</height>
								<font>font15</font>
								<textcolor>$VAR[ThemeLabelColor]</textcolor>
								<label>$INFO[ListItem.Label]</label>
								<textoffsetx>15</textoffsetx>
							</control>
							<control type="label">
								<left>185</left>
								<top>56</top>
								<width>475</width>
								<height>56</height>
								<font>font15</font>
								<textcolor>grey</textcolor>
								<label>$INFO[ListItem.Label2]</label>
								<textoffsetx>15</textoffsetx>
							</control>
							<control type="label">
								<left>183</left>
								<width>475</width>
								<height>70</height>
								<font>font15</font>
								<align>right</align>
								<textcolor>grey</textcolor>
								<label>$INFO[ListItem.Property(Temperature)]</label>
								<textoffsetx>15</textoffsetx>
							</control>
							<control type="label">
								<left>185</left>
								<top>98</top>
								<width>475</width>
								<height>70</height>
								<font>font15</font>
								<textcolor>grey</textcolor>
								<label>$INFO[ListItem.Property(FeelsLike),$LOCALIZE[402]: ]</label>
								<textoffsetx>15</textoffsetx>
							</control>
							<control type="label">
								<left>183</left>
								<top>98</top>
								<width>475</width>
								<height>70</height>
								<font>font15</font>
								<textcolor>grey</textcolor>
								<align>right</align>
								<label>$INFO[ListItem.Property(ChancePrecipitation)]</label>
								<textoffsetx>15</textoffsetx>
							</control>
						</focusedlayout>
						<content>
							<item>
								<label>$LOCALIZE[31909]</label>
								<icon />
								<visible>String.IsEmpty(Window.Property(Daily.IsFetched))</visible>
							</item>
							<item>
								<label>$INFO[Window.Property(Hourly.1.Time)]</label>
								<icon>$VAR[WeatherIconsPathVar]$INFO[Window.Property(Hourly.1.FanartCode)]$VAR[WeatherIconsExtVar]</icon>
								<property name="Temperature">$INFO[Window.Property(Hourly.1.Temperature)]</property>
								<property name="FeelsLike">$INFO[Window.Property(Hourly.1.FeelsLike)]</property>
								<property name="Precipitation">$INFO[Window.Property(Hourly.1.Precipitation)]</property>
								<property name="WindSpeed">$INFO[Window.Property(Hourly.1.WindSpeed)]</property>
								<property name="WindDirection">$INFO[Window.Property(Hourly.1.WindDirection)]</property>
								<property name="Humidity">$INFO[Window.Property(Hourly.1.Humidity)]</property>
								<property name="UVIndex">$INFO[Window.Property(Hourly.1.UVIndex)]</property>
								<property name="ChancePrecipitation">$INFO[Window.Property(Hourly.1.ChancePrecipitation)]</property>
								<property name="Snow">$INFO[Window.Property(Hourly.1.Snow)]</property>
								<property name="HeatIndex">$INFO[Window.Property(Hourly.1.HeatIndex)]</property>
								<property name="WindChill">$INFO[Window.Property(Hourly.1.WindChill)]</property>
								<label2>$INFO[Window.Property(Hourly.1.Outlook)]</label2>
								<visible>!String.IsEmpty(Window.Property(Hourly.IsFetched))</visible>
							</item>
							<item>
								<label>$INFO[Window.Property(Hourly.2.Time)]</label>
								<icon>$VAR[WeatherIconsPathVar]$INFO[Window.Property(Hourly.2.FanartCode)]$VAR[WeatherIconsExtVar]</icon>
								<property name="Temperature">$INFO[Window.Property(Hourly.2.Temperature)]</property>
								<property name="FeelsLike">$INFO[Window.Property(Hourly.2.FeelsLike)]</property>
								<property name="Precipitation">$INFO[Window.Property(Hourly.2.Precipitation)]</property>
								<property name="WindSpeed">$INFO[Window.Property(Hourly.2.WindSpeed)]</property>
								<property name="WindDirection">$INFO[Window.Property(Hourly.2.WindDirection)]</property>
								<property name="Humidity">$INFO[Window.Property(Hourly.2.Humidity)]</property>
								<property name="UVIndex">$INFO[Window.Property(Hourly.2.UVIndex)]</property>
								<property name="ChancePrecipitation">$INFO[Window.Property(Hourly.2.ChancePrecipitation)]</property>
								<property name="Snow">$INFO[Window.Property(Hourly.2.Snow)]</property>
								<property name="HeatIndex">$INFO[Window.Property(Hourly.2.HeatIndex)]</property>
								<property name="WindChill">$INFO[Window.Property(Hourly.2.WindChill)]</property>
								<label2>$INFO[Window.Property(Hourly.2.Outlook)]</label2>
								<visible>!String.IsEmpty(Window.Property(Hourly.IsFetched))</visible>
							</item>
							<item>
								<label>$INFO[Window.Property(Hourly.3.Time)]</label>
								<icon>$VAR[WeatherIconsPathVar]$INFO[Window.Property(Hourly.3.FanartCode)]$VAR[WeatherIconsExtVar]</icon>
								<property name="Temperature">$INFO[Window.Property(Hourly.3.Temperature)]</property>
								<property name="FeelsLike">$INFO[Window.Property(Hourly.3.FeelsLike)]</property>
								<property name="Precipitation">$INFO[Window.Property(Hourly.3.Precipitation)]</property>
								<property name="WindSpeed">$INFO[Window.Property(Hourly.3.WindSpeed)]</property>
								<property name="WindDirection">$INFO[Window.Property(Hourly.3.WindDirection)]</property>
								<property name="Humidity">$INFO[Window.Property(Hourly.3.Humidity)]</property>
								<property name="UVIndex">$INFO[Window.Property(Hourly.3.UVIndex)]</property>
								<property name="ChancePrecipitation">$INFO[Window.Property(Hourly.3.ChancePrecipitation)]</property>
								<property name="Snow">$INFO[Window.Property(Hourly.3.Snow)]</property>
								<property name="HeatIndex">$INFO[Window.Property(Hourly.3.HeatIndex)]</property>
								<property name="WindChill">$INFO[Window.Property(Hourly.3.WindChill)]</property>
								<label2>$INFO[Window.Property(Hourly.3.Outlook)]</label2>
								<visible>!String.IsEmpty(Window.Property(Hourly.IsFetched))</visible>
							</item>
							<item>
								<label>$INFO[Window.Property(Hourly.4.Time)]</label>
								<icon>$VAR[WeatherIconsPathVar]$INFO[Window.Property(Hourly.4.FanartCode)]$VAR[WeatherIconsExtVar]</icon>
								<property name="Temperature">$INFO[Window.Property(Hourly.4.Temperature)]</property>
								<property name="FeelsLike">$INFO[Window.Property(Hourly.4.FeelsLike)]</property>
								<property name="Precipitation">$INFO[Window.Property(Hourly.4.Precipitation)]</property>
								<property name="WindSpeed">$INFO[Window.Property(Hourly.4.WindSpeed)]</property>
								<property name="WindDirection">$INFO[Window.Property(Hourly.4.WindDirection)]</property>
								<property name="Humidity">$INFO[Window.Property(Hourly.4.Humidity)]</property>
								<property name="UVIndex">$INFO[Window.Property(Hourly.4.UVIndex)]</property>
								<property name="ChancePrecipitation">$INFO[Window.Property(Hourly.4.ChancePrecipitation)]</property>
								<property name="Snow">$INFO[Window.Property(Hourly.4.Snow)]</property>
								<property name="HeatIndex">$INFO[Window.Property(Hourly.4.HeatIndex)]</property>
								<property name="WindChill">$INFO[Window.Property(Hourly.4.WindChill)]</property>
								<label2>$INFO[Window.Property(Hourly.4.Outlook)]</label2>
								<visible>!String.IsEmpty(Window.Property(Hourly.IsFetched))</visible>
							</item>
							<item>
								<label>$INFO[Window.Property(Hourly.5.Time)]</label>
								<icon>$VAR[WeatherIconsPathVar]$INFO[Window.Property(Hourly.5.FanartCode)]$VAR[WeatherIconsExtVar]</icon>
								<property name="Temperature">$INFO[Window.Property(Hourly.5.Temperature)]</property>
								<property name="FeelsLike">$INFO[Window.Property(Hourly.5.FeelsLike)]</property>
								<property name="Precipitation">$INFO[Window.Property(Hourly.5.Precipitation)]</property>
								<property name="WindSpeed">$INFO[Window.Property(Hourly.5.WindSpeed)]</property>
								<property name="WindDirection">$INFO[Window.Property(Hourly.5.WindDirection)]</property>
								<property name="Humidity">$INFO[Window.Property(Hourly.5.Humidity)]</property>
								<property name="UVIndex">$INFO[Window.Property(Hourly.5.UVIndex)]</property>
								<property name="ChancePrecipitation">$INFO[Window.Property(Hourly.5.ChancePrecipitation)]</property>
								<property name="Snow">$INFO[Window.Property(Hourly.5.Snow)]</property>
								<property name="HeatIndex">$INFO[Window.Property(Hourly.5.HeatIndex)]</property>
								<property name="WindChill">$INFO[Window.Property(Hourly.5.WindChill)]</property>
								<label2>$INFO[Window.Property(Hourly.5.Outlook)]</label2>
								<visible>!String.IsEmpty(Window.Property(Hourly.IsFetched))</visible>
							</item>
							<item>
								<label>$INFO[Window.Property(Hourly.6.Time)]</label>
								<icon>$VAR[WeatherIconsPathVar]$INFO[Window.Property(Hourly.6.FanartCode)]$VAR[WeatherIconsExtVar]</icon>
								<property name="Temperature">$INFO[Window.Property(Hourly.6.Temperature)]</property>
								<property name="FeelsLike">$INFO[Window.Property(Hourly.6.FeelsLike)]</property>
								<property name="Precipitation">$INFO[Window.Property(Hourly.6.Precipitation)]</property>
								<property name="WindSpeed">$INFO[Window.Property(Hourly.6.WindSpeed)]</property>
								<property name="WindDirection">$INFO[Window.Property(Hourly.6.WindDirection)]</property>
								<property name="Humidity">$INFO[Window.Property(Hourly.6.Humidity)]</property>
								<property name="UVIndex">$INFO[Window.Property(Hourly.6.UVIndex)]</property>
								<property name="ChancePrecipitation">$INFO[Window.Property(Hourly.6.ChancePrecipitation)]</property>
								<property name="Snow">$INFO[Window.Property(Hourly.6.Snow)]</property>
								<property name="HeatIndex">$INFO[Window.Property(Hourly.6.HeatIndex)]</property>
								<property name="WindChill">$INFO[Window.Property(Hourly.6.WindChill)]</property>
								<label2>$INFO[Window.Property(Hourly.6.Outlook)]</label2>
								<visible>!String.IsEmpty(Window.Property(Hourly.IsFetched))</visible>
							</item>
							<item>
								<label>$INFO[Window.Property(Hourly.7.Time)]</label>
								<icon>$VAR[WeatherIconsPathVar]$INFO[Window.Property(Hourly.7.FanartCode)]$VAR[WeatherIconsExtVar]</icon>
								<property name="Temperature">$INFO[Window.Property(Hourly.7.Temperature)]</property>
								<property name="FeelsLike">$INFO[Window.Property(Hourly.7.FeelsLike)]</property>
								<property name="Precipitation">$INFO[Window.Property(Hourly.7.Precipitation)]</property>
								<property name="WindSpeed">$INFO[Window.Property(Hourly.7.WindSpeed)]</property>
								<property name="WindDirection">$INFO[Window.Property(Hourly.7.WindDirection)]</property>
								<property name="Humidity">$INFO[Window.Property(Hourly.7.Humidity)]</property>
								<property name="UVIndex">$INFO[Window.Property(Hourly.7.UVIndex)]</property>
								<property name="ChancePrecipitation">$INFO[Window.Property(Hourly.7.ChancePrecipitation)]</property>
								<property name="Snow">$INFO[Window.Property(Hourly.7.Snow)]</property>
								<property name="HeatIndex">$INFO[Window.Property(Hourly.7.HeatIndex)]</property>
								<property name="WindChill">$INFO[Window.Property(Hourly.7.WindChill)]</property>
								<label2>$INFO[Window.Property(Hourly.7.Outlook)]</label2>
								<visible>!String.IsEmpty(Window.Property(Hourly.IsFetched))</visible>
							</item>
							<item>
								<label>$INFO[Window.Property(Hourly.8.Time)]</label>
								<icon>$VAR[WeatherIconsPathVar]$INFO[Window.Property(Hourly.8.FanartCode)]$VAR[WeatherIconsExtVar]</icon>
								<property name="Temperature">$INFO[Window.Property(Hourly.8.Temperature)]</property>
								<property name="FeelsLike">$INFO[Window.Property(Hourly.8.FeelsLike)]</property>
								<property name="Precipitation">$INFO[Window.Property(Hourly.8.Precipitation)]</property>
								<property name="WindSpeed">$INFO[Window.Property(Hourly.8.WindSpeed)]</property>
								<property name="WindDirection">$INFO[Window.Property(Hourly.8.WindDirection)]</property>
								<property name="Humidity">$INFO[Window.Property(Hourly.8.Humidity)]</property>
								<property name="UVIndex">$INFO[Window.Property(Hourly.8.UVIndex)]</property>
								<property name="ChancePrecipitation">$INFO[Window.Property(Hourly.8.ChancePrecipitation)]</property>
								<property name="Snow">$INFO[Window.Property(Hourly.8.Snow)]</property>
								<property name="HeatIndex">$INFO[Window.Property(Hourly.8.HeatIndex)]</property>
								<property name="WindChill">$INFO[Window.Property(Hourly.8.WindChill)]</property>
								<label2>$INFO[Window.Property(Hourly.8.Outlook)]</label2>
								<visible>!String.IsEmpty(Window.Property(Hourly.IsFetched))</visible>
							</item>
							<item>
								<label>$INFO[Window.Property(Hourly.9.Time)]</label>
								<icon>$VAR[WeatherIconsPathVar]$INFO[Window.Property(Hourly.9.FanartCode)]$VAR[WeatherIconsExtVar]</icon>
								<property name="Temperature">$INFO[Window.Property(Hourly.9.Temperature)]</property>
								<property name="FeelsLike">$INFO[Window.Property(Hourly.9.FeelsLike)]</property>
								<property name="Precipitation">$INFO[Window.Property(Hourly.9.Precipitation)]</property>
								<property name="WindSpeed">$INFO[Window.Property(Hourly.9.WindSpeed)]</property>
								<property name="WindDirection">$INFO[Window.Property(Hourly.9.WindDirection)]</property>
								<property name="Humidity">$INFO[Window.Property(Hourly.9.Humidity)]</property>
								<property name="UVIndex">$INFO[Window.Property(Hourly.9.UVIndex)]</property>
								<property name="ChancePrecipitation">$INFO[Window.Property(Hourly.9.ChancePrecipitation)]</property>
								<property name="Snow">$INFO[Window.Property(Hourly.9.Snow)]</property>
								<property name="HeatIndex">$INFO[Window.Property(Hourly.9.HeatIndex)]</property>
								<property name="WindChill">$INFO[Window.Property(Hourly.9.WindChill)]</property>
								<label2>$INFO[Window.Property(Hourly.9.Outlook)]</label2>
								<visible>!String.IsEmpty(Window.Property(Hourly.IsFetched))</visible>
							</item>
							<item>
								<label>$INFO[Window.Property(Hourly.10.Time)]</label>
								<icon>$VAR[WeatherIconsPathVar]$INFO[Window.Property(Hourly.10.FanartCode)]$VAR[WeatherIconsExtVar]</icon>
								<property name="Temperature">$INFO[Window.Property(Hourly.10.Temperature)]</property>
								<property name="FeelsLike">$INFO[Window.Property(Hourly.10.FeelsLike)]</property>
								<property name="Precipitation">$INFO[Window.Property(Hourly.10.Precipitation)]</property>
								<property name="WindSpeed">$INFO[Window.Property(Hourly.10.WindSpeed)]</property>
								<property name="WindDirection">$INFO[Window.Property(Hourly.10.WindDirection)]</property>
								<property name="Humidity">$INFO[Window.Property(Hourly.10.Humidity)]</property>
								<property name="UVIndex">$INFO[Window.Property(Hourly.10.UVIndex)]</property>
								<property name="ChancePrecipitation">$INFO[Window.Property(Hourly.10.ChancePrecipitation)]</property>
								<property name="Snow">$INFO[Window.Property(Hourly.10.Snow)]</property>
								<property name="HeatIndex">$INFO[Window.Property(Hourly.10.HeatIndex)]</property>
								<property name="WindChill">$INFO[Window.Property(Hourly.10.WindChill)]</property>
								<label2>$INFO[Window.Property(Hourly.10.Outlook)]</label2>
								<visible>!String.IsEmpty(Window.Property(Hourly.IsFetched))</visible>
							</item>
							<item>
								<label>$INFO[Window.Property(Hourly.11.Time)]</label>
								<icon>$VAR[WeatherIconsPathVar]$INFO[Window.Property(Hourly.11.FanartCode)]$VAR[WeatherIconsExtVar]</icon>
								<property name="Temperature">$INFO[Window.Property(Hourly.11.Temperature)]</property>
								<property name="FeelsLike">$INFO[Window.Property(Hourly.11.FeelsLike)]</property>
								<property name="Precipitation">$INFO[Window.Property(Hourly.11.Precipitation)]</property>
								<property name="WindSpeed">$INFO[Window.Property(Hourly.11.WindSpeed)]</property>
								<property name="WindDirection">$INFO[Window.Property(Hourly.11.WindDirection)]</property>
								<property name="Humidity">$INFO[Window.Property(Hourly.11.Humidity)]</property>
								<property name="UVIndex">$INFO[Window.Property(Hourly.11.UVIndex)]</property>
								<property name="ChancePrecipitation">$INFO[Window.Property(Hourly.11.ChancePrecipitation)]</property>
								<property name="Snow">$INFO[Window.Property(Hourly.11.Snow)]</property>
								<property name="HeatIndex">$INFO[Window.Property(Hourly.11.HeatIndex)]</property>
								<property name="WindChill">$INFO[Window.Property(Hourly.11.WindChill)]</property>
								<label2>$INFO[Window.Property(Hourly.11.Outlook)]</label2>
								<visible>!String.IsEmpty(Window.Property(Hourly.IsFetched))</visible>
							</item>
							<item>
								<label>$INFO[Window.Property(Hourly.12.Time)]</label>
								<icon>$VAR[WeatherIconsPathVar]$INFO[Window.Property(Hourly.12.FanartCode)]$VAR[WeatherIconsExtVar]</icon>
								<property name="Temperature">$INFO[Window.Property(Hourly.12.Temperature)]</property>
								<property name="FeelsLike">$INFO[Window.Property(Hourly.12.FeelsLike)]</property>
								<property name="Precipitation">$INFO[Window.Property(Hourly.12.Precipitation)]</property>
								<property name="WindSpeed">$INFO[Window.Property(Hourly.12.WindSpeed)]</property>
								<property name="WindDirection">$INFO[Window.Property(Hourly.12.WindDirection)]</property>
								<property name="Humidity">$INFO[Window.Property(Hourly.12.Humidity)]</property>
								<property name="UVIndex">$INFO[Window.Property(Hourly.12.UVIndex)]</property>
								<property name="ChancePrecipitation">$INFO[Window.Property(Hourly.12.ChancePrecipitation)]</property>
								<property name="Snow">$INFO[Window.Property(Hourly.12.Snow)]</property>
								<property name="HeatIndex">$INFO[Window.Property(Hourly.12.HeatIndex)]</property>
								<property name="WindChill">$INFO[Window.Property(Hourly.12.WindChill)]</property>
								<label2>$INFO[Window.Property(Hourly.12.Outlook)]</label2>
								<visible>!String.IsEmpty(Window.Property(Hourly.IsFetched))</visible>
							</item>
							<item>
								<label>$INFO[Window.Property(Hourly.13.Time)]</label>
								<icon>$VAR[WeatherIconsPathVar]$INFO[Window.Property(Hourly.13.FanartCode)]$VAR[WeatherIconsExtVar]</icon>
								<property name="Temperature">$INFO[Window.Property(Hourly.13.Temperature)]</property>
								<property name="FeelsLike">$INFO[Window.Property(Hourly.13.FeelsLike)]</property>
								<property name="Precipitation">$INFO[Window.Property(Hourly.13.Precipitation)]</property>
								<property name="WindSpeed">$INFO[Window.Property(Hourly.13.WindSpeed)]</property>
								<property name="WindDirection">$INFO[Window.Property(Hourly.13.WindDirection)]</property>
								<property name="Humidity">$INFO[Window.Property(Hourly.13.Humidity)]</property>
								<property name="UVIndex">$INFO[Window.Property(Hourly.13.UVIndex)]</property>
								<property name="ChancePrecipitation">$INFO[Window.Property(Hourly.13.ChancePrecipitation)]</property>
								<property name="Snow">$INFO[Window.Property(Hourly.13.Snow)]</property>
								<property name="HeatIndex">$INFO[Window.Property(Hourly.13.HeatIndex)]</property>
								<property name="WindChill">$INFO[Window.Property(Hourly.13.WindChill)]</property>
								<label2>$INFO[Window.Property(Hourly.13.Outlook)]</label2>
								<visible>!String.IsEmpty(Window.Property(Hourly.IsFetched))</visible>
							</item>
							<item>
								<label>$INFO[Window.Property(Hourly.14.Time)]</label>
								<icon>$VAR[WeatherIconsPathVar]$INFO[Window.Property(Hourly.14.FanartCode)]$VAR[WeatherIconsExtVar]</icon>
								<property name="Temperature">$INFO[Window.Property(Hourly.14.Temperature)]</property>
								<property name="FeelsLike">$INFO[Window.Property(Hourly.14.FeelsLike)]</property>
								<property name="Precipitation">$INFO[Window.Property(Hourly.14.Precipitation)]</property>
								<property name="WindSpeed">$INFO[Window.Property(Hourly.14.WindSpeed)]</property>
								<property name="WindDirection">$INFO[Window.Property(Hourly.14.WindDirection)]</property>
								<property name="Humidity">$INFO[Window.Property(Hourly.14.Humidity)]</property>
								<property name="UVIndex">$INFO[Window.Property(Hourly.14.UVIndex)]</property>
								<property name="ChancePrecipitation">$INFO[Window.Property(Hourly.14.ChancePrecipitation)]</property>
								<property name="Snow">$INFO[Window.Property(Hourly.14.Snow)]</property>
								<property name="HeatIndex">$INFO[Window.Property(Hourly.14.HeatIndex)]</property>
								<property name="WindChill">$INFO[Window.Property(Hourly.14.WindChill)]</property>
								<label2>$INFO[Window.Property(Hourly.14.Outlook)]</label2>
								<visible>!String.IsEmpty(Window.Property(Hourly.IsFetched))</visible>
							</item>
							<item>
								<label>$INFO[Window.Property(Hourly.15.Time)]</label>
								<icon>$VAR[WeatherIconsPathVar]$INFO[Window.Property(Hourly.15.FanartCode)]$VAR[WeatherIconsExtVar]</icon>
								<property name="Temperature">$INFO[Window.Property(Hourly.15.Temperature)]</property>
								<property name="FeelsLike">$INFO[Window.Property(Hourly.15.FeelsLike)]</property>
								<property name="Precipitation">$INFO[Window.Property(Hourly.15.Precipitation)]</property>
								<property name="WindSpeed">$INFO[Window.Property(Hourly.15.WindSpeed)]</property>
								<property name="WindDirection">$INFO[Window.Property(Hourly.15.WindDirection)]</property>
								<property name="Humidity">$INFO[Window.Property(Hourly.15.Humidity)]</property>
								<property name="UVIndex">$INFO[Window.Property(Hourly.15.UVIndex)]</property>
								<property name="ChancePrecipitation">$INFO[Window.Property(Hourly.15.ChancePrecipitation)]</property>
								<property name="Snow">$INFO[Window.Property(Hourly.15.Snow)]</property>
								<property name="HeatIndex">$INFO[Window.Property(Hourly.15.HeatIndex)]</property>
								<property name="WindChill">$INFO[Window.Property(Hourly.15.WindChill)]</property>
								<label2>$INFO[Window.Property(Hourly.15.Outlook)]</label2>
								<visible>!String.IsEmpty(Window.Property(Hourly.IsFetched))</visible>
							</item>
							<item>
								<label>$INFO[Window.Property(Hourly.16.Time)]</label>
								<icon>$VAR[WeatherIconsPathVar]$INFO[Window.Property(Hourly.16.FanartCode)]$VAR[WeatherIconsExtVar]</icon>
								<property name="Temperature">$INFO[Window.Property(Hourly.16.Temperature)]</property>
								<property name="FeelsLike">$INFO[Window.Property(Hourly.16.FeelsLike)]</property>
								<property name="Precipitation">$INFO[Window.Property(Hourly.16.Precipitation)]</property>
								<property name="WindSpeed">$INFO[Window.Property(Hourly.16.WindSpeed)]</property>
								<property name="WindDirection">$INFO[Window.Property(Hourly.16.WindDirection)]</property>
								<property name="Humidity">$INFO[Window.Property(Hourly.16.Humidity)]</property>
								<property name="UVIndex">$INFO[Window.Property(Hourly.16.UVIndex)]</property>
								<property name="ChancePrecipitation">$INFO[Window.Property(Hourly.16.ChancePrecipitation)]</property>
								<property name="Snow">$INFO[Window.Property(Hourly.16.Snow)]</property>
								<property name="HeatIndex">$INFO[Window.Property(Hourly.16.HeatIndex)]</property>
								<property name="WindChill">$INFO[Window.Property(Hourly.16.WindChill)]</property>
								<label2>$INFO[Window.Property(Hourly.16.Outlook)]</label2>
								<visible>!String.IsEmpty(Window.Property(Hourly.IsFetched))</visible>
							</item>
							<item>
								<label>$INFO[Window.Property(Hourly.17.Time)]</label>
								<icon>$VAR[WeatherIconsPathVar]$INFO[Window.Property(Hourly.17.FanartCode)]$VAR[WeatherIconsExtVar]</icon>
								<property name="Temperature">$INFO[Window.Property(Hourly.17.Temperature)]</property>
								<property name="FeelsLike">$INFO[Window.Property(Hourly.17.FeelsLike)]</property>
								<property name="Precipitation">$INFO[Window.Property(Hourly.17.Precipitation)]</property>
								<property name="WindSpeed">$INFO[Window.Property(Hourly.17.WindSpeed)]</property>
								<property name="WindDirection">$INFO[Window.Property(Hourly.17.WindDirection)]</property>
								<property name="Humidity">$INFO[Window.Property(Hourly.17.Humidity)]</property>
								<property name="UVIndex">$INFO[Window.Property(Hourly.17.UVIndex)]</property>
								<property name="ChancePrecipitation">$INFO[Window.Property(Hourly.17.ChancePrecipitation)]</property>
								<property name="Snow">$INFO[Window.Property(Hourly.17.Snow)]</property>
								<property name="HeatIndex">$INFO[Window.Property(Hourly.17.HeatIndex)]</property>
								<property name="WindChill">$INFO[Window.Property(Hourly.17.WindChill)]</property>
								<label2>$INFO[Window.Property(Hourly.17.Outlook)]</label2>
								<visible>!String.IsEmpty(Window.Property(Hourly.IsFetched))</visible>
							</item>
							<item>
								<label>$INFO[Window.Property(Hourly.18.Time)]</label>
								<icon>$VAR[WeatherIconsPathVar]$INFO[Window.Property(Hourly.18.FanartCode)]$VAR[WeatherIconsExtVar]</icon>
								<property name="Temperature">$INFO[Window.Property(Hourly.18.Temperature)]</property>
								<property name="FeelsLike">$INFO[Window.Property(Hourly.18.FeelsLike)]</property>
								<property name="Precipitation">$INFO[Window.Property(Hourly.18.Precipitation)]</property>
								<property name="WindSpeed">$INFO[Window.Property(Hourly.18.WindSpeed)]</property>
								<property name="WindDirection">$INFO[Window.Property(Hourly.18.WindDirection)]</property>
								<property name="Humidity">$INFO[Window.Property(Hourly.18.Humidity)]</property>
								<property name="UVIndex">$INFO[Window.Property(Hourly.18.UVIndex)]</property>
								<property name="ChancePrecipitation">$INFO[Window.Property(Hourly.18.ChancePrecipitation)]</property>
								<property name="Snow">$INFO[Window.Property(Hourly.18.Snow)]</property>
								<property name="HeatIndex">$INFO[Window.Property(Hourly.18.HeatIndex)]</property>
								<property name="WindChill">$INFO[Window.Property(Hourly.18.WindChill)]</property>
								<label2>$INFO[Window.Property(Hourly.18.Outlook)]</label2>
								<visible>!String.IsEmpty(Window.Property(Hourly.IsFetched))</visible>
							</item>
							<item>
								<label>$INFO[Window.Property(Hourly.19.Time)]</label>
								<icon>$VAR[WeatherIconsPathVar]$INFO[Window.Property(Hourly.19.FanartCode)]$VAR[WeatherIconsExtVar]</icon>
								<property name="Temperature">$INFO[Window.Property(Hourly.19.Temperature)]</property>
								<property name="FeelsLike">$INFO[Window.Property(Hourly.19.FeelsLike)]</property>
								<property name="Precipitation">$INFO[Window.Property(Hourly.19.Precipitation)]</property>
								<property name="WindSpeed">$INFO[Window.Property(Hourly.19.WindSpeed)]</property>
								<property name="WindDirection">$INFO[Window.Property(Hourly.19.WindDirection)]</property>
								<property name="Humidity">$INFO[Window.Property(Hourly.19.Humidity)]</property>
								<property name="UVIndex">$INFO[Window.Property(Hourly.19.UVIndex)]</property>
								<property name="ChancePrecipitation">$INFO[Window.Property(Hourly.19.ChancePrecipitation)]</property>
								<property name="Snow">$INFO[Window.Property(Hourly.19.Snow)]</property>
								<property name="HeatIndex">$INFO[Window.Property(Hourly.19.HeatIndex)]</property>
								<property name="WindChill">$INFO[Window.Property(Hourly.19.WindChill)]</property>
								<label2>$INFO[Window.Property(Hourly.19.Outlook)]</label2>
								<visible>!String.IsEmpty(Window.Property(Hourly.IsFetched))</visible>
							</item>
							<item>
								<label>$INFO[Window.Property(Hourly.20.Time)]</label>
								<icon>$VAR[WeatherIconsPathVar]$INFO[Window.Property(Hourly.20.FanartCode)]$VAR[WeatherIconsExtVar]</icon>
								<property name="Temperature">$INFO[Window.Property(Hourly.20.Temperature)]</property>
								<property name="FeelsLike">$INFO[Window.Property(Hourly.20.FeelsLike)]</property>
								<property name="Precipitation">$INFO[Window.Property(Hourly.20.Precipitation)]</property>
								<property name="WindSpeed">$INFO[Window.Property(Hourly.20.WindSpeed)]</property>
								<property name="WindDirection">$INFO[Window.Property(Hourly.20.WindDirection)]</property>
								<property name="Humidity">$INFO[Window.Property(Hourly.20.Humidity)]</property>
								<property name="UVIndex">$INFO[Window.Property(Hourly.20.UVIndex)]</property>
								<property name="ChancePrecipitation">$INFO[Window.Property(Hourly.20.ChancePrecipitation)]</property>
								<property name="Snow">$INFO[Window.Property(Hourly.20.Snow)]</property>
								<property name="HeatIndex">$INFO[Window.Property(Hourly.20.HeatIndex)]</property>
								<property name="WindChill">$INFO[Window.Property(Hourly.20.WindChill)]</property>
								<label2>$INFO[Window.Property(Hourly.20.Outlook)]</label2>
								<visible>!String.IsEmpty(Window.Property(Hourly.IsFetched))</visible>
							</item>
							<item>
								<label>$INFO[Window.Property(Hourly.21.Time)]</label>
								<icon>$VAR[WeatherIconsPathVar]$INFO[Window.Property(Hourly.21.FanartCode)]$VAR[WeatherIconsExtVar]</icon>
								<property name="Temperature">$INFO[Window.Property(Hourly.21.Temperature)]</property>
								<property name="FeelsLike">$INFO[Window.Property(Hourly.21.FeelsLike)]</property>
								<property name="Precipitation">$INFO[Window.Property(Hourly.21.Precipitation)]</property>
								<property name="WindSpeed">$INFO[Window.Property(Hourly.21.WindSpeed)]</property>
								<property name="WindDirection">$INFO[Window.Property(Hourly.21.WindDirection)]</property>
								<property name="Humidity">$INFO[Window.Property(Hourly.21.Humidity)]</property>
								<property name="UVIndex">$INFO[Window.Property(Hourly.21.UVIndex)]</property>
								<property name="ChancePrecipitation">$INFO[Window.Property(Hourly.21.ChancePrecipitation)]</property>
								<property name="Snow">$INFO[Window.Property(Hourly.21.Snow)]</property>
								<property name="HeatIndex">$INFO[Window.Property(Hourly.21.HeatIndex)]</property>
								<property name="WindChill">$INFO[Window.Property(Hourly.21.WindChill)]</property>
								<label2>$INFO[Window.Property(Hourly.21.Outlook)]</label2>
								<visible>!String.IsEmpty(Window.Property(Hourly.IsFetched))</visible>
							</item>
							<item>
								<label>$INFO[Window.Property(Hourly.22.Time)]</label>
								<icon>$VAR[WeatherIconsPathVar]$INFO[Window.Property(Hourly.22.FanartCode)]$VAR[WeatherIconsExtVar]</icon>
								<property name="Temperature">$INFO[Window.Property(Hourly.22.Temperature)]</property>
								<property name="FeelsLike">$INFO[Window.Property(Hourly.22.FeelsLike)]</property>
								<property name="Precipitation">$INFO[Window.Property(Hourly.22.Precipitation)]</property>
								<property name="WindSpeed">$INFO[Window.Property(Hourly.22.WindSpeed)]</property>
								<property name="WindDirection">$INFO[Window.Property(Hourly.22.WindDirection)]</property>
								<property name="Humidity">$INFO[Window.Property(Hourly.22.Humidity)]</property>
								<property name="UVIndex">$INFO[Window.Property(Hourly.22.UVIndex)]</property>
								<property name="ChancePrecipitation">$INFO[Window.Property(Hourly.22.ChancePrecipitation)]</property>
								<property name="Snow">$INFO[Window.Property(Hourly.22.Snow)]</property>
								<property name="HeatIndex">$INFO[Window.Property(Hourly.22.HeatIndex)]</property>
								<property name="WindChill">$INFO[Window.Property(Hourly.22.WindChill)]</property>
								<label2>$INFO[Window.Property(Hourly.22.Outlook)]</label2>
								<visible>!String.IsEmpty(Window.Property(Hourly.IsFetched))</visible>
							</item>
							<item>
								<label>$INFO[Window.Property(Hourly.23.Time)]</label>
								<icon>$VAR[WeatherIconsPathVar]$INFO[Window.Property(Hourly.23.FanartCode)]$VAR[WeatherIconsExtVar]</icon>
								<property name="Temperature">$INFO[Window.Property(Hourly.23.Temperature)]</property>
								<property name="FeelsLike">$INFO[Window.Property(Hourly.23.FeelsLike)]</property>
								<property name="Precipitation">$INFO[Window.Property(Hourly.23.Precipitation)]</property>
								<property name="WindSpeed">$INFO[Window.Property(Hourly.23.WindSpeed)]</property>
								<property name="WindDirection">$INFO[Window.Property(Hourly.23.WindDirection)]</property>
								<property name="Humidity">$INFO[Window.Property(Hourly.23.Humidity)]</property>
								<property name="UVIndex">$INFO[Window.Property(Hourly.23.UVIndex)]</property>
								<property name="ChancePrecipitation">$INFO[Window.Property(Hourly.23.ChancePrecipitation)]</property>
								<property name="Snow">$INFO[Window.Property(Hourly.23.Snow)]</property>
								<property name="HeatIndex">$INFO[Window.Property(Hourly.23.HeatIndex)]</property>
								<property name="WindChill">$INFO[Window.Property(Hourly.23.WindChill)]</property>
								<label2>$INFO[Window.Property(Hourly.23.Outlook)]</label2>
								<visible>!String.IsEmpty(Window.Property(Hourly.IsFetched))</visible>
							</item>
							<item>
								<label>$INFO[Window.Property(Hourly.24.Time)]</label>
								<icon>$VAR[WeatherIconsPathVar]$INFO[Window.Property(Hourly.24.FanartCode)]$VAR[WeatherIconsExtVar]</icon>
								<property name="Temperature">$INFO[Window.Property(Hourly.24.Temperature)]</property>
								<property name="FeelsLike">$INFO[Window.Property(Hourly.24.FeelsLike)]</property>
								<property name="Precipitation">$INFO[Window.Property(Hourly.24.Precipitation)]</property>
								<property name="WindSpeed">$INFO[Window.Property(Hourly.24.WindSpeed)]</property>
								<property name="WindDirection">$INFO[Window.Property(Hourly.24.WindDirection)]</property>
								<property name="Humidity">$INFO[Window.Property(Hourly.24.Humidity)]</property>
								<property name="UVIndex">$INFO[Window.Property(Hourly.24.UVIndex)]</property>
								<property name="ChancePrecipitation">$INFO[Window.Property(Hourly.24.ChancePrecipitation)]</property>
								<property name="Snow">$INFO[Window.Property(Hourly.24.Snow)]</property>
								<property name="HeatIndex">$INFO[Window.Property(Hourly.24.HeatIndex)]</property>
								<property name="WindChill">$INFO[Window.Property(Hourly.24.WindChill)]</property>
								<label2>$INFO[Window.Property(Hourly.24.Outlook)]</label2>
								<visible>!String.IsEmpty(Window.Property(Hourly.IsFetched))</visible>
							</item>
						</content>
					</control>
				</control>
				<control type="group">
					<visible>Container(9000).HasFocus(6)</visible>
					<include>SettingsFadeAnimation</include>
					<left>522</left>
					<top>32</top>
					<width>1316</width>
					<height>838</height>
					<control type="image">
						<width>1316</width>
						<height>839</height>
						<texture>$INFO[Window.Property(Map.1.Area)]</texture>
						<aspectratio>scale</aspectratio>
					</control>
					<control type="image">
						<width>1316</width>
						<height>839</height>
						<texture>$INFO[Window.Property(Map.1.Layer)]</texture>
						<aspectratio>scale</aspectratio>
						<colordiffuse>70FFFFFF</colordiffuse>
					</control>
					<control type="label">
						<top>720</top>
						<width>1316</width>
						<height>70</height>
						<align>right</align>
						<textcolor>black</textcolor>
						<shadowcolor>white</shadowcolor>
						<label>$INFO[ListItem.Label]</label>
						<textoffsetx>15</textoffsetx>
					</control>
					<control type="image">
						<top>780</top>
						<width>1316</width>
						<height>60</height>
						<texture>$INFO[Window.Property(Map.1.Legend)]</texture>
						<aspectratio align="right" aligny="bottom">keep</aspectratio>
					</control>
				</control>
				<control type="group">
					<visible>Container(9000).HasFocus(7)</visible>
					<include>SettingsFadeAnimation</include>
					<left>522</left>
					<top>32</top>
					<width>1316</width>
					<height>838</height>
					<control type="image">
						<width>1316</width>
						<height>839</height>
						<texture>$INFO[Window.Property(Map.2.Area)]</texture>
						<aspectratio>scale</aspectratio>
					</control>
					<control type="image">
						<width>1316</width>
						<height>839</height>
						<texture>$INFO[Window.Property(Map.2.Layer)]</texture>
						<aspectratio>scale</aspectratio>
						<colordiffuse>70FFFFFF</colordiffuse>
					</control>
					<control type="label">
						<top>720</top>
						<width>1316</width>
						<height>70</height>
						<align>right</align>
						<textcolor>black</textcolor>
						<shadowcolor>white</shadowcolor>
						<label>$INFO[ListItem.Label]</label>
						<textoffsetx>15</textoffsetx>
					</control>
					<control type="image">
						<top>780</top>
						<width>1316</width>
						<height>60</height>
						<texture>$INFO[Window.Property(Map.2.Legend)]</texture>
						<aspectratio align="right" aligny="bottom">keep</aspectratio>
					</control>
				</control>
				<control type="group">
					<visible>Container(9000).HasFocus(8)</visible>
					<include>SettingsFadeAnimation</include>
					<left>522</left>
					<top>32</top>
					<width>1316</width>
					<height>838</height>
					<control type="image">
						<width>1316</width>
						<height>839</height>
						<texture>$INFO[Window.Property(Map.3.Area)]</texture>
						<aspectratio>scale</aspectratio>
					</control>
					<control type="image">
						<width>1316</width>
						<height>839</height>
						<texture>$INFO[Window.Property(Map.3.Layer)]</texture>
						<aspectratio>scale</aspectratio>
						<colordiffuse>70FFFFFF</colordiffuse>
					</control>
					<control type="label">
						<top>720</top>
						<width>1316</width>
						<height>70</height>
						<align>right</align>
						<textcolor>black</textcolor>
						<shadowcolor>white</shadowcolor>
						<label>$INFO[ListItem.Label]</label>
						<textoffsetx>15</textoffsetx>
					</control>
					<control type="image">
						<top>780</top>
						<width>1316</width>
						<height>60</height>
						<texture>$INFO[Window.Property(Map.3.Legend)]</texture>
						<aspectratio align="right" aligny="bottom">keep</aspectratio>
					</control>
				</control>
				<control type="group">
					<visible>Container(9000).HasFocus(9)</visible>
					<include>SettingsFadeAnimation</include>
					<left>522</left>
					<top>32</top>
					<width>1316</width>
					<height>838</height>
					<control type="image">
						<width>1316</width>
						<height>839</height>
						<texture>$INFO[Window.Property(Map.4.Area)]</texture>
						<aspectratio>scale</aspectratio>
					</control>
					<control type="image">
						<width>1316</width>
						<height>839</height>
						<texture>$INFO[Window.Property(Map.4.Layer)]</texture>
						<aspectratio>scale</aspectratio>
						<colordiffuse>70FFFFFF</colordiffuse>
					</control>
					<control type="label">
						<top>720</top>
						<width>1316</width>
						<height>70</height>
						<align>right</align>
						<textcolor>black</textcolor>
						<shadowcolor>white</shadowcolor>
						<label>$INFO[ListItem.Label]</label>
						<textoffsetx>15</textoffsetx>
					</control>
					<control type="image">
						<top>780</top>
						<width>1316</width>
						<height>60</height>
						<texture>$INFO[Window.Property(Map.4.Legend)]</texture>
						<aspectratio align="right" aligny="bottom">keep</aspectratio>
					</control>
				</control>
				<control type="group">
					<visible>Container(9000).HasFocus(10)</visible>
					<include>SettingsFadeAnimation</include>
					<left>522</left>
					<top>32</top>
					<width>1316</width>
					<height>838</height>
					<control type="image">
						<width>1316</width>
						<height>839</height>
						<texture>$INFO[Window.Property(Map.5.Area)]</texture>
						<aspectratio>scale</aspectratio>
					</control>
					<control type="image">
						<width>1316</width>
						<height>839</height>
						<texture>$INFO[Window.Property(Map.5.Layer)]</texture>
						<aspectratio>scale</aspectratio>
						<colordiffuse>70FFFFFF</colordiffuse>
					</control>
					<control type="label">
						<top>720</top>
						<width>1316</width>
						<height>70</height>
						<align>right</align>
						<textcolor>black</textcolor>
						<shadowcolor>white</shadowcolor>
						<label>$INFO[ListItem.Label]</label>
						<textoffsetx>15</textoffsetx>
					</control>
					<control type="image">
						<top>780</top>
						<width>1316</width>
						<height>60</height>
						<texture>$INFO[Window.Property(Map.5.Legend)]</texture>
						<aspectratio align="right" aligny="bottom">keep</aspectratio>
					</control>
				</control>
			</control>
		</control>
		<include>Topbar</include>
		<control type="label">
			<left>1020</left>
			<width>900</width>
			<height>90</height>
			<font>font13_title</font>
			<textoffsetx>15</textoffsetx>
			<textcolor>grey2</textcolor>
			<align>right</align>
			<aligny>top</aligny>
			<textoffsety>-2</textoffsety>
			<label>$INFO[Weather.Location]</label>
			<animation effect="slide" tween="cubic" time="240" end="-500,0" condition="Player.HasMedia | Window.IsActive(volumebar)">Conditional</animation>
			<animation effect="slide" start="0,-90" end="0,0" delay="800" time="480" condition="Window.Previous(Home)">WindowOpen</animation>
			<animation effect="slide" end="0,-90" start="0,0" time="480" condition="Window.Next(Home)">WindowClose</animation>
		</control>
		<control type="group">
			<left>-440</left>
			<include>SideBladeLeft</include>
			<control type="grouplist" id="9050">
				<top>100</top>
				<width>400</width>
				<height>1080</height>
				<onleft>9050</onleft>
				<onright>ClearProperty(MediaMenu,Home)</onright>
				<onright>9000</onright>
				<onup>9050</onup>
				<ondown condition="Player.HasMedia">9957</ondown>
				<ondown condition="!Player.HasMedia">9050</ondown>
				<onback>ClearProperty(MediaMenu,Home)</onback>
				<onback>9000</onback>
				<control type="label" id="200">
					<width>400</width>
					<height>52</height>
					<textoffsetx>15</textoffsetx>
					<font>font13_title</font>
					<label>31006</label>
					<textcolor>$VAR[ThemeLabelColor]</textcolor>
				</control>
				<control type="spincontrolex" id="3">
					<description>change location button</description>
					<font />
					<include>ButtonCommonValues</include>
				</control>
				<control type="button" id="2001">
					<label>$LOCALIZE[33068]</label>
					<onclick condition="!System.HasAddon(script.image.resource.select)">InstallAddon(script.image.resource.select)</onclick>
					<onclick condition="System.HasAddon(script.image.resource.select)">RunScript(script.image.resource.select,property=weatherfanart&amp;type=resource.images.weatherfanart)</onclick>
					<include>ButtonCommonValues</include>
				</control>
				<control type="button" id="2002">
					<description>Weather icons</description>
					<label>$LOCALIZE[536]</label>
					<onclick condition="!System.HasAddon(script.image.resource.select)">InstallAddon(script.image.resource.select)</onclick>
					<onclick condition="System.HasAddon(script.image.resource.select)">RunScript(script.image.resource.select,property=weathericons&amp;type=resource.images.weathericons)</onclick>
					<textwidth>352</textwidth>
					<include>ButtonCommonValues</include>
				</control>
				<control type="label" id="203">
					<width>400</width>
					<height>52</height>
					<textoffsetx>15</textoffsetx>
					<font>font13_title</font>
					<label>31026</label>
					<textcolor>$VAR[ThemeLabelColor]</textcolor>
				</control>
				<control type="button" id="2">
					<description>Refresh button</description>
					<textwidth>352</textwidth>
					<include>ButtonCommonValues</include>
					<label>103</label>
				</control>
				<control type="button" id="4">
					<description>Settings button</description>
					<label>5</label>
					<onclick>ClearProperty(MediaMenu,Home)</onclick>
					<onclick>ActivateWindow(servicesettings,weather)</onclick>
					<textwidth>352</textwidth>
					<include>ButtonCommonValues</include>
				</control>
			</control>
			<control type="group">
				<top>152</top>
				<control type="label" id="201">
					<include>ButtonCommonValues</include>
					<label>31069</label>
					<visible>!Control.HasFocus(3)</visible>
				</control>
				<control type="label" id="202">
					<textcolor>white</textcolor>
					<include>ButtonCommonValues</include>
					<label>31069</label>
					<visible>Control.HasFocus(3)</visible>
				</control>
			</control>
			<include>MediaMenuPlayerControls</include>
		</control>
	</controls>
</window>