<?xml version="1.0" encoding="UTF-8"?>
<window>
	<onload condition="System.HasAddon(script.artistslideshow)">RunScript(script.artistslideshow,daemon=True)</onload>
	<onload condition="System.HasAddon(script.skin.info.service)">RunScript(script.skin.info.service)</onload>
	<onload condition="!System.HasAddon(script.tv.show.next.aired)">Skin.SetBool(Disable.NextAired)</onload>
	<onload condition="System.HasAddon(script.colorbox)">SetProperty(FIVE_daemon_set,True,home)</onload>
	<onload condition="System.HasAddon(script.colorbox)">SetProperty(cfa_daemon_set,blur,home)</onload>
	<onload condition="System.HasAddon(script.colorbox)">SetProperty(FIVE_daemon_set,blur,home)</onload>
	<onload condition="System.HasAddon(script.colorbox)">Skin.SetString(ColorboxMain,main:)</onload>
	<onload condition="System.HasAddon(script.colorbox)">Skin.SetString(ColorboxComp,comp:)</onload>
	<onload condition="System.HasAddon(script.colorbox)">Skin.SetString(ColorboxBlursize,10)</onload>
	<onload condition="System.HasAddon(script.colorbox)">RunScript(script.colorbox,daemon=True)</onload>
	<onload condition="System.HasAddon(script.colorbox)">AlarmClock(nms1,SetProperty(NINE_manual_set,"var=main,set=$INFO[Skin.String(ColorboxMain)]|var=comp,set=$INFO[Skin.String(ColorboxComp)]|var=blursize,set=$INFO[Skin.String(ColorboxBlursize)]",home),00:05,true)</onload>
	<onload condition="String.IsEmpty(Skin.String(Overlay.Toggle))">SetProperty(Overlay.Path,overlays/showcase/,Home)</onload>
	<onload condition="String.IsEqual(Skin.String(Overlay.Toggle),both) + !Skin.HasSetting(coloredflags)">SetProperty(Overlay.Path,overlays/showcase/1/,Home)</onload>
	<onload condition="String.IsEqual(Skin.String(Overlay.Toggle),both) + Skin.HasSetting(coloredflags)">SetProperty(Overlay.Path,overlays/showcase/4/,Home)</onload>
	<onload condition="String.IsEqual(Skin.String(Overlay.Toggle),watched) + !Skin.HasSetting(coloredflags)">SetProperty(Overlay.Path,overlays/showcase/2/,Home)</onload>
	<onload condition="String.IsEqual(Skin.String(Overlay.Toggle),watched) + Skin.HasSetting(coloredflags)">SetProperty(Overlay.Path,overlays/showcase/5/,Home)</onload>
	<onload condition="String.IsEqual(Skin.String(Overlay.Toggle),unwatched) + !Skin.HasSetting(coloredflags)">SetProperty(Overlay.Path,overlays/showcase/3/,Home)</onload>
	<onload condition="String.IsEqual(Skin.String(Overlay.Toggle),unwatched) + Skin.HasSetting(coloredflags)">SetProperty(Overlay.Path,overlays/showcase/6/,Home)</onload>
	<onload condition="!Skin.HasSetting(Disable.Resumable)">SetProperty(Overlay.Resumable,True,Home)</onload>
	<!-- Intro -->
	<onload condition="Skin.HasSetting(Enable.StartupIntro) + System.Platform.Windows">AlarmClock(Play Intro,PlayMedia(special://skin/extras/intro.mp4,1),00:01,silent)</onload>
	<onload condition="Skin.HasSetting(Enable.StartupIntro) + !System.Platform.Windows">AlarmClock(Play Intro,PlayMedia(special://skin/extras/intro.mp4),00:03,silent)</onload>
	<onload condition="!Skin.HasSetting(Enable.StartupIntro)">ReplaceWindow($INFO[System.StartupWindow])</onload>
	<onunload condition="Skin.HasSetting(Enable.StartupIntro)">PlayerControl(Stop)</onunload>
	<defaultcontrol condition="Skin.HasSetting(Enable.StartupIntro)">10</defaultcontrol>
	<controls>
		<control type="button" id="10">
			<include>HiddenObject</include>
			<onup>ReplaceWindow($INFO[System.StartupWindow])</onup>
			<ondown>ReplaceWindow($INFO[System.StartupWindow])</ondown>
			<onleft>ReplaceWindow($INFO[System.StartupWindow])</onleft>
			<onright>ReplaceWindow($INFO[System.StartupWindow])</onright>
			<onclick>ReplaceWindow($INFO[System.StartupWindow])</onclick>
			<onfocus>ReplaceWindow($INFO[System.StartupWindow])</onfocus>
			<animation effect="fade" end="100" time="17500" condition="System.Platform.Windows">Focus</animation>
			<animation effect="fade" end="100" time="19500" condition="!System.Platform.Windows">Focus</animation>
		</control>
		<control type="videowindow">
			<include>FullscreenDimensions</include>
			<visible>Player.HasVideo</visible>
		</control>
	</controls>
</window>