<?xml version="1.0" encoding="UTF-8"?>
<includes>
	<include name="View_54_ShowCase">
		<control type="label" id="4444">
			<label>$LOCALIZE[31966]</label>
			<include>HiddenObject</include>
			<visible>![Container.OnNext | Container.OnPrevious]</visible>
			<animation effect="fade" end="100" time="120" delay="2000" condition="true">Visible</animation>
			<animation effect="fade" end="100" time="120" delay="1600">WindowOpen</animation>
			<animation effect="fade" end="100" time="120" delay="1600">Visible</animation>
			<visible>Control.IsVisible(54) + Skin.HasSetting(Enable.ShowCaseSquare.CDArt) + !Container.Content(genres) + Container.Content(albums)</visible>
		</control>
		<control type="group">
			<visible>Control.IsVisible(54) + !Window.IsActive(addoninformation)</visible>
			<camera x="960" y="810" />
			<include>ViewAnimation</include>
			<top>-30</top>
			<control type="group" id="7007">
				<top>580</top>
				<visible>Container.OnNext</visible>
				<animation effect="slide" end="-150,0" time="200" reversible="false">Hidden</animation>
				<control type="group">
					<left>75</left>
					<visible>Container.OnNext</visible>
					<animation effect="fade" start="100" end="0" time="200" reversible="false">Hidden</animation>
					<animation effect="rotatey" center="-75" start="-65" end="-65" time="0" condition="true">Conditional</animation>
					<include>MusicShowcaseItem-6</include>
				</control>
				<control type="group">
					<left>225</left>
					<animation effect="rotatey" center="75" start="-65" end="-65" time="0" condition="true">Conditional</animation>
					<include>MusicShowcaseItem-5</include>
				</control>
				<control type="group">
					<left>375</left>
					<animation effect="rotatey" center="225" start="-65" end="-65" time="0" condition="true">Conditional</animation>
					<include>MusicShowcaseItem-4</include>
				</control>
				<control type="group">
					<left>525</left>
					<animation effect="rotatey" center="375" start="-65" end="-65" time="0" condition="true">Conditional</animation>
					<include>MusicShowcaseItem-3</include>
				</control>
				<control type="group">
					<left>675</left>
					<animation effect="rotatey" center="525" start="-65" end="-65" time="0" condition="true">Conditional</animation>
					<include>MusicShowcaseItem-2</include>
				</control>
				<control type="group">
					<left>1590</left>
					<visible>!Container.OnNext</visible>
					<animation effect="fade" end="100" time="200" reversible="false">Visible</animation>
					<animation effect="rotatey" center="2145" start="65" end="65" time="0" condition="true">Conditional</animation>
					<include>MusicShowcaseItem5</include>
				</control>
				<control type="group">
					<left>1440</left>
					<animation effect="rotatey" center="1995" start="65" end="65" time="0" condition="true">Conditional</animation>
					<include>MusicShowcaseItem4</include>
				</control>
				<control type="group">
					<left>1290</left>
					<animation effect="rotatey" center="1845" start="65" end="65" time="0" condition="true">Conditional</animation>
					<include>MusicShowcaseItem3</include>
				</control>
				<control type="group">
					<left>1140</left>
					<animation effect="rotatey" center="1695" start="65" end="65" time="0" condition="true">Conditional</animation>
					<include>MusicShowcaseItem2</include>
				</control>
				<control type="group">
					<left>990</left>
					<animation effect="rotatey" center="1545" start="65" end="65" time="0" condition="true">Conditional</animation>
					<include>MusicShowcaseItem1</include>
				</control>
				<control type="group">
					<visible>Container.OnNext</visible>
					<animation effect="slide" end="68,0" time="200" reversible="false">Hidden</animation>
					<control type="group">
						<left>840</left>
						<visible>Container.OnNext</visible>
						<animation effect="rotatey" center="1395" end="-65" time="200" reversible="false" tween="quadratic" easing="in">Hidden</animation>
						<animation effect="rotatey" center="1395" start="65" end="65" time="0" condition="true">Conditional</animation>
						<include>MusicShowcaseItem0</include>
					</control>
					<control type="group">
						<left>758</left>
						<visible>Container.OnNext</visible>
						<animation effect="rotatey" center="608" end="-65" time="200" reversible="false" tween="quadratic">Hidden</animation>
						<include>MusicShowcaseItem-1</include>
					</control>
				</control>
			</control>
			<control type="group" id="7002">
				<top>580</top>
				<visible>Container.OnPrevious</visible>
				<animation effect="slide" end="150,0" time="200" reversible="false">Hidden</animation>
				<control type="group">
					<left>1440</left>
					<visible>Container.OnPrevious</visible>
					<animation effect="fade" start="100" end="0" time="200" reversible="false">Hidden</animation>
					<animation effect="rotatey" center="1995" start="65" end="65" time="0" condition="true">Conditional</animation>
					<include>MusicShowcaseItem6</include>
				</control>
				<control type="group">
					<left>1290</left>
					<animation effect="rotatey" center="1845" start="65" end="65" time="0" condition="true">Conditional</animation>
					<include>MusicShowcaseItem5</include>
				</control>
				<control type="group">
					<left>1140</left>
					<animation effect="rotatey" center="1695" start="65" end="65" time="0" condition="true">Conditional</animation>
					<include>MusicShowcaseItem4</include>
				</control>
				<control type="group">
					<left>990</left>
					<animation effect="rotatey" center="1545" start="65" end="65" time="0" condition="true">Conditional</animation>
					<include>MusicShowcaseItem3</include>
				</control>
				<control type="group">
					<left>840</left>
					<animation effect="rotatey" center="1395" start="65" end="65" time="0" condition="true">Conditional</animation>
					<include>MusicShowcaseItem2</include>
				</control>
				<control type="group">
					<left>-75</left>
					<visible>!Container.OnPrevious</visible>
					<animation effect="fade" end="100" time="200" reversible="false">Visible</animation>
					<animation effect="rotatey" center="-225" start="-65" end="-65" time="0" condition="true">Conditional</animation>
					<include>MusicShowcaseItem-5</include>
				</control>
				<control type="group">
					<left>75</left>
					<animation effect="rotatey" center="-75" start="-65" end="-65" time="0" condition="true">Conditional</animation>
					<include>MusicShowcaseItem-4</include>
				</control>
				<control type="group">
					<left>225</left>
					<animation effect="rotatey" center="75" start="-65" end="-65" time="0" condition="true">Conditional</animation>
					<include>MusicShowcaseItem-3</include>
				</control>
				<control type="group">
					<left>375</left>
					<animation effect="rotatey" center="225" start="-65" end="-65" time="0" condition="true">Conditional</animation>
					<include>MusicShowcaseItem-2</include>
				</control>
				<control type="group">
					<left>525</left>
					<animation effect="rotatey" center="375" start="-65" end="-65" time="0" condition="true">Conditional</animation>
					<include>MusicShowcaseItem-1</include>
				</control>
				<control type="group">
					<visible>Container.OnPrevious</visible>
					<animation effect="slide" end="-68,0" time="200" reversible="false">Hidden</animation>
					<control type="group">
						<left>675</left>
						<visible>Container.OnPrevious</visible>
						<animation effect="rotatey" center="525" end="65" time="200" reversible="false" tween="quadratic" easing="in">Hidden</animation>
						<animation effect="rotatey" center="525" start="-65" end="-65" time="0" condition="true">Conditional</animation>
						<include>MusicShowcaseItem0</include>
					</control>
					<control type="group">
						<left>758</left>
						<visible>Container.OnPrevious</visible>
						<animation effect="rotatey" center="1312" end="65" time="200" reversible="false" tween="quadratic">Hidden</animation>
						<include>MusicShowcaseItem1</include>
					</control>
				</control>
			</control>
			<control type="group" id="7003">
				<top>580</top>
				<visible>!Control.IsVisible(7007) + !Control.IsVisible(7002)</visible>
				<control type="group">
					<left>75</left>
					<animation effect="rotatey" center="-75" start="-65" end="-65" time="0" condition="true">Conditional</animation>
					<include>MusicShowcaseItem-5</include>
				</control>
				<control type="group">
					<left>225</left>
					<animation effect="rotatey" center="75" start="-65" end="-65" time="0" condition="true">Conditional</animation>
					<include>MusicShowcaseItem-4</include>
				</control>
				<control type="group">
					<left>375</left>
					<animation effect="rotatey" center="225" start="-65" end="-65" time="0" condition="true">Conditional</animation>
					<include>MusicShowcaseItem-3</include>
				</control>
				<control type="group">
					<left>525</left>
					<animation effect="rotatey" center="375" start="-65" end="-65" time="0" condition="true">Conditional</animation>
					<include>MusicShowcaseItem-2</include>
				</control>
				<control type="group">
					<left>675</left>
					<animation effect="rotatey" center="525" start="-65" end="-65" time="0" condition="true">Conditional</animation>
					<include>MusicShowcaseItem-1</include>
				</control>
				<control type="group">
					<left>1440</left>
					<animation effect="rotatey" center="1995" start="65" end="65" time="0" condition="true">Conditional</animation>
					<include>MusicShowcaseItem5</include>
				</control>
				<control type="group">
					<left>1290</left>
					<animation effect="rotatey" center="1845" start="65" end="65" time="0" condition="true">Conditional</animation>
					<include>MusicShowcaseItem4</include>
				</control>
				<control type="group">
					<left>1140</left>
					<animation effect="rotatey" center="1695" start="65" end="65" time="0" condition="true">Conditional</animation>
					<include>MusicShowcaseItem3</include>
				</control>
				<control type="group">
					<left>990</left>
					<animation effect="rotatey" center="1545" start="65" end="65" time="0" condition="true">Conditional</animation>
					<include>MusicShowcaseItem2</include>
				</control>
				<control type="group">
					<left>840</left>
					<animation effect="rotatey" center="1395" start="65" end="65" time="0" condition="true">Conditional</animation>
					<include>MusicShowcaseItem1</include>
				</control>
				<control type="group">
					<left>758</left>
					<include>MusicShowcaseItem0</include>
				</control>
			</control>
			<include condition="Skin.HasSetting(HorizontalListNav)">scqfixed</include>
			<include condition="!Skin.HasSetting(HorizontalListNav)">scqwrap</include>
			<control type="scrollbar" id="95461">
				<left>110</left>
				<top>980</top>
				<width>1680</width>
				<height>12</height>
				<onup>54</onup>
				<ondown>54</ondown>
				<texturesliderbackground />
				<texturesliderbar border="6,0,6,0">scrollbar/texturesliderbar_hor.png</texturesliderbar>
				<texturesliderbarfocus border="6,0,6,0">scrollbar/texturesliderbarfocus_hor.png</texturesliderbarfocus>
				<textureslidernib />
				<textureslidernibfocus />
				<showonepage>false</showonepage>
				<orientation>horizontal</orientation>
				<animation effect="fade" start="100" end="0" time="500" delay="500" condition="!Control.HasFocus(95461) + !Container.Scrolling">Conditional</animation>
			</control>
		</control>
	</include>
	<include name="contents54list">
		<left>-368</left>
		<top>580</top>
		<width>2655</width>
		<height>525</height>
		<onleft>54</onleft>
		<onright>54</onright>
		<onup condition="Control.IsVisible(95462)">95462</onup>
		<onup condition="!Control.IsVisible(95462)">SetProperty(MediaMenu,True,Home)</onup>
		<onup condition="!ontrol.IsVisible(95462)">SetFocus(9050)</onup>
		<ondown>95461</ondown>
		<viewtype label="31077">bigwrap</viewtype>
		<pagecontrol>95461</pagecontrol>
		<scrolltime tween="quadratic" easing="out">200</scrolltime>
		<focusposition>3</focusposition>
		<orientation>horizontal</orientation>
		<preloaditems>2</preloaditems>
		<visible>Container.Content(addons) | Container.Content(albums) | Container.Content(songs) | Container.Content(artists) | Container.Content(genres) | Container.Content(years) | Window.IsActive(pictures) | [Window.IsActive(music) + Container.Content(files)]</visible>
		<itemlayout height="525" width="375" />
		<focusedlayout height="525" width="375" />
	</include>
	<include name="scqfixed">
		<control type="fixedlist" id="54">
			<include>contents54list</include>
		</control>
	</include>
	<include name="scqwrap">
		<control type="wraplist" id="54">
			<include>contents54list</include>
		</control>
	</include>
	<include name="MusicShowcaseThumb">
		<left>11</left>
		<top>11</top>
		<width>383</width>
		<height>383</height>
		<aspectratio scalediffuse="false">scale</aspectratio>
		<fadetime>0</fadetime>
		<bordersize>16</bordersize>
		<bordertexture border="16">thumbs/cd_shadow.png</bordertexture>
	</include>
	<include name="MusicShowcaseThumbReflectionDimensions">
		<left>27</left>
		<top>378</top>
		<width>351</width>
		<height>351</height>
	</include>
	<include name="MusicShowcaseThumbReflection">
		<aspectratio scalediffuse="false" aligny="top">scale</aspectratio>
		<fadetime>0</fadetime>
		<include>MusicShowcaseThumbReflectionDimensions</include>
		<colordiffuse>d1FFFFFF</colordiffuse>
		<animation effect="fade" start="70" end="70" time="0" condition="true">Conditional</animation>
	</include>
	<include name="AddonOverlayShowCase">
		<control type="image">
			<left>260</left>
			<top>7</top>
			<width>120</width>
			<height>120</height>
			<fadetime>0</fadetime>
			<bordersize>20</bordersize>
			<texture>overlays/addons/enabled.png</texture>
			<visible>ListItem($PARAM[ListItemId]).Property(Addon.IsInstalled)</visible>
		</control>
	</include>
	<!-- Music Showcase Items -->
	<include name="MusicShowcaseItem-6">
		<control type="group">
			<visible>!String.IsEmpty(Container(54).ListItemNoWrap(-6).FolderPath) | !Skin.HasSetting(HorizontalListNav)</visible>
			<control type="image">
				<texture background="true" diffuse="thumbs/boxes/cdcover_mask_aa.png" fallback="DefaultAudio.png">$VAR[MusicShowcaseItem-6Var]</texture>
				<include>MusicShowcaseThumb</include>
			</control>
			<control type="image">
				<texture background="true" flipy="true" diffuse="thumbs/boxes/cdcover_mask_reflect.png" fallback="DefaultAudio.png">$VAR[MusicShowcaseItem-6Var]</texture>
				<include>MusicShowcaseThumbReflection</include>
			</control>
		</control>
	</include>
	<include name="MusicShowcaseItem-5">
		<control type="group">
			<visible>!String.IsEmpty(Container(54).ListItemNoWrap(-5).FolderPath) | !Skin.HasSetting(HorizontalListNav)</visible>
			<control type="image">
				<texture background="true" diffuse="thumbs/boxes/cdcover_mask_aa.png" fallback="DefaultAudio.png">$VAR[MusicShowcaseItem-5Var]</texture>
				<include>MusicShowcaseThumb</include>
			</control>
			<control type="image">
				<aspectratio scalediffuse="false" aligny="top" align="left">scale</aspectratio>
				<width>150</width>
				<texture background="true" flipy="true" diffuse="thumbs/boxes/cdcover_mask_reflect.png" fallback="DefaultAudio.png">$VAR[MusicShowcaseItem-5Var]</texture>
				<include>MusicShowcaseThumbReflection</include>
			</control>
		</control>
	</include>
	<include name="MusicShowcaseItem-4">
		<control type="group">
			<visible>!String.IsEmpty(Container(54).ListItemNoWrap(-4).FolderPath) | !Skin.HasSetting(HorizontalListNav)</visible>
			<control type="image">
				<texture background="true" diffuse="thumbs/boxes/cdcover_mask_aa.png" fallback="DefaultAudio.png">$VAR[MusicShowcaseItem-4Var]</texture>
				<include>MusicShowcaseThumb</include>
			</control>
			<control type="image">
				<aspectratio scalediffuse="false" aligny="top" align="left">scale</aspectratio>
				<width>168</width>
				<texture background="true" flipy="true" diffuse="thumbs/boxes/cdcover_mask_reflect.png" fallback="DefaultAudio.png">$VAR[MusicShowcaseItem-4Var]</texture>
				<include>MusicShowcaseThumbReflection</include>
			</control>
		</control>
	</include>
	<include name="MusicShowcaseItem-3">
		<control type="group">
			<visible>!String.IsEmpty(Container(54).ListItemNoWrap(-3).FolderPath) | !Skin.HasSetting(HorizontalListNav)</visible>
			<control type="image">
				<texture background="true" diffuse="thumbs/boxes/cdcover_mask_aa.png" fallback="DefaultAudio.png">$VAR[MusicShowcaseItem-3Var]</texture>
				<include>MusicShowcaseThumb</include>
			</control>
			<control type="image">
				<aspectratio scalediffuse="false" aligny="top" align="left">scale</aspectratio>
				<width>192</width>
				<texture background="true" flipy="true" diffuse="thumbs/boxes/cdcover_mask_reflect.png" fallback="DefaultAudio.png">$VAR[MusicShowcaseItem-3Var]</texture>
				<include>MusicShowcaseThumbReflection</include>
			</control>
		</control>
	</include>
	<include name="MusicShowcaseItem-2">
		<control type="group">
			<visible>!String.IsEmpty(Container(54).ListItemNoWrap(-2).FolderPath) | !Skin.HasSetting(HorizontalListNav)</visible>
			<control type="image">
				<texture background="true" diffuse="thumbs/boxes/cdcover_mask_aa.png" fallback="DefaultAudio.png">$VAR[MusicShowcaseItem-2Var]</texture>
				<include>MusicShowcaseThumb</include>
			</control>
			<control type="image">
				<aspectratio scalediffuse="false" aligny="top" align="left">scale</aspectratio>
				<width>220</width>
				<texture background="true" flipy="true" diffuse="thumbs/boxes/cdcover_mask_reflect.png" fallback="DefaultAudio.png">$VAR[MusicShowcaseItem-2Var]</texture>
				<include>MusicShowcaseThumbReflection</include>
			</control>
		</control>
	</include>
	<include name="MusicShowcaseItem-1">
		<control type="group">
			<visible>!String.IsEmpty(Container(54).ListItemNoWrap(-1).FolderPath) | !Skin.HasSetting(HorizontalListNav)</visible>
			<control type="image">
				<texture background="true" diffuse="thumbs/boxes/cdcover_mask_aa.png" fallback="DefaultAudio.png">$VAR[MusicShowcaseItem-1Var]</texture>
				<include>MusicShowcaseThumb</include>
			</control>
			<include content="AddonOverlayShowCase" condition="Window.IsActive(AddonBrowser)">
				<param name="ListItemId" value="-1" />
			</include>
			<control type="image">
				<aspectratio scalediffuse="false" aligny="top" align="left">scale</aspectratio>
				<width>284</width>
				<texture background="true" flipy="true" diffuse="thumbs/boxes/cdcover_mask_reflect.png" fallback="DefaultAudio.png">$VAR[MusicShowcaseItem-1Var]</texture>
				<include>MusicShowcaseThumbReflection</include>
			</control>
		</control>
	</include>
	<include name="MusicShowcaseItem0">
		<control type="group">
			<visible>!String.IsEmpty(Container(54).ListItemNoWrap(0).FolderPath) | !Skin.HasSetting(HorizontalListNav)</visible>
			<control type="image">
				<left>31</left>
				<top>31</top>
				<width>343</width>
				<height>343</height>
				<texture background="true">$VAR[MusicShowcaseDiscItem0Var]</texture>
				<include>ShowCaseModDiscAnimation</include>
			</control>
			<control type="image">
				<texture background="true" diffuse="thumbs/boxes/cdcover_mask_aa.png" fallback="DefaultAudio.png">$VAR[MusicShowcaseItem0Var]</texture>
				<include>MusicShowcaseThumb</include>
			</control>
			<include content="AddonOverlayShowCase" condition="Window.IsActive(AddonBrowser)">
				<param name="ListItemId" value="0" />
			</include>
			<control type="image">
				<texture background="true" flipy="true" diffuse="thumbs/boxes/cdcover_mask_reflect.png" fallback="DefaultAudio.png">$VAR[MusicShowcaseItem0Var]</texture>
				<include>MusicShowcaseThumbReflection</include>
			</control>
		</control>
	</include>
	<include name="MusicShowcaseItem1">
		<control type="group">
			<visible>!String.IsEmpty(Container(54).ListItemNoWrap(1).FolderPath) | !Skin.HasSetting(HorizontalListNav)</visible>
			<control type="image">
				<texture background="true" diffuse="thumbs/boxes/cdcover_mask_aa.png" fallback="DefaultAudio.png">$VAR[MusicShowcaseItem1Var]</texture>
				<include>MusicShowcaseThumb</include>
			</control>
			<include content="AddonOverlayShowCase" condition="Window.IsActive(AddonBrowser)">
				<param name="ListItemId" value="1" />
			</include>
			<control type="image">
				<aspectratio scalediffuse="false" aligny="top" align="right">scale</aspectratio>
				<left>93</left>
				<width>284</width>
				<texture background="true" flipy="true" diffuse="thumbs/boxes/cdcover_mask_reflect.png" fallback="DefaultAudio.png">$VAR[MusicShowcaseItem1Var]</texture>
				<include>MusicShowcaseThumbReflection</include>
			</control>
		</control>
	</include>
	<include name="MusicShowcaseItem2">
		<control type="group">
			<visible>!String.IsEmpty(Container(54).ListItemNoWrap(2).FolderPath) | !Skin.HasSetting(HorizontalListNav)</visible>
			<control type="image">
				<texture background="true" diffuse="thumbs/boxes/cdcover_mask_aa.png" fallback="DefaultAudio.png">$VAR[MusicShowcaseItem2Var]</texture>
				<include>MusicShowcaseThumb</include>
			</control>
			<include content="AddonOverlayShowCase" condition="Window.IsActive(AddonBrowser)">
				<param name="ListItemId" value="2" />
			</include>
			<control type="image">
				<aspectratio scalediffuse="false" aligny="top" align="right">scale</aspectratio>
				<left>158</left>
				<width>220</width>
				<texture background="true" flipy="true" diffuse="thumbs/boxes/cdcover_mask_reflect.png" fallback="DefaultAudio.png">$VAR[MusicShowcaseItem2Var]</texture>
				<include>MusicShowcaseThumbReflection</include>
			</control>
		</control>
	</include>
	<include name="MusicShowcaseItem3">
		<control type="group">
			<visible>!String.IsEmpty(Container(54).ListItemNoWrap(3).FolderPath) | !Skin.HasSetting(HorizontalListNav)</visible>
			<control type="image">
				<texture background="true" diffuse="thumbs/boxes/cdcover_mask_aa.png" fallback="DefaultAudio.png">$VAR[MusicShowcaseItem3Var]</texture>
				<include>MusicShowcaseThumb</include>
			</control>
			<include content="AddonOverlayShowCase" condition="Window.IsActive(AddonBrowser)">
				<param name="ListItemId" value="3" />
			</include>
			<control type="image">
				<aspectratio scalediffuse="false" aligny="top" align="right">scale</aspectratio>
				<left>186</left>
				<width>192</width>
				<texture background="true" flipy="true" diffuse="thumbs/boxes/cdcover_mask_reflect.png" fallback="DefaultAudio.png">$VAR[MusicShowcaseItem3Var]</texture>
				<include>MusicShowcaseThumbReflection</include>
			</control>
		</control>
	</include>
	<include name="MusicShowcaseItem4">
		<control type="group">
			<visible>!String.IsEmpty(Container(54).ListItemNoWrap(4).FolderPath) | !Skin.HasSetting(HorizontalListNav)</visible>
			<control type="image">
				<texture background="true" diffuse="thumbs/boxes/cdcover_mask_aa.png" fallback="DefaultAudio.png">$VAR[MusicShowcaseItem4Var]</texture>
				<include>MusicShowcaseThumb</include>
			</control>
			<include content="AddonOverlayShowCase" condition="Window.IsActive(AddonBrowser)">
				<param name="ListItemId" value="4" />
			</include>
			<control type="image">
				<aspectratio scalediffuse="false" aligny="top" align="right">scale</aspectratio>
				<left>210</left>
				<width>168</width>
				<texture background="true" flipy="true" diffuse="thumbs/boxes/cdcover_mask_reflect.png" fallback="DefaultAudio.png">$VAR[MusicShowcaseItem4Var]</texture>
				<include>MusicShowcaseThumbReflection</include>
			</control>
		</control>
	</include>
	<include name="MusicShowcaseItem5">
		<control type="group">
			<visible>!String.IsEmpty(Container(54).ListItemNoWrap(5).FolderPath) | !Skin.HasSetting(HorizontalListNav)</visible>
			<control type="image">
				<texture background="true" diffuse="thumbs/boxes/cdcover_mask_aa.png" fallback="DefaultAudio.png">$VAR[MusicShowcaseItem5Var]</texture>
				<include>MusicShowcaseThumb</include>
			</control>
			<include content="AddonOverlayShowCase" condition="Window.IsActive(AddonBrowser)">
				<param name="ListItemId" value="5" />
			</include>
			<control type="image">
				<aspectratio scalediffuse="false" aligny="top" align="right">scale</aspectratio>
				<left>227</left>
				<width>150</width>
				<texture background="true" flipy="true" diffuse="thumbs/boxes/cdcover_mask_reflect.png" fallback="DefaultAudio.png">$VAR[MusicShowcaseItem5Var]</texture>
				<include>MusicShowcaseThumbReflection</include>
			</control>
		</control>
	</include>
	<include name="MusicShowcaseItem6">
		<control type="group">
			<visible>!String.IsEmpty(Container(54).ListItemNoWrap(6).FolderPath) | !Skin.HasSetting(HorizontalListNav)</visible>
			<control type="image">
				<texture background="true" diffuse="thumbs/boxes/cdcover_mask_aa.png" fallback="DefaultAudio.png">$VAR[MusicShowcaseItem6Var]</texture>
				<include>MusicShowcaseThumb</include>
			</control>
			<include content="AddonOverlayShowCase" condition="Window.IsActive(AddonBrowser)">
				<param name="ListItemId" value="6" />
			</include>
			<control type="image">
				<texture background="true" flipy="true" diffuse="thumbs/boxes/cdcover_mask_reflect.png" fallback="DefaultAudio.png">$VAR[MusicShowcaseItem6Var]</texture>
				<include>MusicShowcaseThumbReflection</include>
			</control>
		</control>
	</include>
	<variable name="MusicShowcaseItem-6Var">
		<value condition="Container.Content(genres)">$INFO[ListItem(-6).Label,special://skin/extras/musicgenres/,.jpg]</value>
		<value>$INFO[ListItem(-6).Icon]</value>
	</variable>
	<variable name="MusicShowcaseItem-5Var">
		<value condition="Container.Content(genres)">$INFO[ListItem(-5).Label,special://skin/extras/musicgenres/,.jpg]</value>
		<value>$INFO[ListItem(-5).Icon]</value>
	</variable>
	<variable name="MusicShowcaseItem-4Var">
		<value condition="Container.Content(genres)">$INFO[ListItem(-4).Label,special://skin/extras/musicgenres/,.jpg]</value>
		<value>$INFO[ListItem(-4).Icon]</value>
	</variable>
	<variable name="MusicShowcaseItem-3Var">
		<value condition="Container.Content(genres)">$INFO[ListItem(-3).Label,special://skin/extras/musicgenres/,.jpg]</value>
		<value>$INFO[ListItem(-3).Icon]</value>
	</variable>
	<variable name="MusicShowcaseItem-2Var">
		<value condition="Container.Content(genres)">$INFO[ListItem(-2).Label,special://skin/extras/musicgenres/,.jpg]</value>
		<value>$INFO[ListItem(-2).Icon]</value>
	</variable>
	<variable name="MusicShowcaseItem-1Var">
		<value condition="Container.Content(genres)">$INFO[ListItem(-1).Label,special://skin/extras/musicgenres/,.jpg]</value>
		<value>$INFO[ListItem(-1).Icon]</value>
	</variable>
	<variable name="MusicShowcaseItem0Var">
		<value condition="Container.Content(genres)">$INFO[ListItem.Label,special://skin/extras/musicgenres/,.jpg]</value>
		<value>$INFO[ListItem.Icon]</value>
	</variable>
	<variable name="MusicShowcaseDiscItem0Var">
		<value condition="!String.IsEmpty(ListItem(0).Art(album.discart))">$INFO[ListItem(0).Art(album.discart)]</value>
		<value>$INFO[ListItem(0).Art(discart)]</value>
	</variable>
	<variable name="MusicShowcaseItem1Var">
		<value condition="Container.Content(genres)">$INFO[ListItem(1).Label,special://skin/extras/musicgenres/,.jpg]</value>
		<value>$INFO[ListItem(1).Icon]</value>
	</variable>
	<variable name="MusicShowcaseItem2Var">
		<value condition="Container.Content(genres)">$INFO[ListItem(2).Label,special://skin/extras/musicgenres/,.jpg]</value>
		<value>$INFO[ListItem(2).Icon]</value>
	</variable>
	<variable name="MusicShowcaseItem3Var">
		<value condition="Container.Content(genres)">$INFO[ListItem(3).Label,special://skin/extras/musicgenres/,.jpg]</value>
		<value>$INFO[ListItem(3).Icon]</value>
	</variable>
	<variable name="MusicShowcaseItem4Var">
		<value condition="Container.Content(genres)">$INFO[ListItem(4).Label,special://skin/extras/musicgenres/,.jpg]</value>
		<value>$INFO[ListItem(4).Icon]</value>
	</variable>
	<variable name="MusicShowcaseItem5Var">
		<value condition="Container.Content(genres)">$INFO[ListItem(5).Label,special://skin/extras/musicgenres/,.jpg]</value>
		<value>$INFO[ListItem(5).Icon]</value>
	</variable>
	<variable name="MusicShowcaseItem6Var">
		<value condition="Container.Content(genres)">$INFO[ListItem(6).Label,special://skin/extras/musicgenres/,.jpg]</value>
		<value>$INFO[ListItem(6).Icon]</value>
	</variable>
	<include name="ShowCaseMusicInfoPanel">
		<control type="group" id="12001">
			<visible>!String.IsEmpty(Control.GetLabel(4420)) + Control.IsVisible(4420)</visible>
			<animation effect="slide" start="0,0" end="0,20" time="100" tween="cubic" condition="Container.Content(albums) + Control.IsVisible(54)">Conditional</animation>
			<animation effect="slide" start="0,-1200" end="0,0" time="720" tween="cubic">VisibleChange</animation>
			<animation effect="slide" start="0,-1200" end="0,0" time="720" tween="cubic">WindowOpen</animation>
			<animation effect="slide" end="0,-1200" start="0,0" time="720" tween="cubic">WindowClose</animation>
			<animation effect="slide" start="0,0" end="0,20" time="720" tween="cubic" condition="Control.IsVisible(52)">Conditional</animation>
			<top>50</top>
			<control type="image">
				<left>106</left>
				<top>834</top>
				<width>1706</width>
				<height>734</height>
				<texture border="40">panel_reflect.png</texture>
			</control>
			<control type="image">
				<left>106</left>
				<top>130</top>
				<width>1706</width>
				<height>734</height>
				<texture border="40">listpanel_back.png</texture>
			</control>
			<control type="group">
				<visible>String.IsEqual(Control.GetLabel(4420),1)</visible>
				<include>SettingsFadeAnimation</include>
				<control type="grouplist">
					<left>137</left>
					<top>162</top>
					<visible>Container.Content(albums)</visible>
					<control type="button">
						<label>[COLOR $VAR[ThemeLabelColor]]$LOCALIZE[515]:[/COLOR][CR]$INFO[ListItem.Genre]</label>
						<width>486</width>
						<include>ShowCaseInfoPanelButtonsValues</include>
						<visible>!String.IsEmpty(ListItem.Genre)</visible>
					</control>
					<control type="button">
						<label>[COLOR $VAR[ThemeLabelColor]]$LOCALIZE[515]:[/COLOR][CR]$LOCALIZE[31103]</label>
						<width>486</width>
						<include>ShowCaseInfoPanelButtonsValues</include>
						<visible>String.IsEmpty(ListItem.Genre)</visible>
					</control>
					<control type="button">
						<label>[COLOR $VAR[ThemeLabelColor]]$LOCALIZE[21899]:[/COLOR][CR]$INFO[ListItem.Property(Album_Label)]</label>
						<width>486</width>
						<include>ShowCaseInfoPanelButtonsValues</include>
						<visible>!String.IsEmpty(ListItem.Property(Album_Label))</visible>
					</control>
					<control type="button">
						<label>[COLOR $VAR[ThemeLabelColor]]$LOCALIZE[21899]:[/COLOR][CR]$LOCALIZE[31103]</label>
						<width>486</width>
						<include>ShowCaseInfoPanelButtonsValues</include>
						<visible>String.IsEmpty(ListItem.Property(Album_Label))</visible>
					</control>
				</control>
				<control type="grouplist">
					<left>625</left>
					<top>162</top>
					<visible>Container.Content(albums)</visible>
					<control type="button">
						<label>[COLOR $VAR[ThemeLabelColor]]$LOCALIZE[175]:[/COLOR][CR]$INFO[ListItem.Property(Album_Mood)]</label>
						<include>ShowCaseInfoPanelButtonsValues</include>
						<visible>!String.IsEmpty(ListItem.Property(Album_Mood))</visible>
					</control>
					<control type="button">
						<label>[COLOR $VAR[ThemeLabelColor]]$LOCALIZE[175]:[/COLOR][CR]$LOCALIZE[31103]</label>
						<include>ShowCaseInfoPanelButtonsValues</include>
						<visible>String.IsEmpty(ListItem.Property(Album_Mood))</visible>
					</control>
					<control type="button">
						<label>[COLOR $VAR[ThemeLabelColor]]$LOCALIZE[176]:[/COLOR][CR]$INFO[ListItem.Property(Album_Style)]</label>
						<include>ShowCaseInfoPanelButtonsValues</include>
						<visible>!String.IsEmpty(ListItem.Property(Album_Style))</visible>
					</control>
					<control type="button">
						<label>[COLOR $VAR[ThemeLabelColor]]$LOCALIZE[176]:[/COLOR][CR]$LOCALIZE[31103]</label>
						<include>ShowCaseInfoPanelButtonsValues</include>
						<visible>String.IsEmpty(ListItem.Property(Album_Style))</visible>
					</control>
				</control>
				<control type="image">
					<left>638</left>
					<top>162</top>
					<width>2</width>
					<height>179</height>
					<texture border="1">separator3.png</texture>
				</control>
				<control type="textbox">
					<label>$VAR[OtherPlotVar,$LOCALIZE[183]:[CR][COLOR white2],[/COLOR]]</label>
					<top>342</top>
					<left>152</left>
					<width>970</width>
					<height>180</height>
					<font>font14_textbox2</font>
					<pagecontrol>95462</pagecontrol>
					<autoscroll time="3000" delay="4000" repeat="5000">Skin.HasSetting(Enable.AutoScroll) + !Control.HasFocus(62)</autoscroll>
					<include>ShowCaseInfoPanelButtonsValues</include>
					<textcolor>$VAR[ThemeLabelColor]</textcolor>
					<visible>Container.Content(albums)</visible>
				</control>
				<control type="textbox">
					<label>$VAR[OtherPlotVar,$LOCALIZE[21887]:[CR][COLOR white2],[/COLOR]]</label>
					<top>162</top>
					<left>152</left>
					<width>940</width>
					<height>350</height>
					<font>font14_textbox</font>
					<autoscroll time="3000" delay="4000" repeat="5000">Skin.HasSetting(Enable.AutoScroll) + !Control.HasFocus(62)</autoscroll>
					<pagecontrol>95462</pagecontrol>
					<include>ShowCaseInfoPanelButtonsValues</include>
					<textcolor>$VAR[ThemeLabelColor]</textcolor>
					<visible>Container.Content(artists)</visible>
				</control>
				<control type="scrollbar" id="95462">
					<top>342</top>
					<left>1128</left>
					<width>14</width>
					<height>180</height>
					<onup>SetProperty(MediaMenu,True,Home)</onup>
					<onup>SetFocus(9050)</onup>
					<onleft>50</onleft>
					<onright>50</onright>
					<ondown>50</ondown>
					<texturesliderbackground>scrollbar/texturesliderbackground3.png</texturesliderbackground>
					<texturesliderbar colordiffuse="55ffffff" border="1">scrollbar/texturesliderbar3.png</texturesliderbar>
					<texturesliderbarfocus border="1">scrollbar/texturesliderbar3.png</texturesliderbarfocus>
					<showonepage>false</showonepage>
					<orientation>vertical</orientation>
				</control>
				<control type="image">
					<left>1142</left>
					<top>162</top>
					<width>640</width>
					<height>360</height>
					<fadetime>200</fadetime>
					<texture background="true">$INFO[ListItem.Art(fanart)]</texture>
					<bordertexture border="1,1,2,1">thumbs/panel_border.png</bordertexture>
					<bordersize>1,1,2,1</bordersize>
				</control>
			</control>
			<control type="group">
				<visible>String.IsEqual(Control.GetLabel(4420),2)</visible>
				<include>SettingsFadeAnimation</include>
				<control type="grouplist">
					<left>137</left>
					<top>164</top>
					<height>360</height>
					<visible>Container.Content(artists)</visible>
					<control type="button">
						<label>[COLOR $VAR[ThemeLabelColor]]$LOCALIZE[21893]:[/COLOR][CR]$INFO[ListItem.Property(Artist_Born)]</label>
						<include>ShowCaseInfoPanelButtonsValues</include>
						<visible>!String.IsEmpty(ListItem.Property(Artist_Born))</visible>
					</control>
					<control type="button">
						<label>[COLOR $VAR[ThemeLabelColor]]$LOCALIZE[21894]:[/COLOR][CR]$INFO[ListItem.Property(Artist_Formed)]</label>
						<include>ShowCaseInfoPanelButtonsValues</include>
						<visible>!String.IsEmpty(ListItem.Property(Artist_Formed))</visible>
					</control>
					<control type="button">
						<label>[COLOR $VAR[ThemeLabelColor]]$LOCALIZE[21897]:[/COLOR][CR]$INFO[ListItem.Property(Artist_Died)]</label>
						<include>ShowCaseInfoPanelButtonsValues</include>
						<visible>!String.IsEmpty(ListItem.Property(Artist_Died))</visible>
					</control>
					<control type="button">
						<label>[COLOR $VAR[ThemeLabelColor]]$LOCALIZE[21896]:[/COLOR][CR]$INFO[ListItem.Property(Artist_Disbanded)]</label>
						<include>ShowCaseInfoPanelButtonsValues</include>
						<visible>!String.IsEmpty(ListItem.Property(Artist_Disbanded))</visible>
					</control>
					<control type="button">
						<label>[COLOR $VAR[ThemeLabelColor]]$LOCALIZE[21898]:[/COLOR][CR]$INFO[ListItem.Property(Artist_YearsActive)]</label>
						<include>ShowCaseInfoPanelButtonsValues</include>
						<visible>!String.IsEmpty(ListItem.Property(Artist_YearsActive))</visible>
					</control>
					<control type="button">
						<label>[COLOR $VAR[ThemeLabelColor]]$LOCALIZE[175]:[/COLOR][CR]$INFO[ListItem.Property(Artist_Mood)]</label>
						<include>ShowCaseInfoPanelButtonsValues</include>
						<visible>!String.IsEmpty(ListItem.Property(Artist_Mood))</visible>
					</control>
					<control type="button">
						<label>[COLOR $VAR[ThemeLabelColor]]$LOCALIZE[176]:[/COLOR][CR]$INFO[ListItem.Property(Artist_Style)]</label>
						<include>ShowCaseInfoPanelButtonsValues</include>
						<visible>!String.IsEmpty(ListItem.Property(Artist_Style))</visible>
					</control>
				</control>
				<control type="image">
					<left>638</left>
					<top>162</top>
					<width>2</width>
					<height>359</height>
					<texture border="1">separator3.png</texture>
				</control>
				<control type="textbox">
					<left>655</left>
					<label>$VAR[OtherPlotVar]</label>
					<top>162</top>
					<width>700</width>
					<height>354</height>
					<font>font14_textbox</font>
					<pagecontrol>95462</pagecontrol>
					<autoscroll time="3000" delay="4000" repeat="5000">Skin.HasSetting(Enable.AutoScroll) + !Control.HasFocus(62)</autoscroll>
					<include>ShowCaseInfoPanelButtonsValues</include>
				</control>
				<control type="scrollbar" id="95462">
					<top>162</top>
					<left>1408</left>
					<width>14</width>
					<height>360</height>
					<onup>SetProperty(MediaMenu,True,Home)</onup>
					<onup>SetFocus(9050)</onup>
					<onleft>50</onleft>
					<onright>50</onright>
					<ondown>50</ondown>
					<texturesliderbackground>scrollbar/texturesliderbackground3.png</texturesliderbackground>
					<texturesliderbar colordiffuse="55ffffff" border="1">scrollbar/texturesliderbar3.png</texturesliderbar>
					<texturesliderbarfocus border="1">scrollbar/texturesliderbar3.png</texturesliderbarfocus>
					<showonepage>false</showonepage>
					<orientation>vertical</orientation>
				</control>
				<control type="image">
					<left>1142</left>
					<top>162</top>
					<width>640</width>
					<height>360</height>
					<fadetime>200</fadetime>
					<aspectratio align="right">keep</aspectratio>
					<texture background="true">$VAR[PosterThumbVar]</texture>
					<bordertexture border="1,1,2,1">thumbs/panel_border.png</bordertexture>
					<bordersize>1,1,2,1</bordersize>
				</control>
			</control>
		</control>
	</include>
</includes>