<?xml version="1.0" encoding="UTF-8"?>
<includes>
	<include name="View_507_BigList">
		<control type="group">
			<visible>Control.IsVisible(507) + !Window.IsActive(addoninformation)</visible>
			<include>ViewAnimation</include>
			<control type="group">
				<left>58</left>
				<top>-55</top>
				<control type="image">
					<left>-32</left>
					<top>118</top>
					<width>1867</width>
					<height>995</height>
					<texture colordiffuse="E6FFFFFF" border="40">listpanel_back.png</texture>
					<visible>!Skin.HasSetting(alternatebiglistlayout)</visible>
				</control>
			</control>
			<control type="list" id="507">
				<viewtype label="$LOCALIZE[31242]">biglist</viewtype>
				<left>58</left>
				<top>95</top>
				<width>1808</width>
				<height>950</height>
				<onleft>SetProperty(MediaMenu,True,Home)</onleft>
				<onleft>SetFocus(9050)</onleft>
				<onright condition="Control.IsVisible(50760)">50760</onright>
				<onright condition="!Control.IsVisible(50760)">4400</onright>
				<onup>507</onup>
				<ondown>507</ondown>
				<preloaditems>2</preloaditems>
				<pagecontrol>50760</pagecontrol>
				<orientation>vertical</orientation>
				<animation effect="slide" tween="cubic" time="0" end="-50,0" condition="Container.Content(albums) + Skin.HasSetting(alternatebiglistlayout)">Conditional</animation>
				<visible>[Container.Content(movies) | Container.Content(tvshows) | Container.Content(episodes) | Container.Content(artists) | Container.Content(albums)]</visible>
				<itemlayout width="1808" height="235">
					<include>view_BigList-LandscapeCommons</include>
					<control type="group">
						<left>382</left>
						<top>6</top>
						<animation effect="fade" start="100" end="75" condition="true">Conditional</animation>
						<control type="label">
							<width>1380</width>
							<label>$INFO[ListItem.Label]</label>
							<font>font16_title_bold</font>
							<aligny>top</aligny>
							<visible>!ListItem.IsCollection</visible>
						</control>
						<control type="label">
							<top>55</top>
							<width>1380</width>
							<label>$INFO[ListItem.Label]</label>
							<font>font45caps_title</font>
							<aligny>top</aligny>
							<visible>ListItem.IsCollection</visible>
						</control>
						<control type="label">
							<top>42</top>
							<width>1380</width>
							<label>$VAR[FloorSubLabelVar]</label>
							<aligny>top</aligny>
							<font>font15</font>
							<visible>Container.Content(movies) + !ListItem.IsParentFolder</visible>
							<visible>!ListItem.IsCollection</visible>
						</control>
						<control type="label">
							<top>42</top>
							<width>1380</width>
							<label>$VAR[DurationMinutesVar]</label>
							<aligny>top</aligny>
							<font>font15</font>
							<visible>Container.Content(songs)</visible>
						</control>
						<control type="label">
							<top>42</top>
							<width>1380</width>
							<label>$LOCALIZE[20360]: [COLOR white]$INFO[ListItem.Property(TotalEpisodes)] $INFO[ListItem.Property(UnWatchedEpisodes), ($LOCALIZE[16101]: ,)] • $INFO[ListItem.RatingAndVotes][/COLOR]</label>
							<aligny>top</aligny>
							<font>font15</font>
							<textcolor>$VAR[ThemeLabelColor]</textcolor>
							<visible>Container.Content(tvshows) + !ListItem.IsParentFolder</visible>
						</control>
						<control type="label">
							<top>42</top>
							<width>1380</width>
							<label>$INFO[ListItem.Premiered,(,) • ]$INFO[ListItem.RatingAndVotes,, • ]$VAR[DurationMinutesVar,, $LOCALIZE[12391]]</label>
							<aligny>top</aligny>
							<font>font15</font>
							<visible>Container.Content(episodes) + !ListItem.IsParentFolder</visible>
						</control>
						<control type="label">
							<top>42</top>
							<width>1380</width>
							<label>$INFO[ListItem.Property(Artist_Genre)]</label>
							<aligny>top</aligny>
							<font>font15</font>
							<textcolor>$VAR[ThemeLabelColor]</textcolor>
							<visible>Container.Content(artists) | Container.Content(albums)</visible>
						</control>
						<control type="label">
							<top>42</top>
							<width>1380</width>
							<label>$INFO[ListItem.Artist]</label>
							<aligny>top</aligny>
							<font>font15</font>
							<textcolor>$VAR[ThemeLabelColor]</textcolor>
							<visible>Container.Content(albums)</visible>
						</control>
						<control type="textbox">
							<top>90</top>
							<width>1380</width>
							<height>108</height>
							<label>$INFO[ListItem.Tagline,, - ]$VAR[VideoPlotVar,[COLOR white],[/COLOR]]</label>
							<autoscroll>false</autoscroll>
							<font>font14_textbox</font>
							<textcolor>$VAR[ThemeLabelColor]</textcolor>
							<visible>!Container.Content(artists)</visible>
							<visible>!ListItem.IsCollection</visible>
						</control>
						<control type="textbox">
							<top>90</top>
							<width>1380</width>
							<height>108</height>
							<label>$VAR[MusicPlotVar]</label>
							<autoscroll>false</autoscroll>
							<font>font14_textbox</font>
							<visible>[Container.Content(artists) | Container.Content(albums)]</visible>
						</control>
						<control type="image">
							<left>1200</left>
							<top>16</top>
							<width>192</width>
							<height>33</height>
							<colordiffuse>$VAR[ThemeLabelColor]</colordiffuse>
							<aspectratio>keep</aspectratio>
							<texture fallback="rating0.png">$INFO[ListItem.UserRating,flags/rating/,.png]</texture>
							<visible>Container.Content(albums) | Container.Content(songs)</visible>
						</control>
						<control type="image">
							<left>1360</left>
							<width>64</width>
							<height>64</height>
							<aspectratio>keep</aspectratio>
							<texture colordiffuse="$VAR[ThemeLabelColor]">$VAR[ListItem.Overlay]</texture>
							<visible>Container.Content(episodes)</visible>
						</control>
						<control type="image">
							<left>1320</left>
							<top>9</top>
							<width>42</width>
							<height>46.5</height>
							<colordiffuse>grey</colordiffuse>
							<aspectratio>keep</aspectratio>
							<texture>$VAR[UnFocusHDIndicator]</texture>
							<visible>!String.IsEmpty(ListItem.VideoResolution) + [Skin.HasSetting(noindicatorbiglist) + Container.Content(movies)] | [Skin.HasSetting(noindicatorbiglistepisode) + Container.Content(episodes)]</visible>
						</control>
					</control>
				</itemlayout>
				<focusedlayout width="1808" height="235">
					<control type="image">
						<top>-8</top>
						<width>1803</width>
						<height>231</height>
						<texture colordiffuse="$VAR[HighlightBarColor]">listselect_fo.png</texture>
						<visible>Control.HasFocus(507)</visible>
						<include>VisibleFadeAnimation</include>
						<visible>[Container.Content(albums) + !Skin.HasSetting(alternatebiglistlayout)] | [Container.Content(movies) | Container.Content(tvshows) | Container.Content(episodes) | Container.Content(artists)]</visible>
					</control>
					<control type="image">
						<left>90</left>
						<top>-8</top>
						<width>1713</width>
						<height>231</height>
						<texture colordiffuse="$VAR[HighlightBarColor]">listselect_fo.png</texture>
						<visible>Container.Content(albums) + Skin.HasSetting(alternatebiglistlayout)</visible>
					</control>
					<include>view_BigList-LandscapeCommons</include>
					<control type="group">
						<left>382</left>
						<top>6</top>
						<control type="group">
							<control type="label">
								<width>1380</width>
								<label>$INFO[ListItem.Label]</label>
								<font>font16_title_bold</font>
								<aligny>top</aligny>
								<visible>!ListItem.IsCollection</visible>
							</control>
							<control type="label">
								<top>55</top>
								<width>1380</width>
								<label>$INFO[ListItem.Label]</label>
								<font>font45caps_title</font>
								<aligny>top</aligny>
								<visible>ListItem.IsCollection</visible>
							</control>
							<control type="label">
								<top>42</top>
								<width>1380</width>
								<label>$VAR[FloorSubLabelVar]</label>
								<aligny>top</aligny>
								<font>font15</font>
								<visible>Container.Content(movies) + !ListItem.IsParentFolder</visible>
								<visible>!ListItem.IsCollection</visible>
							</control>
							<control type="label">
								<top>42</top>
								<width>1380</width>
								<label>$VAR[DurationMinutesVar]</label>
								<aligny>top</aligny>
								<font>font15</font>
								<visible>Container.Content(songs)</visible>
							</control>
							<control type="label">
								<top>42</top>
								<width>1380</width>
								<label>$LOCALIZE[20360]: [COLOR white]$INFO[ListItem.Property(TotalEpisodes)] $INFO[ListItem.Property(UnWatchedEpisodes), ($LOCALIZE[16101]: ,)] • $INFO[ListItem.RatingAndVotes][/COLOR]</label>
								<aligny>top</aligny>
								<font>font15</font>
								<textcolor>$VAR[ThemeLabelColor]</textcolor>
								<visible>Container.Content(tvshows) + !ListItem.IsParentFolder</visible>
							</control>
							<control type="label">
								<top>42</top>
								<width>1380</width>
								<label>$INFO[ListItem.Premiered,(,) • ]$INFO[ListItem.RatingAndVotes,, • ]$VAR[DurationMinutesVar,, $LOCALIZE[12391]]</label>
								<aligny>top</aligny>
								<font>font15</font>
								<visible>Container.Content(episodes) + !ListItem.IsParentFolder</visible>
								<visible>!ListItem.IsCollection</visible>
							</control>
							<control type="label">
								<top>42</top>
								<width>1380</width>
								<label>$INFO[ListItem.Property(Artist_Genre)]</label>
								<aligny>top</aligny>
								<font>font15</font>
								<textcolor>$VAR[ThemeLabelColor]</textcolor>
								<visible>Container.Content(artists)</visible>
							</control>
							<control type="label">
								<top>42</top>
								<width>1380</width>
								<label>$INFO[ListItem.Artist]</label>
								<aligny>top</aligny>
								<font>font15</font>
								<textcolor>$VAR[ThemeLabelColor]</textcolor>
								<visible>Container.Content(albums)</visible>
							</control>
							<control type="textbox">
								<top>90</top>
								<width>1380</width>
								<height>108</height>
								<label>$INFO[ListItem.Tagline,, - ]$VAR[VideoPlotVar,[COLOR white],[/COLOR]]</label>
								<font>font14_textbox</font>
								<textcolor>$VAR[ThemeLabelColor]</textcolor>
								<autoscroll time="3500" delay="4000" repeat="5000">Skin.HasSetting(Enable.AutoScroll)</autoscroll>
								<visible>!Container.Content(artists)</visible>
								<visible>!ListItem.IsCollection</visible>
							</control>
							<control type="textbox">
								<top>90</top>
								<width>1380</width>
								<height>108</height>
								<label>$VAR[MusicPlotVar]</label>
								<font>font14_textbox</font>
								<autoscroll time="3500" delay="4000" repeat="5000">Skin.HasSetting(Enable.AutoScroll)</autoscroll>
								<visible>[Container.Content(artists) | Container.Content(albums)]</visible>
							</control>
							<control type="image">
								<left>1200</left>
								<top>16</top>
								<width>192</width>
								<height>33</height>
								<colordiffuse>$VAR[ThemeLabelColor]</colordiffuse>
								<aspectratio>keep</aspectratio>
								<texture fallback="rating0.png">$INFO[ListItem.UserRating,flags/rating/,.png]</texture>
								<visible>Container.Content(albums) | Container.Content(songs)</visible>
							</control>
							<control type="image">
								<left>1360</left>
								<width>64</width>
								<height>64</height>
								<aspectratio>keep</aspectratio>
								<texture colordiffuse="$VAR[ThemeLabelColor]">$VAR[ListItem.Overlay]</texture>
								<visible>Container.Content(episodes)</visible>
							</control>
							<control type="image">
								<left>1320</left>
								<top>9</top>
								<width>42</width>
								<height>46.5</height>
								<aspectratio>keep</aspectratio>
								<texture>$VAR[UnFocusHDIndicator]</texture>
								<visible>!String.IsEmpty(ListItem.VideoResolution) + [Skin.HasSetting(noindicatorbiglist) + Container.Content(movies)] | [Skin.HasSetting(noindicatorbiglistepisode) + Container.Content(episodes)]</visible>
							</control>
						</control>
					</control>
				</focusedlayout>
			</control>
			<control type="scrollbar" id="50760">
				<left>1860</left>
				<top>100</top>
				<width>14</width>
				<height>945</height>
				<onup>50760</onup>
				<ondown>50760</ondown>
				<onleft>507</onleft>
				<onright>4400</onright>
				<texturesliderbackground />
				<texturesliderbar colordiffuse="55ffffff" border="1">scrollbar/texturesliderbar2.png</texturesliderbar>
				<texturesliderbarfocus border="1">scrollbar/texturesliderbar2.png</texturesliderbarfocus>
				<showonepage>false</showonepage>
				<orientation>vertical</orientation>
				<animation effect="fade" start="100" end="0" time="500" delay="500" condition="!Control.HasFocus(50760) + !Container.Scrolling">Conditional</animation>
				<visible>!Skin.HasSetting(alternatebiglistlayout)</visible>
			</control>
			<control type="scrollbar" id="50760">
				<left>1880</left>
				<top>100</top>
				<width>5</width>
				<height>945</height>
				<onup>50760</onup>
				<ondown>50760</ondown>
				<onleft>507</onleft>
				<onright>4400</onright>
				<texturesliderbackground />
				<texturesliderbar colordiffuse="55ffffff" border="1">listselect_fo.png</texturesliderbar>
				<texturesliderbarfocus border="1">listselect_fo.png</texturesliderbarfocus>
				<showonepage>false</showonepage>
				<orientation>vertical</orientation>
				<animation effect="fade" start="100" end="0" time="500" delay="500" condition="!Control.HasFocus(50760) + !Container.Scrolling">Conditional</animation>
				<animation effect="zoom" start="100,100" end="200,100" center="auto" tween="sine" easing="inout" time="500" pulse="true" condition="Control.HasFocus(50760)">Conditional</animation>
				<visible>Skin.HasSetting(alternatebiglistlayout)</visible>
			</control>
		</control>
	</include>
	<include name="view_BigList-LandscapeCommons">
		<control type="group">
			<left>18</left>
			<top>10</top>
			<control type="image">
				<left>100</left>
				<top>-2</top>
				<width>200</width>
				<height>200</height>
				<aspectratio>scale</aspectratio>
				<texture background="true">$INFO[ListItem.Icon]</texture>
				<visible>Container.Content(albums) | Container.Content(songs)</visible>
			</control>
			<control type="image">
				<width>346</width>
				<height>195</height>
				<texture background="true">$INFO[ListItem.Art(fanart)]</texture>
				<aspectratio>scale</aspectratio>
				<visible>![Container.Content(episodes) | Container.Content(albums) | Container.Content(songs)]</visible>
			</control>
			<control type="image">
				<width>346</width>
				<height>195</height>
				<texture background="true">$INFO[ListItem.Art(thumb)]</texture>
				<aspectratio>scale</aspectratio>
				<visible>Container.Content(episodes)</visible>
			</control>
			<control type="image">
				<left>286</left>
				<width>70</width>
				<height>70</height>
				<texture>$VAR[OverlayVar]</texture>
				<aspectratio align="right" aligny="top">keep</aspectratio>
				<visible>[!String.IsEmpty(Skin.String(507.Movies.DisableOverlay)) + Container.Content(movies)] | [!String.IsEmpty(Skin.String(507.TV.DisableOverlay)) + Container.Content(tvshows)] | [!String.IsEmpty(Skin.String(507.Episodes.DisableOverlay)) + Container.Content(episodes)]</visible>
			</control>
			<control type="image">
				<top>90</top>
				<width>346</width>
				<height>98</height>
				<aspectratio align="center" aligny="bottom">keep</aspectratio>
				<texture background="true">$INFO[ListItem.Art(clearlogo)]</texture>
				<visible>![Container.Content(episodes) | Container.Content(artists)] + !Container.Content(albums)</visible>
			</control>
		</control>
	</include>
</includes>