<?xml version="1.0" encoding="UTF-8"?>
<includes>
	<!-- Video List -->
	<include name="VideoList">
		<control type="group">
			<visible>Control.IsVisible(50) + !Window.IsActive(addoninformation)</visible>
			<include>ViewAnimation</include>
			<centerleft>50%</centerleft>
			<width>100%</width>
			<control type="group">
				<left>100</left>
				<top>-40</top>
				<control type="image">
					<left>-32</left>
					<top>1020</top>
					<width>1204</width>
					<height>904</height>
					<texture border="40">panel_reflect.png</texture>
				</control>
				<control type="image">
					<left>-32</left>
					<top>148</top>
					<width>1204</width>
					<height>904</height>
					<texture colordiffuse="E6FFFFFF" border="40">listpanel_back.png</texture>
				</control>
				<control type="panel" id="50">
					<top>180</top>
					<width>1140</width>
					<height>840</height>
					<onleft>SetProperty(MediaMenu,True,Home)</onleft>
					<onleft>SetFocus(9050)</onleft>
					<onright condition="Control.IsVisible(95060)">95060</onright>
					<onright condition="!Control.IsVisible(95060) + Control.IsVisible(95061)">95061</onright>
					<onright condition="!Control.IsVisible(95060) + !Control.IsVisible(95061)">4400</onright>
					<onup>50</onup>
					<ondown>50</ondown>
					<viewtype label="535">list</viewtype>
					<pagecontrol>95060</pagecontrol>
					<scrolltime tween="quadratic" easing="out">200</scrolltime>
					<itemlayout height="120" width="1140" condition="Container.Content(movies)">
						<control type="image">
							<left>15</left>
							<top>7.5</top>
							<width>105</width>
							<height>105</height>
							<aspectratio>keep</aspectratio>
							<texture fallback="flags/studios/default-studio.png">$VAR[StudioIconVar]</texture>
							<colordiffuse>grey2</colordiffuse>
							<animation effect="slide" end="0,7.5" time="0" condition="ListItem.IsCollection">Conditional</animation>
						</control>
						<control type="label">
							<left>135</left>
							<width>790</width>
							<height>70</height>
							<font>font30</font>
							<textcolor>grey2</textcolor>
							<label>$INFO[ListItem.Label]</label>
							<animation effect="slide" start="0,0" end="0,25" time="0" condition="String.IsEmpty(ListItem.Genre)">Conditional</animation>
						</control>
						<control type="label">
							<left>135</left>
							<top>55</top>
							<width>790</width>
							<height>60</height>
							<font>font15</font>
							<textcolor>grey3</textcolor>
							<label>$VAR[VideoListLabel2Var]</label>
						</control>
						<control type="image">
							<left>935</left>
							<top>46</top>
							<width>42</width>
							<height>28</height>
							<aspectratio>keep</aspectratio>
							<texture>$VAR[UnFocusHDIndicator]</texture>
							<colordiffuse>grey2</colordiffuse>
							<visible>String.IsEqual(ListItem.Label2,ListItem.Rating) | String.IsEqual(ListItem.Label2,ListItem.Year)</visible>
						</control>
						<control type="label">
							<width>1060</width>
							<height>116</height>
							<font>font30</font>
							<align>right</align>
							<textcolor>grey2</textcolor>
							<label>$INFO[ListItem.Rating]</label>
							<visible>[String.IsEqual(ListItem.Label2,ListItem.Rating) + !Skin.HasSetting(Enable.HideRatings)] | String.IsEqual(Container.SortMethod,$LOCALIZE[563])</visible>
							<visible>!ListItem.IsCollection</visible>
						</control>
						<control type="label">
							<left>5</left>
							<width>1060</width>
							<height>116</height>
							<font>font15</font>
							<align>right</align>
							<textcolor>grey2</textcolor>
							<label>$VAR[VideoListLabelVar]</label>
							<visible>[!String.IsEqual(ListItem.Label2,ListItem.Rating) | Skin.HasSetting(Enable.HideRatings)] + !String.IsEqual(Container.SortMethod,$LOCALIZE[563])</visible>
							<visible>!ListItem.IsCollection</visible>
						</control>
						<control type="image">
							<left>1076</left>
							<top>28</top>
							<width>64</width>
							<height>64</height>
							<aspectratio>keep</aspectratio>
							<texture colordiffuse="$VAR[ThemeLabelColor]">$VAR[ListItem.Overlay]</texture>
						</control>
					</itemlayout>
					<focusedlayout height="120" width="1140" condition="Container.Content(movies)">
						<control type="image">
							<width>1140</width>
							<height>120</height>
							<texture colordiffuse="$VAR[HighlightBarColor]" border="4">listselect_fo.png</texture>
							<visible>Control.HasFocus(50)</visible>
							<include>VisibleFadeAnimation</include>
						</control>
						<control type="image">
							<left>15</left>
							<top>7.5</top>
							<width>105</width>
							<height>105</height>
							<aspectratio>keep</aspectratio>
							<texture fallback="flags/studios/default-studio.png">$VAR[StudioIconVar]</texture>
							<animation effect="slide" end="0,7.5" time="0" condition="ListItem.IsCollection">Conditional</animation>
						</control>
						<control type="label">
							<left>135</left>
							<width>790</width>
							<height>70</height>
							<font>font30</font>
							<label>$INFO[ListItem.Label]</label>
							<animation effect="slide" start="0,0" end="0,25" time="0" condition="String.IsEmpty(ListItem.Genre)">Conditional</animation>
						</control>
						<control type="label">
							<left>135</left>
							<top>55</top>
							<width>790</width>
							<height>60</height>
							<font>font15</font>
							<label>$VAR[VideoListLabel2Var]</label>
						</control>
						<control type="image">
							<left>935</left>
							<top>46</top>
							<width>42</width>
							<height>28</height>
							<aspectratio>keep</aspectratio>
							<texture>$VAR[UnFocusHDIndicator]</texture>
							<visible>String.IsEqual(ListItem.Label2,ListItem.Rating) | String.IsEqual(ListItem.Label2,ListItem.Year)</visible>
						</control>
						<control type="label">
							<width>1060</width>
							<height>116</height>
							<font>font30</font>
							<align>right</align>
							<label>$INFO[ListItem.Rating]</label>
							<visible>[String.IsEqual(ListItem.Label2,ListItem.Rating) + !Skin.HasSetting(Enable.HideRatings)] | String.IsEqual(Container.SortMethod,$LOCALIZE[563])</visible>
							<visible>!ListItem.IsCollection</visible>
						</control>
						<control type="label">
							<left>5</left>
							<width>1060</width>
							<height>116</height>
							<font>font15</font>
							<align>right</align>
							<label>$VAR[VideoListLabelVar]</label>
							<visible>[!String.IsEqual(ListItem.Label2,ListItem.Rating) | Skin.HasSetting(Enable.HideRatings)] + !String.IsEqual(Container.SortMethod,$LOCALIZE[563])</visible>
							<visible>!ListItem.IsCollection</visible>
						</control>
						<control type="image">
							<left>1076</left>
							<top>28</top>
							<width>64</width>
							<height>64</height>
							<aspectratio>keep</aspectratio>
							<texture colordiffuse="$VAR[ThemeLabelColor]">$VAR[ListItem.Overlay]</texture>
						</control>
					</focusedlayout>
					<itemlayout height="120" width="1140" condition="Container.Content(episodes)">
						<control type="image">
							<left>15</left>
							<top>8</top>
							<width>105</width>
							<height>105</height>
							<aspectratio>keep</aspectratio>
							<texture background="true">$INFO[ListItem.Icon,views/list/]</texture>
							<colordiffuse>grey2</colordiffuse>
							<visible>String.StartsWith(ListItem.Icon,Default)</visible>
						</control>
						<control type="image">
							<left>15</left>
							<top>8</top>
							<width>105</width>
							<height>105</height>
							<aspectratio>keep</aspectratio>
							<texture background="true">$INFO[ListItem.Icon]</texture>
							<visible>!String.StartsWith(ListItem.Icon,Default)</visible>
						</control>
						<control type="label">
							<left>135</left>
							<width>790</width>
							<height>70</height>
							<font>font30</font>
							<textcolor>grey2</textcolor>
							<label>$INFO[ListItem.Label]</label>
							<animation effect="slide" start="0,0" end="0,25" time="0" condition="String.IsEmpty(ListItem.Premiered)">Conditional</animation>
						</control>
						<control type="label">
							<left>135</left>
							<top>55</top>
							<width>790</width>
							<height>60</height>
							<font>font15</font>
							<textcolor>grey3</textcolor>
							<label>$VAR[VideoListLabel2Var]</label>
						</control>
						<control type="image">
							<left>935</left>
							<top>46</top>
							<width>42</width>
							<height>28</height>
							<aspectratio>keep</aspectratio>
							<texture>$VAR[UnFocusHDIndicator]</texture>
							<colordiffuse>grey2</colordiffuse>
							<visible>String.IsEqual(ListItem.Label2,ListItem.Rating)</visible>
						</control>
						<control type="label">
							<width>1060</width>
							<height>116</height>
							<font>font30</font>
							<align>right</align>
							<textcolor>grey2</textcolor>
							<label>$INFO[ListItem.Label2]</label>
							<visible>String.IsEqual(ListItem.Label2,ListItem.Rating)</visible>
						</control>
						<control type="label">
							<left>5</left>
							<width>1060</width>
							<height>116</height>
							<font>font15</font>
							<align>right</align>
							<textcolor>grey2</textcolor>
							<label>$INFO[ListItem.Label2]</label>
							<visible>!String.IsEqual(ListItem.Label2,ListItem.Rating)</visible>
						</control>
						<control type="image">
							<left>1076</left>
							<top>28</top>
							<width>64</width>
							<height>64</height>
							<aspectratio>keep</aspectratio>
							<texture colordiffuse="$VAR[ThemeLabelColor]">$VAR[ListItem.Overlay]</texture>
						</control>
					</itemlayout>
					<focusedlayout height="120" width="1140" condition="Container.Content(episodes)">
						<control type="image">
							<width>1140</width>
							<height>120</height>
							<texture colordiffuse="$VAR[HighlightBarColor]" border="4">listselect_fo.png</texture>
							<visible>Control.HasFocus(50)</visible>
							<include>VisibleFadeAnimation</include>
						</control>
						<control type="image">
							<left>15</left>
							<top>8</top>
							<width>105</width>
							<height>105</height>
							<aspectratio>keep</aspectratio>
							<texture background="true">$INFO[ListItem.Icon,views/list/]</texture>
							<visible>String.StartsWith(ListItem.Icon,Default)</visible>
						</control>
						<control type="image">
							<left>15</left>
							<top>8</top>
							<width>105</width>
							<height>105</height>
							<aspectratio>keep</aspectratio>
							<texture background="true">$INFO[ListItem.Icon]</texture>
							<visible>!String.StartsWith(ListItem.Icon,Default)</visible>
						</control>
						<control type="label">
							<left>135</left>
							<width>790</width>
							<height>70</height>
							<font>font30</font>
							<label>$INFO[ListItem.Label]</label>
							<animation effect="slide" start="0,0" end="0,25" time="0" condition="String.IsEmpty(ListItem.Premiered)">Conditional</animation>
						</control>
						<control type="label">
							<left>135</left>
							<top>55</top>
							<width>790</width>
							<height>60</height>
							<font>font15</font>
							<label>$VAR[VideoListLabel2Var]</label>
						</control>
						<control type="image">
							<left>935</left>
							<top>46</top>
							<width>42</width>
							<height>28</height>
							<aspectratio>keep</aspectratio>
							<texture>$VAR[UnFocusHDIndicator]</texture>
							<visible>String.IsEqual(ListItem.Label2,ListItem.Rating)</visible>
						</control>
						<control type="label">
							<width>1060</width>
							<height>116</height>
							<font>font30</font>
							<align>right</align>
							<label>$INFO[ListItem.Label2]</label>
							<visible>String.IsEqual(ListItem.Label2,ListItem.Rating)</visible>
						</control>
						<control type="label">
							<left>5</left>
							<width>1060</width>
							<height>116</height>
							<font>font15</font>
							<align>right</align>
							<label>$INFO[ListItem.Label2]</label>
							<visible>!String.IsEqual(ListItem.Label2,ListItem.Rating)</visible>
						</control>
						<control type="image">
							<left>1076</left>
							<top>28</top>
							<width>64</width>
							<height>64</height>
							<aspectratio>keep</aspectratio>
							<texture colordiffuse="$VAR[ThemeLabelColor]">$VAR[ListItem.Overlay]</texture>
						</control>
					</focusedlayout>
					<itemlayout height="120" width="1140" condition="Container.Content(tvshows)">
						<control type="image">
							<left>15</left>
							<top>8</top>
							<width>105</width>
							<height>105</height>
							<aspectratio>keep</aspectratio>
							<texture fallback="flags/studios/default-studio.png">$VAR[StudioIconVar]</texture>
							<colordiffuse>grey2</colordiffuse>
						</control>
						<control type="label">
							<left>135</left>
							<width>790</width>
							<height>70</height>
							<font>font30</font>
							<textcolor>grey2</textcolor>
							<label>$INFO[ListItem.Label]</label>
							<animation effect="slide" start="0,0" end="0,25" time="0" condition="String.IsEmpty(ListItem.Genre)">Conditional</animation>
						</control>
						<control type="label">
							<left>135</left>
							<top>55</top>
							<width>790</width>
							<height>60</height>
							<font>font15</font>
							<textcolor>grey3</textcolor>
							<label>$VAR[VideoListLabel2Var]</label>
						</control>
						<control type="label">
							<width>1060</width>
							<height>116</height>
							<font>font15</font>
							<align>right</align>
							<textcolor>grey2</textcolor>
							<label>$INFO[ListItem.Label2]</label>
						</control>
						<control type="image">
							<left>1076</left>
							<top>28</top>
							<width>64</width>
							<height>64</height>
							<aspectratio>keep</aspectratio>
							<texture colordiffuse="$VAR[ThemeLabelColor]">$VAR[ListItem.Overlay]</texture>
						</control>
						<control type="group">
							<left>1076</left>
							<control type="image">
								<top>28</top>
								<width>64</width>
								<height>64</height>
								<texture>overlays/list/OverlayUnWatched.png</texture>
								<visible>Integer.IsGreater(ListItem.Property(UnWatchedEpisodes),0) + String.IsEmpty(ListItem.Overlay)</visible>
							</control>
							<control type="label">
								<left>-18</left>
								<width>100</width>
								<height>120</height>
								<font>font12_title</font>
								<align>center</align>
								<label>$VAR[ListOverlayEpisodesVar]</label>
								<textcolor>grey3</textcolor>
								<textoffsetx>18</textoffsetx>
								<visible>Integer.IsGreater(ListItem.Property(UnWatchedEpisodes),0)</visible>
							</control>
						</control>
					</itemlayout>
					<focusedlayout height="120" width="1140" condition="Container.Content(tvshows)">
						<control type="image">
							<width>1140</width>
							<height>120</height>
							<texture colordiffuse="$VAR[HighlightBarColor]" border="4">listselect_fo.png</texture>
							<visible>Control.HasFocus(50)</visible>
							<include>VisibleFadeAnimation</include>
						</control>
						<control type="image">
							<left>15</left>
							<top>8</top>
							<width>105</width>
							<height>105</height>
							<aspectratio>keep</aspectratio>
							<texture fallback="flags/studios/default-studio.png">$VAR[StudioIconVar]</texture>
						</control>
						<control type="label">
							<left>135</left>
							<width>790</width>
							<height>70</height>
							<font>font30</font>
							<label>$INFO[ListItem.Label]</label>
							<animation effect="slide" start="0,0" end="0,25" time="0" condition="String.IsEmpty(ListItem.Genre)">Conditional</animation>
						</control>
						<control type="label">
							<left>135</left>
							<top>55</top>
							<width>790</width>
							<height>60</height>
							<font>font15</font>
							<label>$VAR[VideoListLabel2Var]</label>
						</control>
						<control type="label">
							<width>1060</width>
							<height>116</height>
							<font>font15</font>
							<align>right</align>
							<label>$INFO[ListItem.Label2]</label>
						</control>
						<control type="image">
							<left>1076</left>
							<top>28</top>
							<width>64</width>
							<height>64</height>
							<aspectratio>keep</aspectratio>
							<texture colordiffuse="$VAR[ThemeLabelColor]">$VAR[ListItem.Overlay]</texture>
						</control>
						<control type="group">
							<left>1076</left>
							<control type="image">
								<top>28</top>
								<width>64</width>
								<height>64</height>
								<texture>overlays/list/OverlayUnWatched.png</texture>
								<visible>Integer.IsGreater(ListItem.Property(UnWatchedEpisodes),0) + String.IsEmpty(ListItem.Overlay)</visible>
							</control>
							<control type="label">
								<left>-18</left>
								<width>100</width>
								<height>120</height>
								<font>font12_title</font>
								<align>center</align>
								<label>$VAR[ListOverlayEpisodesVar]</label>
								<textoffsetx>18</textoffsetx>
								<visible>Integer.IsGreater(ListItem.Property(UnWatchedEpisodes),0)</visible>
							</control>
						</control>
					</focusedlayout>
					<itemlayout height="120" width="1140" condition="Container.Content(seasons)">
						<control type="image">
							<left>15</left>
							<top>8</top>
							<width>105</width>
							<height>105</height>
							<aspectratio>keep</aspectratio>
							<texture background="true">$INFO[ListItem.Icon]</texture>
							<visible>!String.StartsWith(ListItem.Icon,Default)</visible>
						</control>
						<control type="image">
							<left>15</left>
							<top>8</top>
							<width>105</width>
							<height>105</height>
							<aspectratio>keep</aspectratio>
							<texture background="true">$INFO[ListItem.Icon,views/list/]</texture>
							<colordiffuse>grey2</colordiffuse>
							<visible>String.StartsWith(ListItem.Icon,Default)</visible>
						</control>
						<control type="label">
							<left>135</left>
							<width>960</width>
							<height>120</height>
							<font>font30</font>
							<textcolor>grey2</textcolor>
							<label>$INFO[ListItem.Label]</label>
						</control>
						<control type="label">
							<width>1060</width>
							<height>116</height>
							<font>font15</font>
							<align>right</align>
							<textcolor>grey2</textcolor>
							<label>$INFO[ListItem.Property(TotalEpisodes),, $LOCALIZE[20453]]</label>
						</control>
						<control type="image">
							<left>1076</left>
							<top>28</top>
							<width>64</width>
							<height>64</height>
							<aspectratio>keep</aspectratio>
							<texture colordiffuse="$VAR[ThemeLabelColor]">$VAR[ListItem.Overlay]</texture>
						</control>
						<control type="group">
							<left>1076</left>
							<control type="image">
								<top>28</top>
								<width>64</width>
								<height>64</height>
								<texture>overlays/list/OverlayUnWatched.png</texture>
								<visible>Integer.IsGreater(ListItem.Property(UnWatchedEpisodes),0) + String.IsEmpty(ListItem.Overlay)</visible>
							</control>
							<control type="label">
								<left>-18</left>
								<width>100</width>
								<height>120</height>
								<font>font12_title</font>
								<align>center</align>
								<label>$VAR[ListOverlayEpisodesVar]</label>
								<textcolor>grey3</textcolor>
								<textoffsetx>18</textoffsetx>
								<visible>Integer.IsGreater(ListItem.Property(UnWatchedEpisodes),0)</visible>
							</control>
						</control>
					</itemlayout>
					<focusedlayout height="120" width="1140" condition="Container.Content(seasons)">
						<control type="image">
							<width>1140</width>
							<height>120</height>
							<texture colordiffuse="$VAR[HighlightBarColor]" border="4">listselect_fo.png</texture>
							<visible>Control.HasFocus(50)</visible>
							<include>VisibleFadeAnimation</include>
						</control>
						<control type="image">
							<left>15</left>
							<top>8</top>
							<width>105</width>
							<height>105</height>
							<aspectratio>keep</aspectratio>
							<texture background="true">$INFO[ListItem.Icon]</texture>
							<visible>!String.StartsWith(ListItem.Icon,Default)</visible>
						</control>
						<control type="image">
							<left>15</left>
							<top>8</top>
							<width>105</width>
							<height>105</height>
							<aspectratio>keep</aspectratio>
							<texture background="true">$INFO[ListItem.Icon,views/list/]</texture>
							<visible>String.StartsWith(ListItem.Icon,Default)</visible>
						</control>
						<control type="label">
							<left>135</left>
							<width>960</width>
							<height>120</height>
							<font>font30</font>
							<label>$INFO[ListItem.Label]</label>
						</control>
						<control type="label">
							<width>1060</width>
							<height>116</height>
							<font>font15</font>
							<align>right</align>
							<label>$INFO[ListItem.Property(TotalEpisodes),, $LOCALIZE[20453]]</label>
						</control>
						<control type="image">
							<left>1076</left>
							<top>28</top>
							<width>64</width>
							<height>64</height>
							<aspectratio>keep</aspectratio>
							<texture colordiffuse="$VAR[ThemeLabelColor]">$VAR[ListItem.Overlay]</texture>
						</control>
						<control type="group">
							<left>1076</left>
							<control type="image">
								<top>28</top>
								<width>64</width>
								<height>64</height>
								<texture>overlays/list/OverlayUnWatched.png</texture>
								<visible>Integer.IsGreater(ListItem.Property(UnWatchedEpisodes),0) + String.IsEmpty(ListItem.Overlay)</visible>
							</control>
							<control type="label">
								<left>-18</left>
								<width>100</width>
								<height>120</height>
								<font>font12_title</font>
								<align>center</align>
								<label>$VAR[ListOverlayEpisodesVar]</label>
								<textoffsetx>18</textoffsetx>
								<visible>Integer.IsGreater(ListItem.Property(UnWatchedEpisodes),0)</visible>
							</control>
						</control>
					</focusedlayout>
					<itemlayout height="120" width="1140" condition="Container.Content(addons)">
						<control type="image">
							<left>15</left>
							<top>8</top>
							<width>105</width>
							<height>105</height>
							<aspectratio>keep</aspectratio>
							<texture background="true">$INFO[ListItem.Icon,views/list/]</texture>
							<colordiffuse>grey2</colordiffuse>
							<visible>String.StartsWith(ListItem.Icon,Default)</visible>
						</control>
						<control type="image">
							<left>15</left>
							<top>8</top>
							<width>105</width>
							<height>105</height>
							<aspectratio>keep</aspectratio>
							<texture background="true">$INFO[ListItem.Icon]</texture>
							<visible>!String.StartsWith(ListItem.Icon,Default)</visible>
						</control>
						<control type="label">
							<left>135</left>
							<width>905</width>
							<height>70</height>
							<font>font30</font>
							<textcolor>grey2</textcolor>
							<label>$INFO[ListItem.Label]</label>
							<animation effect="slide" start="0,0" end="0,25" time="0" condition="String.IsEmpty(ListItem.AddonSummary)">Conditional</animation>
						</control>
						<control type="label">
							<left>135</left>
							<top>50</top>
							<width>905</width>
							<height>60</height>
							<font>font15</font>
							<textcolor>grey3</textcolor>
							<label>$INFO[ListItem.AddonSummary]</label>
						</control>
						<control type="label">
							<left>60</left>
							<width>1060</width>
							<height>120</height>
							<font>font15</font>
							<align>right</align>
							<textcolor>grey2</textcolor>
							<label>$INFO[ListItem.Label2]</label>
						</control>
					</itemlayout>
					<focusedlayout height="120" width="1140" condition="Container.Content(addons)">
						<control type="image">
							<width>1140</width>
							<height>120</height>
							<texture colordiffuse="$VAR[HighlightBarColor]" border="4">listselect_fo.png</texture>
							<visible>Control.HasFocus(50)</visible>
							<include>VisibleFadeAnimation</include>
						</control>
						<control type="image">
							<left>15</left>
							<top>8</top>
							<width>105</width>
							<height>105</height>
							<aspectratio>keep</aspectratio>
							<texture background="true">$INFO[ListItem.Icon,views/list/]</texture>
							<visible>String.StartsWith(ListItem.Icon,Default)</visible>
						</control>
						<control type="image">
							<left>15</left>
							<top>8</top>
							<width>105</width>
							<height>105</height>
							<aspectratio>keep</aspectratio>
							<texture background="true">$INFO[ListItem.Icon]</texture>
							<visible>!String.StartsWith(ListItem.Icon,Default)</visible>
						</control>
						<control type="label">
							<left>135</left>
							<width>905</width>
							<height>70</height>
							<font>font30</font>
							<label>$INFO[ListItem.Label]</label>
							<animation effect="slide" start="0,0" end="0,25" time="0" condition="String.IsEmpty(ListItem.AddonSummary)">Conditional</animation>
						</control>
						<control type="label">
							<left>135</left>
							<top>50</top>
							<width>905</width>
							<height>60</height>
							<font>font15</font>
							<label>$INFO[ListItem.AddonSummary]</label>
						</control>
						<control type="label">
							<left>60</left>
							<width>1060</width>
							<height>120</height>
							<font>font15</font>
							<align>right</align>
							<label>$INFO[ListItem.Label2]</label>
						</control>
					</focusedlayout>
					<itemlayout height="120" width="1140" condition="Container.Content(videos)">
						<control type="label">
							<left>30</left>
							<width>1040</width>
							<height>70</height>
							<font>font30</font>
							<textcolor>grey2</textcolor>
							<label>$INFO[ListItem.Label]</label>
						</control>
						<control type="label">
							<left>30</left>
							<top>55</top>
							<width>1040</width>
							<height>60</height>
							<font>font15</font>
							<textcolor>grey3</textcolor>
							<label>$INFO[ListItem.Studio]</label>
						</control>
						<control type="label">
							<left>30</left>
							<width>1040</width>
							<height>120</height>
							<font>font15</font>
							<align>right</align>
							<textcolor>grey2</textcolor>
							<label>$VAR[VideoListLabelVar]</label>
						</control>
						<control type="image">
							<left>1076</left>
							<top>28</top>
							<width>64</width>
							<height>64</height>
							<aspectratio>keep</aspectratio>
							<texture>$VAR[ListItem.Overlay]</texture>
						</control>
					</itemlayout>
					<focusedlayout height="120" width="1140" condition="Container.Content(videos)">
						<control type="image">
							<width>1140</width>
							<height>120</height>
							<texture colordiffuse="$VAR[HighlightBarColor]" border="4">listselect_fo.png</texture>
							<visible>Control.HasFocus(50)</visible>
							<include>VisibleFadeAnimation</include>
						</control>
						<control type="label">
							<left>30</left>
							<width>1040</width>
							<height>70</height>
							<font>font30</font>
							<label>$INFO[ListItem.Label]</label>
						</control>
						<control type="label">
							<left>30</left>
							<top>55</top>
							<width>1040</width>
							<height>60</height>
							<font>font15</font>
							<label>$INFO[ListItem.Studio]</label>
						</control>
						<control type="label">
							<left>30</left>
							<width>1040</width>
							<height>120</height>
							<font>font15</font>
							<align>right</align>
							<label>$VAR[VideoListLabelVar]</label>
						</control>
						<control type="image">
							<left>1076</left>
							<top>28</top>
							<width>64</width>
							<height>64</height>
							<aspectratio>keep</aspectratio>
							<texture>$VAR[ListItem.Overlay]</texture>
						</control>
					</focusedlayout>
					<itemlayout height="120" width="1140" condition="![Container.Content(movies) | Container.Content(tvshows) | Container.Content(episodes) | Container.Content(addons) | Container.Content(seasons) | Container.Content(videos)]">
						<control type="image">
							<left>15</left>
							<top>8</top>
							<width>105</width>
							<height>105</height>
							<aspectratio>keep</aspectratio>
							<texture background="true">$INFO[ListItem.Icon,views/list/]</texture>
							<colordiffuse>grey2</colordiffuse>
							<visible>String.StartsWith(ListItem.Icon,Default) + !Container.Content(studios)</visible>
						</control>
						<control type="image">
							<left>15</left>
							<top>8</top>
							<width>105</width>
							<height>105</height>
							<aspectratio>keep</aspectratio>
							<texture fallback="flags/studios/default-studio.png">$INFO[ListItem.Label,resource://resource.images.studios.white/,.png]</texture>
							<visible>String.StartsWith(ListItem.Icon,Default) + Container.Content(studios) + !Skin.HasSetting(coloredflags)</visible>
						</control>
						<control type="image">
							<left>15</left>
							<top>8</top>
							<width>105</width>
							<height>105</height>
							<aspectratio>keep</aspectratio>
							<texture fallback="flags/studios/default-studio.png">$INFO[ListItem.Label,resource://resource.images.studios.coloured/,.png]</texture>
							<visible>String.StartsWith(ListItem.Icon,Default) + Container.Content(studios) + Skin.HasSetting(coloredflags)</visible>
						</control>
						<control type="image">
							<left>15</left>
							<top>8</top>
							<width>105</width>
							<height>105</height>
							<aspectratio>keep</aspectratio>
							<texture background="true">$INFO[ListItem.Icon]</texture>
							<visible>!String.StartsWith(ListItem.Icon,Default)</visible>
						</control>
						<control type="label">
							<left>135</left>
							<width>960</width>
							<height>120</height>
							<font>font30</font>
							<textcolor>grey2</textcolor>
							<label>$INFO[ListItem.Label]</label>
						</control>
						<control type="label">
							<left>100</left>
							<width>960</width>
							<height>120</height>
							<font>font15</font>
							<align>right</align>
							<textcolor>grey2</textcolor>
							<label>$VAR[VideoListLabelVar]</label>
						</control>
						<control type="image">
							<left>1076</left>
							<top>28</top>
							<width>64</width>
							<height>64</height>
							<aspectratio>keep</aspectratio>
							<texture colordiffuse="$VAR[ThemeLabelColor]">$VAR[ListItem.Overlay]</texture>
						</control>
					</itemlayout>
					<focusedlayout height="120" width="1140" condition="![Container.Content(movies) | Container.Content(tvshows) | Container.Content(episodes) | Container.Content(addons) | Container.Content(seasons) | Container.Content(videos)]">
						<control type="image">
							<width>1140</width>
							<height>120</height>
							<texture colordiffuse="$VAR[HighlightBarColor]" border="4">listselect_fo.png</texture>
							<visible>Control.HasFocus(50)</visible>
							<include>VisibleFadeAnimation</include>
						</control>
						<control type="image">
							<left>15</left>
							<top>8</top>
							<width>105</width>
							<height>105</height>
							<aspectratio>keep</aspectratio>
							<texture background="true">$INFO[ListItem.Icon,views/list/]</texture>
							<visible>String.StartsWith(ListItem.Icon,Default) + !Container.Content(studios)</visible>
						</control>
						<control type="image">
							<left>15</left>
							<top>8</top>
							<width>105</width>
							<height>105</height>
							<aspectratio>keep</aspectratio>
							<texture fallback="flags/studios/default-studio.png">$INFO[ListItem.Label,resource://resource.images.studios.white/,.png]</texture>
							<visible>String.StartsWith(ListItem.Icon,Default) + Container.Content(studios) + !Skin.HasSetting(coloredflags)</visible>
						</control>
						<control type="image">
							<left>15</left>
							<top>8</top>
							<width>105</width>
							<height>105</height>
							<aspectratio>keep</aspectratio>
							<texture fallback="flags/studios/default-studio.png">$INFO[ListItem.Label,resource://resource.images.studios.coloured/,.png]</texture>
							<visible>String.StartsWith(ListItem.Icon,Default) + Container.Content(studios) + Skin.HasSetting(coloredflags)</visible>
						</control>
						<control type="image">
							<left>15</left>
							<top>8</top>
							<width>105</width>
							<height>105</height>
							<aspectratio>keep</aspectratio>
							<texture background="true">$INFO[ListItem.Icon]</texture>
							<visible>!String.StartsWith(ListItem.Icon,Default)</visible>
						</control>
						<control type="label">
							<left>135</left>
							<width>960</width>
							<height>120</height>
							<font>font30</font>
							<label>$INFO[ListItem.Label]</label>
						</control>
						<control type="label">
							<left>100</left>
							<width>960</width>
							<height>120</height>
							<font>font15</font>
							<align>right</align>
							<label>$VAR[VideoListLabelVar]</label>
						</control>
						<control type="image">
							<left>1076</left>
							<top>28</top>
							<width>64</width>
							<height>64</height>
							<aspectratio>keep</aspectratio>
							<texture colordiffuse="$VAR[ThemeLabelColor]">$VAR[ListItem.Overlay]</texture>
						</control>
					</focusedlayout>
				</control>
				<control type="scrollbar" id="95060">
					<left>1140</left>
					<top>180</top>
					<width>14</width>
					<height>840</height>
					<onup>95060</onup>
					<ondown>95060</ondown>
					<onleft>50</onleft>
					<onright condition="!Control.IsVisible(95061) + !Control.IsVisible(8000)">SetProperty(MediaMenu,True,Home)</onright>
					<onright condition="!Control.IsVisible(95061) + !Control.IsVisible(8000)">SetFocus(9050)</onright>
					<onright condition="Control.IsVisible(95061) + !Control.IsVisible(8000)">95061</onright>
					<onright condition="!Control.IsVisible(95061) + !Control.IsVisible(8000)">4400</onright>
					<onright condition="Control.IsVisible(8000)">8000</onright>
					<texturesliderbackground />
					<texturesliderbar colordiffuse="55ffffff" border="1">scrollbar/texturesliderbar2.png</texturesliderbar>
					<texturesliderbarfocus border="1">scrollbar/texturesliderbar2.png</texturesliderbarfocus>
					<showonepage>false</showonepage>
					<orientation>vertical</orientation>
				</control>
			</control>
			<control type="group">
				<left>1296</left>
				<top>175</top>
				<visible>Container.Content(movies) | Container.Content(tvshows) | Container.Content(seasons) | Container.Content(musicvideos) | Container.Content() | Container.Content(files) | Container.Content(addons)</visible>
				<include>VisibleFadeAnimation</include>
				<control type="image">
					<width>570</width>
					<height>815</height>
					<aspectratio aligny="bottom">keep</aspectratio>
					<texture background="true">$VAR[PosterThumb]</texture>
					<fadetime>IconCrossfadeTime</fadetime>
					<bordertexture border="20">thumbs/thumb_shadow.png</bordertexture>
					<bordersize>20</bordersize>
					<visible>![Container.Content(movies) | Container.Content(tvshows)]</visible>
				</control>
				<control type="image">
					<width>570</width>
					<height>815</height>
					<aspectratio aligny="bottom">stretch</aspectratio>
					<texture background="true">$VAR[PosterThumb]</texture>
					<fadetime>IconCrossfadeTime</fadetime>
					<bordertexture border="20">thumbs/thumb_shadow.png</bordertexture>
					<bordersize>20</bordersize>
					<visible>[Container.Content(movies) | Container.Content(tvshows)] | [Container.Content(movies) | Container.Content(tvshows) + String.IsEqual(ListItem.Icon,DefaultFolder.png)]</visible>
				</control>
				<control type="image">
					<left>-75</left>
					<top>-50</top>
					<width>660</width>
					<height>895</height>
					<aspectratio aligny="bottom">stretch</aspectratio>
					<texture background="true">$VAR[CaseTypePathVar]$VAR[GlobalCaseVar]</texture>
					<fadetime>IconCrossfadeTime</fadetime>
					<visible>[Container.Content(movies) + Skin.HasSetting(List.MovieCases)] | [Container.Content(tvshows) + Skin.HasSetting(List.TVShowCases)]</visible>
				</control>
				<control type="image">
					<top>795</top>
					<width>570</width>
					<height>835</height>
					<aspectratio aligny="top">keep</aspectratio>
					<fadetime>IconCrossfadeTime</fadetime>
					<texture diffuse="thumbs/thumb_reflect.png" flipy="true" background="true">$VAR[PosterThumb]</texture>
					<bordersize>20</bordersize>
				</control>
			</control>
			<control type="group">
				<left>1296</left>
				<top>155</top>
				<visible>Container.Content(genres)</visible>
				<include>VisibleFadeAnimation</include>
				<control type="image">
					<width>570</width>
					<height>835</height>
					<aspectratio aligny="bottom">keep</aspectratio>
					<texture background="true" fallback="special://skin/extras/moviegenres/default/Default.jpg">$VAR[GenreIconVar]</texture>
					<fadetime>IconCrossfadeTime</fadetime>
					<bordertexture border="20">thumbs/thumb_shadow.png</bordertexture>
					<bordersize>20</bordersize>
				</control>
				<control type="image">
					<top>795</top>
					<width>570</width>
					<height>835</height>
					<aspectratio aligny="top">keep</aspectratio>
					<fadetime>IconCrossfadeTime</fadetime>
					<texture diffuse="thumbs/thumb_reflect.png" flipy="true" background="true" fallback="special://skin/extras/moviegenres/default/Default.jpg">$VAR[GenreIconVar]</texture>
					<bordersize>20</bordersize>
				</control>
			</control>
			<control type="group">
				<left>1280</left>
				<top>-40</top>
				<visible>![Container.Content(movies) | Container.Content(genres) | Container.Content(tvshows) | Container.Content(seasons) | Container.Content(musicvideos) | Container.Content() | Container.Content(files) | Container.Content(addons)]</visible>
				<include>VisibleFadeAnimation</include>
				<control type="image">
					<top>1020</top>
					<width>570</width>
					<height>904</height>
					<texture border="40">panel_reflect.png</texture>
				</control>
				<control type="image">
					<top>148</top>
					<width>570</width>
					<height>904</height>
					<texture colordiffuse="E6FFFFFF" border="40">listpanel_back.png</texture>
				</control>
				<control type="image">
					<top>148</top>
					<width>570</width>
					<height>348</height>
					<aspectratio>scale</aspectratio>
					<texture background="true">$INFO[ListItem.Icon]</texture>
					<fadetime>IconCrossfadeTime</fadetime>
					<bordersize>32</bordersize>
					<visible>Container.Content(episodes) | Container.Content(videos)</visible>
				</control>
				<control type="image">
					<left>32</left>
					<top>406</top>
					<width>506</width>
					<height>60</height>
					<texture border="1">separator2.png</texture>
					<visible>Container.Content(episodes) | Container.Content(videos)</visible>
				</control>
				<control type="button">
					<top>465</top>
					<left>32</left>
					<width>506</width>
					<height>90</height>
					<font>font15</font>
					<disabledcolor>grey2</disabledcolor>
					<textoffsetx>15</textoffsetx>
					<label>$LOCALIZE[552]:</label>
					<label2>$INFO[ListItem.Date]</label2>
					<enable>no</enable>
					<visible>Container.Content(videos) + !String.IsEmpty(ListItem.Date)</visible>
				</control>
				<control type="image">
					<left>32</left>
					<top>500</top>
					<width>506</width>
					<height>60</height>
					<texture border="1">separator2.png</texture>
					<visible>Container.Content(episodes) | Container.Content(videos)</visible>
				</control>
				<control type="group">
					<top>465</top>
					<visible>Container.Content(episodes)</visible>
					<control type="image">
						<left>32</left>
						<colordiffuse>grey2</colordiffuse>
						<include>MediaFlagValues</include>
						<texture>$VAR[MediaFlagsPathVar]/resolution/$INFO[ListItem.VideoResolution,,.png]</texture>
						<visible>!String.IsEmpty(ListItem.VideoResolution)</visible>
					</control>
					<control type="image">
						<left>217</left>
						<colordiffuse>grey2</colordiffuse>
						<include>MediaFlagValues</include>
						<texture>$VAR[MediaFlagsPathVar]/audiocodec/$INFO[ListItem.AudioCodec,,.png]</texture>
						<visible>!String.IsEmpty(ListItem.AudioCodec)</visible>
					</control>
					<control type="image">
						<left>402</left>
						<colordiffuse>grey2</colordiffuse>
						<include>MediaFlagValues</include>
						<texture>$VAR[MediaFlagsPathVar]/videocodec/$VAR[SourceFlagVar]</texture>
						<visible>!String.IsEmpty(ListItem.VideoCodec)</visible>
					</control>
				</control>
				<control type="textbox" id="70">
					<label>$VAR[VideoPlotVar]</label>
					<top>560</top>
					<left>47</left>
					<width>476</width>
					<height>460</height>
					<autoscroll time="3000" delay="4000" repeat="5000">Skin.HasSetting(Enable.AutoScroll) + !Control.HasFocus(95061)</autoscroll>
					<include>DefaultButtonsValues</include>
					<pagecontrol>95061</pagecontrol>
					<visible>Container.Content(episodes) | Container.Content(videos)</visible>
				</control>
				<control type="scrollbar" id="95061">
					<left>538</left>
					<top>560</top>
					<width>14</width>
					<height>460</height>
					<onup>PageUp(70)</onup>
					<ondown>PageUp(70)</ondown>
					<onleft>50</onleft>
					<onright>4400</onright>
					<texturesliderbackground />
					<texturesliderbar colordiffuse="55ffffff" border="1">scrollbar/texturesliderbar2.png</texturesliderbar>
					<texturesliderbarfocus border="1">scrollbar/texturesliderbar2.png</texturesliderbarfocus>
					<showonepage>false</showonepage>
					<orientation>vertical</orientation>
					<visible>Container.Content(episodes) | Container.Content(videos)</visible>
				</control>
				<control type="scrollbar" id="95063">
					<left>538</left>
					<top>180</top>
					<width>14</width>
					<height>840</height>
					<onleft>8000</onleft>
					<onright>4400</onright>
					<texturesliderbackground />
					<texturesliderbar colordiffuse="55ffffff" border="1">scrollbar/texturesliderbar2.png</texturesliderbar>
					<texturesliderbarfocus border="1">scrollbar/texturesliderbar2.png</texturesliderbarfocus>
					<showonepage>false</showonepage>
					<orientation>vertical</orientation>
					<visible>![Container.Content(episodes) | Container.Content(videos)]</visible>
				</control>
				<control type="panel" id="8000">
					<left>31</left>
					<top>180</top>
					<width>506</width>
					<height>840</height>
					<onleft>50</onleft>
					<onright condition="Control.IsVisible(95063)">95063</onright>
					<onright condition="!Control.IsVisible(95063)">4400</onright>
					<viewtype label="535">list</viewtype>
					<pagecontrol>95063</pagecontrol>
					<orientation>vertical</orientation>
					<scrolltime tween="quadratic" easing="out">200</scrolltime>
					<visible>![Container.Content(episodes) | Container.Content(videos)]</visible>
					<animation effect="fade" start="100" end="0" time="150" condition="Container(8000).IsUpdating">Conditional</animation>
					<itemlayout height="60" width="506">
						<control type="label">
							<width>506</width>
							<height>60</height>
							<font>font14</font>
							<textcolor>grey2</textcolor>
							<textoffsetx>15</textoffsetx>
							<label>$INFO[ListItem.Label]</label>
						</control>
						<control type="label">
							<width>506</width>
							<height>60</height>
							<font>font14</font>
							<align>right</align>
							<textcolor>grey2</textcolor>
							<textoffsetx>15</textoffsetx>
							<label>$INFO[ListItem.Year]</label>
						</control>
					</itemlayout>
					<focusedlayout height="60" width="506">
						<control type="image">
							<width>506</width>
							<height>60</height>
							<texture colordiffuse="$VAR[HighlightBarColor]" border="5">listselect_fo.png</texture>
						</control>
						<control type="label">
							<width>506</width>
							<height>60</height>
							<font>font14</font>
							<textoffsetx>15</textoffsetx>
							<label>$INFO[ListItem.Label]</label>
						</control>
						<control type="label">
							<width>506</width>
							<height>60</height>
							<font>font14</font>
							<align>right</align>
							<textoffsetx>15</textoffsetx>
							<label>$INFO[ListItem.Year]</label>
						</control>
					</focusedlayout>
					<content target="videos" sortby="$VAR[ListSortByVar]" sortorder="ascending">$VAR[ListContentVar]</content>
				</control>
				<control type="group">
					<description>Busy animation</description>
					<visible>Container(8000).IsUpdating</visible>
					<visible>![Container.Content(episodes) | Container.Content(videos)]</visible>
					<include>SettingsFadeAnimation</include>
					<left>236</left>
					<top>552</top>
					<control type="image">
						<width>96</width>
						<height>96</height>
						<texture>android/spinner_48_inner_holo.png</texture>
						<aspectratio>keep</aspectratio>
						<animation effect="rotate" start="0" end="360" center="auto" time="2000" loop="true" condition="true">conditional</animation>
					</control>
					<control type="image">
						<width>96</width>
						<height>96</height>
						<texture>android/spinner_48_outer_holo.png</texture>
						<aspectratio>keep</aspectratio>
						<animation effect="rotate" start="360" end="0" center="auto" time="2000" loop="true" condition="true">conditional</animation>
					</control>
				</control>
			</control>
		</control>
	</include>
	<!-- Music List -->
	<include name="MusicList">
		<control type="group">
			<visible>Control.IsVisible(50) + !Window.IsActive(addoninformation)</visible>
			<include>ViewAnimation</include>
			<control type="group">
				<left>100</left>
				<top>-40</top>
				<control type="image">
					<left>-32</left>
					<top>1020</top>
					<width>1204</width>
					<height>904</height>
					<texture border="40">panel_reflect.png</texture>
				</control>
				<control type="image">
					<left>-32</left>
					<top>148</top>
					<width>1204</width>
					<height>904</height>
					<texture colordiffuse="E6FFFFFF" border="40">listpanel_back.png</texture>
				</control>
				<control type="panel" id="50">
					<top>180</top>
					<width>1140</width>
					<height>840</height>
					<onleft>SetProperty(MediaMenu,True,Home)</onleft>
					<onleft>SetFocus(9050)</onleft>
					<onright>95060</onright>
					<onup>50</onup>
					<ondown>50</ondown>
					<viewtype label="535">list</viewtype>
					<pagecontrol>95060</pagecontrol>
					<scrolltime tween="quadratic" easing="out">200</scrolltime>
					<itemlayout height="120" width="1140" condition="Container.Content(albums) | Container.Content(songs)">
						<control type="image">
							<left>15</left>
							<top>8</top>
							<width>105</width>
							<height>105</height>
							<aspectratio>keep</aspectratio>
							<texture background="true">$INFO[ListItem.Icon,views/list/]</texture>
							<colordiffuse>grey2</colordiffuse>
							<visible>!Container.Content(songs) + String.StartsWith(ListItem.Icon,Default)</visible>
						</control>
						<control type="image">
							<left>15</left>
							<top>8</top>
							<width>105</width>
							<height>105</height>
							<aspectratio>keep</aspectratio>
							<texture background="true">$INFO[ListItem.Icon]</texture>
							<visible>!Container.Content(songs) + !String.StartsWith(ListItem.Icon,Default)</visible>
						</control>
						<control type="label">
							<left>5</left>
							<top>8</top>
							<width>115</width>
							<height>105</height>
							<font>font45caps_title</font>
							<textcolor>grey2</textcolor>
							<align>center</align>
							<label>[B]$INFO[ListItem.Tracknumber][/B]</label>
							<visible>Container.Content(songs)</visible>
						</control>
						<control type="label">
							<left>135</left>
							<width>985</width>
							<height>70</height>
							<font>font30</font>
							<textcolor>grey2</textcolor>
							<label>$VAR[MusicListLabel3Var]</label>
							<animation effect="slide" start="0,0" end="0,25" time="0" condition="String.IsEmpty(ListItem.Artist)">Conditional</animation>
						</control>
						<control type="label">
							<left>135</left>
							<top>50</top>
							<width>810</width>
							<height>60</height>
							<font>font15</font>
							<textcolor>grey3</textcolor>
							<label>$INFO[ListItem.Artist]</label>
						</control>
						<control type="label">
							<left>60</left>
							<width>1060</width>
							<height>70</height>
							<font>font30</font>
							<align>right</align>
							<textcolor>grey2</textcolor>
							<label fallback="• • • •">$VAR[MusicListLabel4Var]</label>
							<visible>!ListItem.IsParentFolder</visible>
						</control>
						<control type="image">
							<left>950</left>
							<top>50</top>
							<width>180</width>
							<height>70</height>
							<aspectratio>keep</aspectratio>
							<colordiffuse>grey3</colordiffuse>
							<texture>flags/rating/0.png</texture>
							<visible>!ListItem.IsParentFolder + ![ListItem.IsPlaying | ListItem.IsSelected] + String.IsEmpty(ListItem.UserRating)</visible>
						</control>
						<control type="image">
							<left>950</left>
							<top>50</top>
							<width>180</width>
							<height>70</height>
							<aspectratio>keep</aspectratio>
							<colordiffuse>$VAR[ThemeLabelColor]</colordiffuse>
							<texture fallback="flags/rating/0.png">$INFO[ListItem.UserRating,flags/rating/,.png]</texture>
							<visible>!ListItem.IsParentFolder + ![ListItem.IsPlaying | ListItem.IsSelected] + !String.IsEmpty(ListItem.UserRating)</visible>
						</control>
						<control type="image">
							<left>950</left>
							<top>50</top>
							<width>180</width>
							<height>70</height>
							<aspectratio>keep</aspectratio>
							<colordiffuse>$VAR[ThemeLabelColor]</colordiffuse>
							<texture fallback="flags/rating/0.png">$INFO[ListItem.UserRating,flags/rating/,.png]</texture>
							<visible>!ListItem.IsParentFolder + [ListItem.IsPlaying | ListItem.IsSelected]</visible>
						</control>
					</itemlayout>
					<focusedlayout height="120" width="1140" condition="Container.Content(albums) | Container.Content(songs)">
						<control type="image">
							<width>1140</width>
							<height>120</height>
							<texture colordiffuse="$VAR[HighlightBarColor]" border="4">listselect_fo.png</texture>
							<visible>Control.HasFocus(50)</visible>
							<include>VisibleFadeAnimation</include>
						</control>
						<control type="image">
							<left>15</left>
							<top>8</top>
							<width>105</width>
							<height>105</height>
							<aspectratio>keep</aspectratio>
							<texture background="true">$INFO[ListItem.Icon,views/list/]</texture>
							<visible>!Container.Content(songs) + String.StartsWith(ListItem.Icon,Default)</visible>
						</control>
						<control type="image">
							<left>15</left>
							<top>8</top>
							<width>105</width>
							<height>105</height>
							<aspectratio>keep</aspectratio>
							<texture background="true">$INFO[ListItem.Icon]</texture>
							<visible>!Container.Content(songs) + !String.StartsWith(ListItem.Icon,Default)</visible>
						</control>
						<control type="label">
							<left>5</left>
							<top>8</top>
							<width>115</width>
							<height>105</height>
							<font>font45caps_title</font>
							<align>center</align>
							<label>[B]$INFO[ListItem.Tracknumber][/B]</label>
							<visible>Container.Content(songs)</visible>
						</control>
						<control type="label">
							<left>135</left>
							<width>985</width>
							<height>70</height>
							<font>font30</font>
							<label>$VAR[MusicListLabel3Var]</label>
							<animation effect="slide" start="0,0" end="0,25" time="0" condition="String.IsEmpty(ListItem.Artist)">Conditional</animation>
						</control>
						<control type="label">
							<left>135</left>
							<top>50</top>
							<width>810</width>
							<height>60</height>
							<font>font15</font>
							<label>$INFO[ListItem.Artist]</label>
						</control>
						<control type="label">
							<left>60</left>
							<width>1060</width>
							<height>70</height>
							<font>font30</font>
							<align>right</align>
							<label fallback="• • • •">$VAR[MusicListLabel4Var]</label>
							<visible>!ListItem.IsParentFolder</visible>
						</control>
						<control type="image">
							<left>950</left>
							<top>50</top>
							<width>180</width>
							<height>70</height>
							<aspectratio>keep</aspectratio>
							<colordiffuse>$VAR[StarRatingDiffuseVar]</colordiffuse>
							<texture fallback="rating0.png">$INFO[ListItem.UserRating,flags/rating/,.png]</texture>
							<visible>!ListItem.IsParentFolder</visible>
						</control>
					</focusedlayout>
					<itemlayout height="120" width="1140" condition="Container.Content(addons)">
						<control type="image">
							<left>15</left>
							<top>8</top>
							<width>105</width>
							<height>105</height>
							<aspectratio>keep</aspectratio>
							<texture background="true">$INFO[ListItem.Icon,views/list/]</texture>
							<colordiffuse>grey2</colordiffuse>
							<visible>String.StartsWith(ListItem.Icon,Default)</visible>
						</control>
						<control type="image">
							<left>15</left>
							<top>8</top>
							<width>105</width>
							<height>105</height>
							<aspectratio>keep</aspectratio>
							<texture background="true">$INFO[ListItem.Icon]</texture>
							<visible>!String.StartsWith(ListItem.Icon,Default)</visible>
						</control>
						<control type="label">
							<left>135</left>
							<width>905</width>
							<height>70</height>
							<font>font30</font>
							<textcolor>grey2</textcolor>
							<label>$INFO[ListItem.Label]</label>
							<animation effect="slide" start="0,0" end="0,25" time="0" condition="String.IsEmpty(ListItem.AddonSummary)">Conditional</animation>
						</control>
						<control type="label">
							<left>135</left>
							<top>50</top>
							<width>905</width>
							<height>60</height>
							<font>font15</font>
							<textcolor>grey3</textcolor>
							<label>$INFO[ListItem.AddonSummary]</label>
						</control>
						<control type="label">
							<left>60</left>
							<width>1060</width>
							<height>120</height>
							<font>font15</font>
							<align>right</align>
							<textcolor>grey2</textcolor>
							<label>$INFO[ListItem.Label2]</label>
						</control>
					</itemlayout>
					<focusedlayout height="120" width="1140" condition="Container.Content(addons)">
						<control type="image">
							<width>1140</width>
							<height>120</height>
							<texture colordiffuse="$VAR[HighlightBarColor]" border="4">listselect_fo.png</texture>
							<visible>Control.HasFocus(50)</visible>
							<include>VisibleFadeAnimation</include>
						</control>
						<control type="image">
							<left>15</left>
							<top>8</top>
							<width>105</width>
							<height>105</height>
							<aspectratio>keep</aspectratio>
							<texture background="true">$INFO[ListItem.Icon,views/list/]</texture>
							<visible>String.StartsWith(ListItem.Icon,Default)</visible>
						</control>
						<control type="image">
							<left>15</left>
							<top>8</top>
							<width>105</width>
							<height>105</height>
							<aspectratio>keep</aspectratio>
							<texture background="true">$INFO[ListItem.Icon]</texture>
							<visible>!String.StartsWith(ListItem.Icon,Default)</visible>
						</control>
						<control type="label">
							<left>135</left>
							<width>905</width>
							<height>70</height>
							<font>font30</font>
							<label>$INFO[ListItem.Label]</label>
							<animation effect="slide" start="0,0" end="0,25" time="0" condition="String.IsEmpty(ListItem.AddonSummary)">Conditional</animation>
						</control>
						<control type="label">
							<left>135</left>
							<top>50</top>
							<width>905</width>
							<height>60</height>
							<font>font15</font>
							<label>$INFO[ListItem.AddonSummary]</label>
						</control>
						<control type="label">
							<left>60</left>
							<width>1060</width>
							<height>120</height>
							<font>font15</font>
							<align>right</align>
							<label>$INFO[ListItem.Label2]</label>
						</control>
					</focusedlayout>
					<itemlayout height="120" width="1140" condition="![Container.Content(albums) | Container.Content(songs) | Container.Content(addons)]">
						<control type="image">
							<left>15</left>
							<top>8</top>
							<width>105</width>
							<height>105</height>
							<aspectratio>keep</aspectratio>
							<texture background="true">$INFO[ListItem.Icon,views/list/]</texture>
							<colordiffuse>grey2</colordiffuse>
							<visible>String.StartsWith(ListItem.Icon,Default)</visible>
						</control>
						<control type="image">
							<left>15</left>
							<top>8</top>
							<width>105</width>
							<height>105</height>
							<aspectratio>keep</aspectratio>
							<texture background="true">$INFO[ListItem.Icon]</texture>
							<visible>!String.StartsWith(ListItem.Icon,Default)</visible>
						</control>
						<control type="label">
							<left>135</left>
							<width>1005</width>
							<height>120</height>
							<font>font30</font>
							<textcolor>grey2</textcolor>
							<label>$INFO[ListItem.Label]</label>
						</control>
						<control type="label">
							<left>60</left>
							<width>1005</width>
							<height>120</height>
							<font>font15</font>
							<align>right</align>
							<textcolor>grey2</textcolor>
							<label>$INFO[ListItem.Label2]</label>
						</control>
					</itemlayout>
					<focusedlayout height="120" width="1140" condition="![Container.Content(albums) | Container.Content(songs) | Container.Content(addons)]">
						<control type="image">
							<width>1140</width>
							<height>120</height>
							<texture colordiffuse="$VAR[HighlightBarColor]" border="4">listselect_fo.png</texture>
							<visible>Control.HasFocus(50)</visible>
							<include>VisibleFadeAnimation</include>
						</control>
						<control type="image">
							<left>15</left>
							<top>8</top>
							<width>105</width>
							<height>105</height>
							<aspectratio>keep</aspectratio>
							<texture background="true">$INFO[ListItem.Icon,views/list/]</texture>
							<visible>String.StartsWith(ListItem.Icon,Default)</visible>
						</control>
						<control type="image">
							<left>15</left>
							<top>8</top>
							<width>105</width>
							<height>105</height>
							<aspectratio>keep</aspectratio>
							<texture background="true">$INFO[ListItem.Icon]</texture>
							<visible>!String.StartsWith(ListItem.Icon,Default)</visible>
						</control>
						<control type="label">
							<left>135</left>
							<width>1005</width>
							<height>120</height>
							<font>font30</font>
							<label>$INFO[ListItem.Label]</label>
						</control>
						<control type="label">
							<left>60</left>
							<width>1005</width>
							<height>120</height>
							<font>font15</font>
							<align>right</align>
							<label>$INFO[ListItem.Label2]</label>
						</control>
					</focusedlayout>
				</control>
				<control type="scrollbar" id="95060">
					<left>1140</left>
					<top>180</top>
					<width>14</width>
					<height>840</height>
					<onup>95060</onup>
					<ondown>95060</ondown>
					<onleft>50</onleft>
					<onright>9002</onright>
					<texturesliderbackground />
					<texturesliderbar colordiffuse="55ffffff" border="1">scrollbar/texturesliderbar2.png</texturesliderbar>
					<texturesliderbarfocus border="1">scrollbar/texturesliderbar2.png</texturesliderbarfocus>
					<showonepage>false</showonepage>
					<orientation>vertical</orientation>
				</control>
			</control>
			<control type="group">
				<left>1296</left>
				<top>155</top>
				<visible>!Container.Content(genres)</visible>
				<control type="image">
					<width>570</width>
					<height>835</height>
					<aspectratio aligny="bottom">keep</aspectratio>
					<texture background="true">$INFO[ListItem.Icon]</texture>
					<fadetime>IconCrossfadeTime</fadetime>
					<bordertexture border="20">thumbs/thumb_shadow.png</bordertexture>
					<bordersize>20</bordersize>
				</control>
				<control type="image">
					<top>795</top>
					<width>570</width>
					<height>835</height>
					<aspectratio aligny="top">keep</aspectratio>
					<fadetime>IconCrossfadeTime</fadetime>
					<texture diffuse="thumbs/thumb_reflect.png" flipy="true" background="true">$INFO[ListItem.Icon]</texture>
					<bordersize>20</bordersize>
				</control>
			</control>
			<control type="group">
				<left>1296</left>
				<top>155</top>
				<visible>Container.Content(genres)</visible>
				<control type="image">
					<width>570</width>
					<height>835</height>
					<aspectratio aligny="bottom">keep</aspectratio>
					<texture background="true" fallback="special://skin/extras/musicgenres/Default.jpg">$INFO[ListItem.Label,special://skin/extras/musicgenres/,.jpg]</texture>
					<fadetime>IconCrossfadeTime</fadetime>
					<bordertexture border="20">thumbs/thumb_shadow.png</bordertexture>
					<bordersize>20</bordersize>
				</control>
				<control type="image">
					<top>795</top>
					<width>570</width>
					<height>835</height>
					<aspectratio aligny="top">keep</aspectratio>
					<fadetime>IconCrossfadeTime</fadetime>
					<texture diffuse="thumbs/thumb_reflect.png" flipy="true" background="true" fallback="special://skin/extras/musicgenres/Default.jpg">$INFO[ListItem.Label,special://skin/extras/musicgenres/,.jpg]</texture>
					<bordersize>20</bordersize>
				</control>
			</control>
		</control>
	</include>
	<!-- Addon List -->
	<include name="AddonList">
		<control type="group">
			<visible>Control.IsVisible(50) + !Window.IsActive(addoninformation)</visible>
			<include>ViewAnimation</include>
			<control type="group">
				<left>100</left>
				<top>-40</top>
				<control type="image">
					<left>-32</left>
					<top>1020</top>
					<width>1204</width>
					<height>904</height>
					<texture border="40">panel_reflect.png</texture>
				</control>
				<control type="image">
					<left>-32</left>
					<top>148</top>
					<width>1204</width>
					<height>904</height>
					<texture border="40">listpanel_back.png</texture>
				</control>
				<control type="panel" id="50">
					<top>180</top>
					<width>1140</width>
					<height>840</height>
					<onleft>SetProperty(MediaMenu,True,Home)</onleft>
					<onleft>SetFocus(9050)</onleft>
					<onright>95060</onright>
					<onup>50</onup>
					<ondown>50</ondown>
					<viewtype label="535">list</viewtype>
					<pagecontrol>95060</pagecontrol>
					<scrolltime tween="quadratic" easing="out">200</scrolltime>
					<itemlayout height="120" width="1140">
						<control type="image">
							<left>15</left>
							<top>8</top>
							<width>105</width>
							<height>105</height>
							<aspectratio>keep</aspectratio>
							<texture background="true">$INFO[ListItem.Icon,views/list/]</texture>
							<colordiffuse>grey2</colordiffuse>
							<visible>String.StartsWith(ListItem.Icon,Default)</visible>
						</control>
						<control type="image">
							<left>15</left>
							<top>8</top>
							<width>105</width>
							<height>105</height>
							<aspectratio>keep</aspectratio>
							<texture background="true">$INFO[ListItem.Icon]</texture>
							<visible>!String.StartsWith(ListItem.Icon,Default)</visible>
						</control>
						<control type="label">
							<left>135</left>
							<width>985</width>
							<height>70</height>
							<font>font30</font>
							<textcolor>grey2</textcolor>
							<label>$INFO[ListItem.Label]</label>
							<animation effect="slide" start="0,0" end="0,25" time="0" condition="String.IsEmpty(ListItem.AddonSummary)">Conditional</animation>
						</control>
						<control type="label">
							<left>135</left>
							<top>50</top>
							<width>985</width>
							<height>60</height>
							<font>font15</font>
							<textcolor>grey3</textcolor>
							<label>$INFO[ListItem.AddonSummary]</label>
						</control>
						<control type="label">
							<left>60</left>
							<width>1060</width>
							<height>120</height>
							<font>font15</font>
							<align>right</align>
							<textcolor>grey2</textcolor>
							<label>$INFO[ListItem.Label2]</label>
						</control>
					</itemlayout>
					<focusedlayout height="120" width="1140">
						<control type="image">
							<width>1140</width>
							<height>120</height>
							<texture colordiffuse="$VAR[HighlightBarColor]" border="4">listselect_fo.png</texture>
							<visible>Control.HasFocus(50)</visible>
							<include>VisibleFadeAnimation</include>
						</control>
						<control type="image">
							<left>15</left>
							<top>8</top>
							<width>105</width>
							<height>105</height>
							<aspectratio>keep</aspectratio>
							<texture background="true">$INFO[ListItem.Icon,views/list/]</texture>
							<visible>String.StartsWith(ListItem.Icon,Default)</visible>
						</control>
						<control type="image">
							<left>15</left>
							<top>8</top>
							<width>105</width>
							<height>105</height>
							<aspectratio>keep</aspectratio>
							<texture background="true">$INFO[ListItem.Icon]</texture>
							<visible>!String.StartsWith(ListItem.Icon,Default)</visible>
						</control>
						<control type="label">
							<left>135</left>
							<width>985</width>
							<height>70</height>
							<font>font30</font>
							<label>$INFO[ListItem.Label]</label>
							<animation effect="slide" start="0,0" end="0,25" time="0" condition="String.IsEmpty(ListItem.AddonSummary)">Conditional</animation>
						</control>
						<control type="label">
							<left>135</left>
							<top>50</top>
							<width>985</width>
							<height>60</height>
							<font>font15</font>
							<label>$INFO[ListItem.AddonSummary]</label>
						</control>
						<control type="label">
							<left>60</left>
							<width>1060</width>
							<height>120</height>
							<font>font15</font>
							<align>right</align>
							<label>$INFO[ListItem.Label2]</label>
						</control>
					</focusedlayout>
				</control>
				<control type="scrollbar" id="95060">
					<left>1140</left>
					<top>180</top>
					<width>14</width>
					<height>840</height>
					<onup>95060</onup>
					<ondown>95060</ondown>
					<onleft>50</onleft>
					<onright>SetProperty(MediaMenu,True,Home)</onright>
					<onright>SetFocus(9050)</onright>
					<texturesliderbackground />
					<texturesliderbar colordiffuse="55ffffff" border="1">scrollbar/texturesliderbar2.png</texturesliderbar>
					<texturesliderbarfocus border="1">scrollbar/texturesliderbar2.png</texturesliderbarfocus>
					<showonepage>false</showonepage>
					<orientation>vertical</orientation>
				</control>
			</control>
			<control type="group">
				<left>1296</left>
				<top>155</top>
				<control type="image">
					<width>570</width>
					<height>835</height>
					<aspectratio aligny="bottom">keep</aspectratio>
					<texture background="true">$INFO[ListItem.Icon]</texture>
					<fadetime>IconCrossfadeTime</fadetime>
					<bordertexture border="20">thumbs/thumb_shadow.png</bordertexture>
					<bordersize>20</bordersize>
				</control>
				<control type="image">
					<top>795</top>
					<width>570</width>
					<height>835</height>
					<aspectratio aligny="top">keep</aspectratio>
					<fadetime>IconCrossfadeTime</fadetime>
					<texture diffuse="thumbs/thumb_reflect.png" flipy="true" background="true">$INFO[ListItem.Icon]</texture>
					<bordersize>20</bordersize>
				</control>
			</control>
		</control>
	</include>
	<!-- Picture List -->
	<include name="PictureList">
		<control type="group">
			<visible>Control.IsVisible(50) + !Window.IsActive(addoninformation)</visible>
			<include>ViewAnimation</include>
			<control type="group">
				<left>100</left>
				<top>-40</top>
				<control type="image">
					<left>-32</left>
					<top>1020</top>
					<width>1204</width>
					<height>904</height>
					<texture border="40">panel_reflect.png</texture>
				</control>
				<control type="image">
					<left>-32</left>
					<top>148</top>
					<width>1204</width>
					<height>904</height>
					<texture border="40">listpanel_back.png</texture>
				</control>
				<control type="panel" id="50">
					<top>180</top>
					<width>1140</width>
					<height>840</height>
					<onleft>SetProperty(MediaMenu,True,Home)</onleft>
					<onleft>SetFocus(9050)</onleft>
					<onright>95060</onright>
					<onup>50</onup>
					<ondown>50</ondown>
					<viewtype label="535">list</viewtype>
					<pagecontrol>95060</pagecontrol>
					<scrolltime tween="quadratic" easing="out">200</scrolltime>
					<itemlayout height="120" width="1140" condition="Container.Content(addons)">
						<control type="image">
							<left>15</left>
							<top>8</top>
							<width>105</width>
							<height>105</height>
							<aspectratio>keep</aspectratio>
							<texture background="true">$INFO[ListItem.Icon,views/list/]</texture>
							<colordiffuse>grey2</colordiffuse>
							<visible>String.StartsWith(ListItem.Icon,Default)</visible>
						</control>
						<control type="image">
							<left>15</left>
							<top>8</top>
							<width>105</width>
							<height>105</height>
							<aspectratio>keep</aspectratio>
							<texture background="true">$INFO[ListItem.Icon]</texture>
							<visible>!String.StartsWith(ListItem.Icon,Default)</visible>
						</control>
						<control type="label">
							<left>135</left>
							<width>985</width>
							<height>70</height>
							<font>font30</font>
							<textcolor>grey2</textcolor>
							<label>$INFO[ListItem.Label]</label>
							<animation effect="slide" start="0,0" end="0,25" time="0" condition="String.IsEmpty(ListItem.AddonSummary)">Conditional</animation>
						</control>
						<control type="label">
							<left>135</left>
							<top>50</top>
							<width>985</width>
							<height>60</height>
							<font>font15</font>
							<textcolor>grey3</textcolor>
							<label>$INFO[ListItem.AddonSummary]</label>
						</control>
						<control type="label">
							<left>60</left>
							<width>1060</width>
							<height>120</height>
							<font>font15</font>
							<align>right</align>
							<textcolor>grey2</textcolor>
							<label>$INFO[ListItem.Label2]</label>
						</control>
					</itemlayout>
					<focusedlayout height="120" width="1140" condition="Container.Content(addons)">
						<control type="image">
							<width>1140</width>
							<height>120</height>
							<texture colordiffuse="$VAR[HighlightBarColor]" border="4">listselect_fo.png</texture>
							<visible>Control.HasFocus(50)</visible>
							<include>VisibleFadeAnimation</include>
						</control>
						<control type="image">
							<left>15</left>
							<top>8</top>
							<width>105</width>
							<height>105</height>
							<aspectratio>keep</aspectratio>
							<texture background="true">$INFO[ListItem.Icon,views/list/]</texture>
							<visible>String.StartsWith(ListItem.Icon,Default)</visible>
						</control>
						<control type="image">
							<left>15</left>
							<top>8</top>
							<width>105</width>
							<height>105</height>
							<aspectratio>keep</aspectratio>
							<texture background="true">$INFO[ListItem.Icon]</texture>
							<visible>!String.StartsWith(ListItem.Icon,Default)</visible>
						</control>
						<control type="label">
							<left>135</left>
							<width>985</width>
							<height>70</height>
							<font>font30</font>
							<label>$INFO[ListItem.Label]</label>
							<animation effect="slide" start="0,0" end="0,25" time="0" condition="String.IsEmpty(ListItem.AddonSummary)">Conditional</animation>
						</control>
						<control type="label">
							<left>135</left>
							<top>50</top>
							<width>985</width>
							<height>60</height>
							<font>font15</font>
							<label>$INFO[ListItem.AddonSummary]</label>
						</control>
						<control type="label">
							<left>60</left>
							<width>1060</width>
							<height>120</height>
							<font>font15</font>
							<align>right</align>
							<label>$INFO[ListItem.Label2]</label>
						</control>
					</focusedlayout>
					<itemlayout height="120" width="1140" condition="!Container.Content(addons)">
						<control type="image">
							<left>15</left>
							<top>8</top>
							<width>105</width>
							<height>105</height>
							<aspectratio>keep</aspectratio>
							<texture background="true">$INFO[ListItem.Icon,views/list/]</texture>
							<colordiffuse>grey2</colordiffuse>
							<visible>String.StartsWith(ListItem.Icon,Default)</visible>
						</control>
						<control type="image">
							<left>15</left>
							<top>8</top>
							<width>105</width>
							<height>105</height>
							<aspectratio>keep</aspectratio>
							<texture background="true">$INFO[ListItem.Icon]</texture>
							<visible>!String.StartsWith(ListItem.Icon,Default)</visible>
						</control>
						<control type="label">
							<left>135</left>
							<width>1005</width>
							<height>120</height>
							<font>font30</font>
							<textcolor>grey2</textcolor>
							<label>$INFO[ListItem.Label]</label>
						</control>
						<control type="label">
							<left>115</left>
							<width>1005</width>
							<height>120</height>
							<font>font15</font>
							<align>right</align>
							<textcolor>grey2</textcolor>
							<label>$INFO[ListItem.Label2]</label>
						</control>
					</itemlayout>
					<focusedlayout height="120" width="1140" condition="!Container.Content(addons)">
						<control type="image">
							<width>1140</width>
							<height>120</height>
							<texture colordiffuse="$VAR[HighlightBarColor]" border="4">listselect_fo.png</texture>
							<visible>Control.HasFocus(50)</visible>
							<include>VisibleFadeAnimation</include>
						</control>
						<control type="image">
							<left>15</left>
							<top>8</top>
							<width>105</width>
							<height>105</height>
							<aspectratio>keep</aspectratio>
							<texture background="true">$INFO[ListItem.Icon,views/list/]</texture>
							<visible>String.StartsWith(ListItem.Icon,Default)</visible>
						</control>
						<control type="image">
							<left>15</left>
							<top>8</top>
							<width>105</width>
							<height>105</height>
							<aspectratio>keep</aspectratio>
							<texture background="true">$INFO[ListItem.Icon]</texture>
							<visible>!String.StartsWith(ListItem.Icon,Default)</visible>
						</control>
						<control type="label">
							<left>135</left>
							<width>1005</width>
							<height>120</height>
							<font>font30</font>
							<label>$INFO[ListItem.Label]</label>
						</control>
						<control type="label">
							<left>115</left>
							<width>1005</width>
							<height>120</height>
							<font>font15</font>
							<align>right</align>
							<label>$INFO[ListItem.Label2]</label>
						</control>
					</focusedlayout>
				</control>
				<control type="scrollbar" id="95060">
					<left>1140</left>
					<top>180</top>
					<width>14</width>
					<height>840</height>
					<onup>95060</onup>
					<ondown>95060</ondown>
					<onleft>50</onleft>
					<onright>9002</onright>
					<texturesliderbackground />
					<texturesliderbar colordiffuse="55ffffff" border="1">scrollbar/texturesliderbar2.png</texturesliderbar>
					<texturesliderbarfocus border="1">scrollbar/texturesliderbar2.png</texturesliderbarfocus>
					<showonepage>false</showonepage>
					<orientation>vertical</orientation>
				</control>
			</control>
			<control type="group">
				<left>1296</left>
				<top>155</top>
				<control type="image">
					<width>570</width>
					<height>835</height>
					<aspectratio aligny="bottom">keep</aspectratio>
					<texture background="true">$INFO[ListItem.Icon]</texture>
					<fadetime>IconCrossfadeTime</fadetime>
					<bordertexture border="20">thumbs/thumb_shadow.png</bordertexture>
					<bordersize>20</bordersize>
				</control>
				<control type="image">
					<top>795</top>
					<width>570</width>
					<height>835</height>
					<aspectratio aligny="top">keep</aspectratio>
					<fadetime>IconCrossfadeTime</fadetime>
					<texture diffuse="thumbs/thumb_reflect.png" flipy="true" background="true">$INFO[ListItem.Icon]</texture>
					<bordersize>20</bordersize>
				</control>
			</control>
		</control>
	</include>
	<!-- Slim VideoList-->
	<include name="SlimVideoList">
		<control type="group">
			<visible>Control.IsVisible(50) + !Window.IsActive(addoninformation)</visible>
			<include>ViewAnimation</include>
			<control type="group">
				<left>100</left>
				<top>-40</top>
				<control type="image">
					<left>-32</left>
					<top>1020</top>
					<width>1204</width>
					<height>904</height>
					<texture border="40">panel_reflect.png</texture>
				</control>
				<control type="image">
					<left>-32</left>
					<top>148</top>
					<width>1204</width>
					<height>904</height>
					<texture border="40">listpanel_back.png</texture>
				</control>
				<control type="panel" id="50">
					<top>180</top>
					<width>1140</width>
					<height>840</height>
					<onleft>SetProperty(MediaMenu,True,Home)</onleft>
					<onleft>SetFocus(9050)</onleft>
					<onright>95060</onright>
					<onup>50</onup>
					<ondown>50</ondown>
					<viewtype label="535">list</viewtype>
					<pagecontrol>95060</pagecontrol>
					<scrolltime tween="quadratic" easing="out">200</scrolltime>
					<itemlayout height="60" width="1140" condition="!Container.Content(addons)">
						<control type="label">
							<left>30</left>
							<width>895</width>
							<height>60</height>
							<font>font15</font>
							<textcolor>grey2</textcolor>
							<label>$INFO[ListItem.Label]</label>
						</control>
						<control type="image">
							<left>960</left>
							<top>17</top>
							<width>42</width>
							<height>28</height>
							<aspectratio>keep</aspectratio>
							<texture>$VAR[UnFocusHDIndicator]</texture>
							<colordiffuse>grey2</colordiffuse>
							<visible>String.IsEqual(ListItem.Label2,ListItem.Rating)</visible>
						</control>
						<control type="label">
							<left>5</left>
							<width>1060</width>
							<height>60</height>
							<font>font15</font>
							<align>right</align>
							<textcolor>grey2</textcolor>
							<label>$INFO[ListItem.Label2]</label>
						</control>
						<control type="image">
							<left>1076</left>
							<width>64</width>
							<height>64</height>
							<aspectratio>keep</aspectratio>
							<texture colordiffuse="$VAR[ThemeLabelColor]">$VAR[ListItem.Overlay]</texture>
						</control>
						<control type="group">
							<left>1076</left>
							<visible>Container.Content(seasons) | Container.Content(tvshows)</visible>
							<control type="image">
								<top>-2</top>
								<width>64</width>
								<height>64</height>
								<texture>overlays/list/OverlayUnWatched.png</texture>
								<visible>Integer.IsGreater(ListItem.Property(UnWatchedEpisodes),0) + String.IsEmpty(ListItem.Overlay)</visible>
							</control>
							<control type="label">
								<left>32</left>
								<width>100</width>
								<height>62</height>
								<font>font12_title</font>
								<align>center</align>
								<label>$VAR[ListOverlayEpisodesVar]</label>
								<textcolor>grey3</textcolor>
								<textoffsetx>18</textoffsetx>
								<visible>Integer.IsGreater(ListItem.Property(UnWatchedEpisodes),0)</visible>
							</control>
						</control>
					</itemlayout>
					<focusedlayout height="60" width="1140" condition="!Container.Content(addons)">
						<control type="image">
							<width>1140</width>
							<height>60</height>
							<texture colordiffuse="$VAR[HighlightBarColor]" border="4">listselect_fo.png</texture>
							<visible>Control.HasFocus(50)</visible>
							<include>VisibleFadeAnimation</include>
						</control>
						<control type="label">
							<left>30</left>
							<width>895</width>
							<height>60</height>
							<font>font15</font>
							<label>$INFO[ListItem.Label]</label>
						</control>
						<control type="image">
							<left>960</left>
							<top>17</top>
							<width>42</width>
							<height>28</height>
							<aspectratio>keep</aspectratio>
							<texture>$VAR[UnFocusHDIndicator]</texture>
							<visible>String.IsEqual(ListItem.Label2,ListItem.Rating)</visible>
						</control>
						<control type="label">
							<left>5</left>
							<width>1060</width>
							<height>60</height>
							<font>font15</font>
							<align>right</align>
							<label>$INFO[ListItem.Label2]</label>
						</control>
						<control type="image">
							<left>1076</left>
							<width>64</width>
							<height>64</height>
							<aspectratio>keep</aspectratio>
							<texture colordiffuse="$VAR[ThemeLabelColor]" fallback="overlays/list/">$VAR[ListItem.Overlay]</texture>
						</control>
						<control type="group">
							<left>1076</left>
							<visible>Container.Content(seasons) | Container.Content(tvshows)</visible>
							<control type="image">
								<top>-2</top>
								<width>64</width>
								<height>64</height>
								<texture>overlays/list/OverlayUnWatched.png</texture>
								<visible>Integer.IsGreater(ListItem.Property(UnWatchedEpisodes),0) + String.IsEmpty(ListItem.Overlay)</visible>
							</control>
							<control type="label">
								<left>32</left>
								<width>100</width>
								<height>62</height>
								<font>font12_title</font>
								<align>center</align>
								<label>$VAR[ListOverlayEpisodesVar]</label>
								<textoffsetx>18</textoffsetx>
								<visible>Integer.IsGreater(ListItem.Property(UnWatchedEpisodes),0)</visible>
							</control>
						</control>
					</focusedlayout>
					<itemlayout height="60" width="1140" condition="Container.Content(addons)">
						<control type="label">
							<left>30</left>
							<width>1080</width>
							<height>60</height>
							<font>font15</font>
							<textcolor>grey2</textcolor>
							<label>$INFO[ListItem.Label]</label>
						</control>
						<control type="label">
							<left>30</left>
							<width>1080</width>
							<height>60</height>
							<font>font15</font>
							<align>right</align>
							<textcolor>grey2</textcolor>
							<label>$INFO[ListItem.Label2]</label>
						</control>
					</itemlayout>
					<focusedlayout height="60" width="1140" condition="Container.Content(addons)">
						<control type="image">
							<width>1140</width>
							<height>60</height>
							<texture colordiffuse="$VAR[HighlightBarColor]" border="4">listselect_fo.png</texture>
							<visible>Control.HasFocus(50)</visible>
							<include>VisibleFadeAnimation</include>
						</control>
						<control type="label">
							<left>30</left>
							<width>1080</width>
							<height>60</height>
							<font>font15</font>
							<label>$INFO[ListItem.Label]</label>
						</control>
						<control type="label">
							<left>30</left>
							<width>1080</width>
							<height>60</height>
							<font>font15</font>
							<align>right</align>
							<label>$INFO[ListItem.Label2]</label>
						</control>
					</focusedlayout>
				</control>
				<control type="scrollbar" id="95060">
					<left>1140</left>
					<top>180</top>
					<width>14</width>
					<height>840</height>
					<onup>95060</onup>
					<ondown>95060</ondown>
					<onleft>50</onleft>
					<onright>SetProperty(MediaMenu,True,Home)</onright>
					<onright>SetFocus(9050)</onright>
					<texturesliderbackground />
					<texturesliderbar colordiffuse="55ffffff" border="1">scrollbar/texturesliderbar2.png</texturesliderbar>
					<texturesliderbarfocus border="1">scrollbar/texturesliderbar2.png</texturesliderbarfocus>
					<showonepage>false</showonepage>
					<orientation>vertical</orientation>
				</control>
			</control>
			<control type="group">
				<left>1296</left>
				<top>155</top>
				<control type="image">
					<width>570</width>
					<height>835</height>
					<aspectratio aligny="bottom">keep</aspectratio>
					<texture background="true">$VAR[PosterThumb]</texture>
					<fadetime>IconCrossfadeTime</fadetime>
					<bordertexture border="20">thumbs/thumb_shadow.png</bordertexture>
					<bordersize>20</bordersize>
				</control>
				<control type="image">
					<top>795</top>
					<width>570</width>
					<height>835</height>
					<aspectratio aligny="top">keep</aspectratio>
					<fadetime>IconCrossfadeTime</fadetime>
					<texture diffuse="thumbs/thumb_reflect.png" flipy="true" background="true">$VAR[PosterThumb]</texture>
					<bordersize>20</bordersize>
				</control>
			</control>
		</control>
	</include>
	<!-- Slim MusicList-->
	<include name="SlimMusicList">
		<control type="group">
			<visible>Control.IsVisible(50) + !Window.IsActive(addoninformation)</visible>
			<include>ViewAnimation</include>
			<control type="group">
				<left>100</left>
				<top>-40</top>
				<control type="image">
					<left>-32</left>
					<top>1020</top>
					<width>1204</width>
					<height>904</height>
					<texture border="40">panel_reflect.png</texture>
				</control>
				<control type="image">
					<left>-32</left>
					<top>148</top>
					<width>1204</width>
					<height>904</height>
					<texture border="40">listpanel_back.png</texture>
				</control>
				<control type="panel" id="50">
					<top>180</top>
					<width>1140</width>
					<height>840</height>
					<onleft>SetProperty(MediaMenu,True,Home)</onleft>
					<onleft>SetFocus(9050)</onleft>
					<onright>95060</onright>
					<onup>50</onup>
					<ondown>50</ondown>
					<viewtype label="535">list</viewtype>
					<pagecontrol>95060</pagecontrol>
					<scrolltime tween="quadratic" easing="out">200</scrolltime>
					<itemlayout height="60" width="1140" condition="Container.Content(albums) | Container.Content(songs)">
						<control type="image">
							<left>5</left>
							<top>5</top>
							<width>180</width>
							<height>50</height>
							<aspectratio align="right">keep</aspectratio>
							<texture fallback="rating0.png">$INFO[ListItem.UserRating,flags/rating/,.png]</texture>
							<colordiffuse>grey3</colordiffuse>
							<visible>!ListItem.IsParentFolder</visible>
						</control>
						<control type="label">
							<left>200</left>
							<width>900</width>
							<height>60</height>
							<font>font15</font>
							<textcolor>grey2</textcolor>
							<label>$INFO[ListItem.Label]</label>
						</control>
						<control type="label">
							<left>210</left>
							<width>900</width>
							<height>60</height>
							<font>font15</font>
							<align>right</align>
							<textcolor>grey2</textcolor>
							<label>$INFO[ListItem.Label2]</label>
						</control>
					</itemlayout>
					<focusedlayout height="60" width="1140" condition="Container.Content(albums) | Container.Content(songs)">
						<control type="image">
							<width>1140</width>
							<height>60</height>
							<texture colordiffuse="$VAR[HighlightBarColor]" border="4">listselect_fo.png</texture>
							<visible>Control.HasFocus(50)</visible>
							<include>VisibleFadeAnimation</include>
						</control>
						<control type="image">
							<left>5</left>
							<top>5</top>
							<width>180</width>
							<height>50</height>
							<aspectratio align="right">keep</aspectratio>
							<texture fallback="rating0.png">$INFO[ListItem.UserRating,flags/rating/,.png]</texture>
							<visible>!ListItem.IsParentFolder</visible>
						</control>
						<control type="label">
							<left>200</left>
							<width>900</width>
							<height>60</height>
							<font>font15</font>
							<label>$INFO[ListItem.Label]</label>
						</control>
						<control type="label">
							<left>210</left>
							<width>900</width>
							<height>60</height>
							<font>font15</font>
							<align>right</align>
							<label>$INFO[ListItem.Label2]</label>
						</control>
					</focusedlayout>
					<itemlayout height="60" width="1140" condition="![Container.Content(albums) | Container.Content(songs)]">
						<control type="label">
							<left>30</left>
							<width>1080</width>
							<height>60</height>
							<font>font15</font>
							<textcolor>grey2</textcolor>
							<label>$INFO[ListItem.Label]</label>
						</control>
						<control type="label">
							<left>30</left>
							<width>1080</width>
							<height>60</height>
							<font>font15</font>
							<align>right</align>
							<textcolor>grey2</textcolor>
							<label>$INFO[ListItem.Label2]</label>
						</control>
					</itemlayout>
					<focusedlayout height="60" width="1140" condition="![Container.Content(albums) | Container.Content(songs)]">
						<control type="image">
							<width>1140</width>
							<height>60</height>
							<texture colordiffuse="$VAR[HighlightBarColor]" border="4">listselect_fo.png</texture>
							<visible>Control.HasFocus(50)</visible>
							<include>VisibleFadeAnimation</include>
						</control>
						<control type="label">
							<left>30</left>
							<width>1080</width>
							<height>60</height>
							<font>font15</font>
							<label>$INFO[ListItem.Label]</label>
						</control>
						<control type="label">
							<left>30</left>
							<width>1080</width>
							<height>60</height>
							<font>font15</font>
							<align>right</align>
							<label>$INFO[ListItem.Label2]</label>
						</control>
					</focusedlayout>
				</control>
				<control type="scrollbar" id="95060">
					<left>1140</left>
					<top>180</top>
					<width>14</width>
					<height>840</height>
					<onup>95060</onup>
					<ondown>95060</ondown>
					<onleft>50</onleft>
					<onright>SetProperty(MediaMenu,True,Home)</onright>
					<onright>SetFocus(9050)</onright>
					<texturesliderbackground />
					<texturesliderbar colordiffuse="55ffffff" border="1">scrollbar/texturesliderbar2.png</texturesliderbar>
					<texturesliderbarfocus border="1">scrollbar/texturesliderbar2.png</texturesliderbarfocus>
					<showonepage>false</showonepage>
					<orientation>vertical</orientation>
				</control>
			</control>
			<control type="group">
				<left>1296</left>
				<top>155</top>
				<control type="image">
					<width>570</width>
					<height>835</height>
					<aspectratio aligny="bottom">keep</aspectratio>
					<texture background="true">$VAR[PosterThumb]</texture>
					<fadetime>IconCrossfadeTime</fadetime>
					<bordertexture border="20">thumbs/thumb_shadow.png</bordertexture>
					<bordersize>20</bordersize>
				</control>
				<control type="image">
					<top>795</top>
					<width>570</width>
					<height>835</height>
					<aspectratio aligny="top">keep</aspectratio>
					<fadetime>IconCrossfadeTime</fadetime>
					<texture diffuse="thumbs/thumb_reflect.png" flipy="true" background="true">$VAR[PosterThumb]</texture>
					<bordersize>20</bordersize>
				</control>
			</control>
		</control>
	</include>
	<!-- Slim List-->
	<include name="SlimList">
		<control type="group">
			<visible>Control.IsVisible(50) + !Window.IsActive(addoninformation)</visible>
			<include>ViewAnimation</include>
			<control type="group">
				<left>100</left>
				<top>-40</top>
				<control type="image">
					<left>-32</left>
					<top>1020</top>
					<width>1204</width>
					<height>904</height>
					<texture border="40">panel_reflect.png</texture>
				</control>
				<control type="image">
					<left>-32</left>
					<top>148</top>
					<width>1204</width>
					<height>904</height>
					<texture border="40">listpanel_back.png</texture>
				</control>
				<control type="panel" id="50">
					<top>180</top>
					<width>1140</width>
					<height>840</height>
					<onleft>SetProperty(MediaMenu,True,Home)</onleft>
					<onleft>SetFocus(9050)</onleft>
					<onright>95060</onright>
					<onup>50</onup>
					<ondown>50</ondown>
					<viewtype label="535">list</viewtype>
					<pagecontrol>95060</pagecontrol>
					<scrolltime tween="quadratic" easing="out">200</scrolltime>
					<itemlayout height="60" width="1140">
						<control type="label">
							<left>30</left>
							<width>1080</width>
							<height>60</height>
							<font>font15</font>
							<textcolor>grey2</textcolor>
							<label>$INFO[ListItem.Label]</label>
						</control>
						<control type="label">
							<left>30</left>
							<width>1080</width>
							<height>60</height>
							<font>font15</font>
							<align>right</align>
							<textcolor>grey2</textcolor>
							<label>$INFO[ListItem.Label2]</label>
						</control>
					</itemlayout>
					<focusedlayout height="60" width="1140">
						<control type="image">
							<width>1140</width>
							<height>60</height>
							<texture colordiffuse="$VAR[HighlightBarColor]" border="4">listselect_fo.png</texture>
							<visible>Control.HasFocus(50)</visible>
							<include>VisibleFadeAnimation</include>
						</control>
						<control type="label">
							<left>30</left>
							<width>1080</width>
							<height>60</height>
							<font>font15</font>
							<label>$INFO[ListItem.Label]</label>
						</control>
						<control type="label">
							<left>30</left>
							<width>1080</width>
							<height>60</height>
							<font>font15</font>
							<align>right</align>
							<label>$INFO[ListItem.Label2]</label>
						</control>
					</focusedlayout>
				</control>
				<control type="scrollbar" id="95060">
					<left>1140</left>
					<top>180</top>
					<width>14</width>
					<height>840</height>
					<onup>95060</onup>
					<ondown>95060</ondown>
					<onleft>50</onleft>
					<onright>SetProperty(MediaMenu,True,Home)</onright>
					<onright>SetFocus(9050)</onright>
					<texturesliderbackground />
					<texturesliderbar colordiffuse="55ffffff" border="1">scrollbar/texturesliderbar2.png</texturesliderbar>
					<texturesliderbarfocus border="1">scrollbar/texturesliderbar2.png</texturesliderbarfocus>
					<showonepage>false</showonepage>
					<orientation>vertical</orientation>
				</control>
			</control>
			<control type="group">
				<left>1296</left>
				<top>155</top>
				<control type="image">
					<width>570</width>
					<height>835</height>
					<aspectratio aligny="bottom">keep</aspectratio>
					<texture background="true">$VAR[PosterThumb]</texture>
					<fadetime>IconCrossfadeTime</fadetime>
					<bordertexture border="20">thumbs/thumb_shadow.png</bordertexture>
					<bordersize>20</bordersize>
				</control>
				<control type="image">
					<top>795</top>
					<width>570</width>
					<height>835</height>
					<aspectratio aligny="top">keep</aspectratio>
					<fadetime>IconCrossfadeTime</fadetime>
					<texture diffuse="thumbs/thumb_reflect.png" flipy="true" background="true">$VAR[PosterThumb]</texture>
					<bordersize>20</bordersize>
				</control>
			</control>
		</control>
	</include>
</includes>