<?xml version="1.1" encoding="UTF-8" standalone="yes"?>
<addon id="plugin.video.reboot"
       name="[COLOR red]GEARS[COLOR white] TV[/COLOR]"
       version="112"
       provider-name="Mayfair">
  <requires>
    <import addon="xbmc.python" version="2.1.0"/>
    <import addon="script.module.requests" version="2.12.4"/>
    <import addon="script.module.pyxbmct" version="1.2.0"/>
    <import addon="script.module.elementtree" version="1.2.8"/>
  </requires>
  <extension point="xbmc.python.pluginsource"
            library="default.py"> 
        <provides>video</provides> 
  </extension> 
  <extension point="xbmc.addon.metadata">
    <summary lang="en">[COLOR red]GEARS[COLOR white] TV[/COLOR]</summary>
    <language>en</language>
    <description lang="en">LIFE IS TOUGHER WHEN IT BUFFERS -[COLOR red]GEARS[COLOR white] TV[/COLOR]</description>
     <platform>all</platform>
  </extension>
</addon>
