<?xml version="1.0" encoding="UTF-8" standalone="yes"?>
<addon id="repository.Excalibur" name="Excalibur" version="1.0" provider-name="Ex">
	<extension point="xbmc.addon.repository" name="Excalibur Repository">
		<dir>
			<info compressed="false">https://raw.githubusercontent.com/noobsandnerds/modules4all/master/zips/addons.xml</info>
			<checksum>https://raw.githubusercontent.com/noobsandnerds/modules4all/master/zips/addons.xml.md5</checksum>
			<datadir zip="true">https://raw.githubusercontent.com/noobsandnerds/modules4all/master/zips/</datadir>
		</dir>
		<info compressed="false">https://raw.githubusercontent.com/FrodoPhil87/repository.Excalibur/master/zips/addons.xml</info>
		<checksum>https://raw.githubusercontent.com/FrodoPhil87/repository.Excalibur/master/zips/addons.xml.md5</checksum>
		<datadir zip="true">https://raw.githubusercontent.com/FrodoPhil87/repository.Excalibur/master/zips/</datadir>
	</extension>
	<extension point="xbmc.addon.metadata">
		<summary lang="en">Excalibur Repo</summary>
		<description lang="en">Ex Repo</description>
		<genre></genre>
	</extension>
</addon>