<item>
<title>Phantasm</title>
<meta>
	<content>movie</content>
	<imdb>tt0079714</imdb>
	<title>Phantasm</title>
	<year>1979</year>
</meta>
<link>
	<sublink>search</sublink>
	<sublink>searchsd</sublink>
</link>
<thumbnail>https://image.tmdb.org/t/p/w1280//59GIYULisvSYMwawbbtCnjaPMAn.jpg</thumbnail>
<fanart>https://image.tmdb.org/t/p/w1280//mLXW1TJoutwUVorMncIxOmos6H3.jpg</fanart>
</item>
<item>
	<title>Suspiria</title>
	<meta>
		<content>movie</content>
		<imdb>tt0076786</imdb>
		<title>Suspiria</title>
		<year>1977</year>
	</meta>
	<link>
		<sublink>search</sublink>
		<sublink>searchsd</sublink>
	</link>
	<thumbnail>https://image.tmdb.org/t/p/w1280//ccMPzxtnr5WcHaiwIN4P7mXoJzo.jpg</thumbnail>
	<fanart>https://image.tmdb.org/t/p/w1280//aCV40BdNn9MNEPapmLHw4nyLKHm.jpg</fanart>
</item>
<item>
	<title>Friday the 13th</title>
	<meta>
		<content>movie</content>
		<imdb>tt0080761</imdb>
		<title>Friday the 13th</title>
		<year>1980</year>
	</meta>
	<link>
		<sublink>search</sublink>
		<sublink>searchsd</sublink>
	</link>
	<thumbnail>https://image.tmdb.org/t/p/w1280//mGJlh8oMyTDhfudvs20kFpYz0Yc.jpg</thumbnail>
	<fanart>https://image.tmdb.org/t/p/w1280//d1DyIWgc80ufW2ENGOMNZRbpq4x.jpg</fanart>
</item>
<item>
	<title>The Hills Have Eyes</title>
	<meta>
		<content>movie</content>
		<imdb>tt0077681</imdb>
		<title>The Hills Have Eyes</title>
		<year>1977</year>
	</meta>
	<link>
		<sublink>search</sublink>
		<sublink>searchsd</sublink>
	</link>
	<thumbnail>https://image.tmdb.org/t/p/w1280//5vt8y3X9C77r4sTFqH7D5tqAjGL.jpg</thumbnail>
	<fanart>https://image.tmdb.org/t/p/w1280//cIlLMj1YFlVj2xCfKEcgZ38p3Df.jpg</fanart>
</item>
<item>
	<title>Dracula</title>
	<meta>
		<content>movie</content>
		<imdb>tt0103874</imdb>
		<title>Dracula</title>
		<year>1992</year>
	</meta>
	<link>
		<sublink>search</sublink>
		<sublink>searchsd</sublink>
	</link>
	<thumbnail>https://image.tmdb.org/t/p/w1280//ioHxm3D3JdSXR61LRhcVb8KdZOz.jpg</thumbnail>
	<fanart>https://image.tmdb.org/t/p/w1280//x4RwLFKvVm5X6zkrKRLBUkDIwuq.jpg</fanart>
</item>
<item>
	<title>Pulse</title>
	<meta>
		<content>movie</content>
		<imdb>tt0286751</imdb>
		<title>Pulse</title>
		<year>2001</year>
	</meta>
	<link>
		<sublink>search</sublink>
		<sublink>searchsd</sublink>
	</link>
	<thumbnail>https://image.tmdb.org/t/p/w1280//2unV6GQtDKszsEGql5Dylxg4sVP.jpg</thumbnail>
	<fanart>https://image.tmdb.org/t/p/w1280//7hOzekjvxiiydVdpOqCzruKVOCn.jpg</fanart>
</item>
<item>
	<title>Wolf Creek</title>
	<meta>
		<content>movie</content>
		<imdb>tt0416315</imdb>
		<title>Wolf Creek</title>
		<year>2005</year>
	</meta>
	<link>
		<sublink>search</sublink>
		<sublink>searchsd</sublink>
	</link>
	<thumbnail>https://image.tmdb.org/t/p/w1280//eiQqXee0LwUvwHWp6QnZDoP1qdI.jpg</thumbnail>
	<fanart>https://image.tmdb.org/t/p/w1280//frkFxkU02YpPDi6bOSCwUBSd6I4.jpg</fanart>
</item>
<item>
	<title>Slither</title>
	<meta>
		<content>movie</content>
		<imdb>tt0439815</imdb>
		<title>Slither</title>
		<year>2006</year>
	</meta>
	<link>
		<sublink>search</sublink>
		<sublink>searchsd</sublink>
	</link>
	<thumbnail>https://image.tmdb.org/t/p/w1280//oRwHmH4cPRAiCsMUCGaCwZQz0Jg.jpg</thumbnail>
	<fanart>https://image.tmdb.org/t/p/w1280//mMmGK5gEPATupYNprpRVUtUshu4.jpg</fanart>
</item>
<item>
	<title>Jacob's Ladder</title>
	<meta>
		<content>movie</content>
		<imdb>tt0099871</imdb>
		<title>Jacob's Ladder</title>
		<year>1990</year>
	</meta>
	<link>
		<sublink>search</sublink>
		<sublink>searchsd</sublink>
	</link>
	<thumbnail>https://image.tmdb.org/t/p/w1280//2Byg7AV91LF7pfByz4ZMvnkZnH7.jpg</thumbnail>
	<fanart>https://image.tmdb.org/t/p/w1280//xahHn2vJFHgqXUdFcG83rE7crFh.jpg</fanart>
</item>
<item>
	<title>House on Haunted Hill</title>
	<meta>
		<content>movie</content>
		<imdb>tt0051744</imdb>
		<title>House on Haunted Hill</title>
		<year>1959</year>
	</meta>
	<link>
		<sublink>search</sublink>
		<sublink>searchsd</sublink>
	</link>
	<thumbnail>https://image.tmdb.org/t/p/w1280//fnlPkYlVXrWUkQsVa8Y2tkFoPQq.jpg</thumbnail>
	<fanart>https://image.tmdb.org/t/p/w1280//5Wi2IrO0787hhYjsBVzXUFHN1KJ.jpg</fanart>
</item>
<item>
	<title>Paranormal Activity</title>
	<meta>
		<content>movie</content>
		<imdb>tt1179904</imdb>
		<title>Paranormal Activity</title>
		<year>2007</year>
	</meta>
	<link>
		<sublink>search</sublink>
		<sublink>searchsd</sublink>
	</link>
	<thumbnail>https://image.tmdb.org/t/p/w1280//ns7J1iMSDs5UkEVjMXLPiss7Lrt.jpg</thumbnail>
	<fanart>https://image.tmdb.org/t/p/w1280//sPaDUSuVQy1SL7ybnxilgWzLDAQ.jpg</fanart>
</item>
<item>
	<title>High Tension</title>
	<meta>
		<content>movie</content>
		<imdb>tt0338095</imdb>
		<title>High Tension</title>
		<year>2003</year>
	</meta>
	<link>
		<sublink>search</sublink>
		<sublink>searchsd</sublink>
	</link>
	<thumbnail>https://image.tmdb.org/t/p/w1280//oyyhw5Ph9p5M4pargwN2aE9OLCO.jpg</thumbnail>
	<fanart>https://image.tmdb.org/t/p/w1280//kmjHWTujBgdUXsS1hFB0lPwfccU.jpg</fanart>
</item>
<item>
	<title>Oculus</title>
	<meta>
		<content>movie</content>
		<imdb>tt2388715</imdb>
		<title>Oculus</title>
		<year>2013</year>
	</meta>
	<link>
		<sublink>search</sublink>
		<sublink>searchsd</sublink>
	</link>
	<thumbnail>https://image.tmdb.org/t/p/w1280//ic8C94ylSfcoLkXqPOKzL6DqPcH.jpg</thumbnail>
	<fanart>https://image.tmdb.org/t/p/w1280//fiHOt3Te7LTfQmApychxYwx7Bry.jpg</fanart>
</item>
<item>
	<title>Candyman</title>
	<meta>
		<content>movie</content>
		<imdb>tt0103919</imdb>
		<title>Candyman</title>
		<year>1992</year>
	</meta>
	<link>
		<sublink>search</sublink>
		<sublink>searchsd</sublink>
	</link>
	<thumbnail>https://image.tmdb.org/t/p/w1280//w5YQqrwzreHfa7RmXCB7rpLLxbe.jpg</thumbnail>
	<fanart>https://image.tmdb.org/t/p/w1280//ytzqiDJ1mixWxBhFr1Lmp0VZjtT.jpg</fanart>
</item>
<item>
	<title>Invasion of the Body Snatchers</title>
	<meta>
		<content>movie</content>
		<imdb>tt0077745</imdb>
		<title>Invasion of the Body Snatchers</title>
		<year>1978</year>
	</meta>
	<link>
		<sublink>search</sublink>
		<sublink>searchsd</sublink>
	</link>
	<thumbnail>https://image.tmdb.org/t/p/w1280//emvdLecrjSLO8pJII1XbYJqXhcB.jpg</thumbnail>
	<fanart>https://image.tmdb.org/t/p/w1280//gnVXP708WiJAH6oMhdSRAik4XTl.jpg</fanart>
</item>
<item>
	<title>Alice Sweet Alice</title>
	<meta>
		<content>movie</content>
		<imdb>tt0076150</imdb>
		<title>Alice Sweet Alice</title>
		<year>1976</year>
	</meta>
	<link>
		<sublink>search</sublink>
		<sublink>searchsd</sublink>
	</link>
	<thumbnail>https://image.tmdb.org/t/p/w1280//scjfMHHjZRKkmhoqPtNJmMfpcs4.jpg</thumbnail>
	<fanart>https://image.tmdb.org/t/p/w1280//rpmfuzmTDdJJN9EnkcZV1cRSjpA.jpg</fanart>
</item>
<item>
	<title>You're Next</title>
	<meta>
		<content>movie</content>
		<imdb>tt1853739</imdb>
		<title>You're Next</title>
		<year>2011</year>
	</meta>
	<link>
		<sublink>search</sublink>
		<sublink>searchsd</sublink>
	</link>
	<thumbnail>https://image.tmdb.org/t/p/w1280//tCQowhMukynSnIPJAh4zNdyDulG.jpg</thumbnail>
	<fanart>https://image.tmdb.org/t/p/w1280//zzfGL8FggF2owX9ZQfhqvaANFlY.jpg</fanart>
</item>
<item>
	<title>Dracula</title>
	<meta>
		<content>movie</content>
		<imdb>tt0021814</imdb>
		<title>Dracula</title>
		<year>1931</year>
	</meta>
	<link>
		<sublink>search</sublink>
		<sublink>searchsd</sublink>
	</link>
	<thumbnail>https://image.tmdb.org/t/p/w1280//hA9kQrIwDHJKl1pt8GpJdDnBzim.jpg</thumbnail>
	<fanart>https://image.tmdb.org/t/p/w1280//z70kyHZcUmwED1p6KXyMjLlxfto.jpg</fanart>
</item>
<item>
	<title>May</title>
	<meta>
		<content>movie</content>
		<imdb>tt0303361</imdb>
		<title>May</title>
		<year>2002</year>
	</meta>
	<link>
		<sublink>search</sublink>
		<sublink>searchsd</sublink>
	</link>
	<thumbnail>https://image.tmdb.org/t/p/w1280//kUaoxNyLFhZ8tOKFXu4xQnZJYxa.jpg</thumbnail>
	<fanart>https://image.tmdb.org/t/p/w1280//hXDuVmsqmDZxt2i1CnRfWrjXadN.jpg</fanart>
</item>
<item>
	<title>Deep Red</title>
	<meta>
		<content>movie</content>
		<imdb>tt0073582</imdb>
		<title>Deep Red</title>
		<year>1975</year>
	</meta>
	<link>
		<sublink>search</sublink>
		<sublink>searchsd</sublink>
	</link>
	<thumbnail>https://image.tmdb.org/t/p/w1280//rSHs6nsCw6vJwgz9djlAp4g3NCN.jpg</thumbnail>
	<fanart>https://image.tmdb.org/t/p/w1280//dZVcOjtgktUgThW617jdBOypFXh.jpg</fanart>
</item>
<item>
	<title>The Others</title>
	<meta>
		<content>movie</content>
		<imdb>tt0230600</imdb>
		<title>The Others</title>
		<year>2001</year>
	</meta>
	<link>
		<sublink>search</sublink>
		<sublink>searchsd</sublink>
	</link>
	<thumbnail>https://image.tmdb.org/t/p/w1280//k9GpVK2dyMMzjciQiMdoaL1WUlS.jpg</thumbnail>
	<fanart>https://image.tmdb.org/t/p/w1280//sLZULNJbQ4ZlomXzFIKKzqr4dte.jpg</fanart>
</item>
<item>
	<title>Henry: Portrait of a Serial Killer</title>
	<meta>
		<content>movie</content>
		<imdb>tt0099763</imdb>
		<title>Henry: Portrait of a Serial Killer</title>
		<year>1986</year>
	</meta>
	<link>
		<sublink>search</sublink>
		<sublink>searchsd</sublink>
	</link>
	<thumbnail>https://image.tmdb.org/t/p/w1280//jE9bDB7v7lMED5PWpPMsmc3SzlI.jpg</thumbnail>
	<fanart>https://image.tmdb.org/t/p/w1280//9ZYJvlx2nzoi2Q4O11wuDHvTZQe.jpg</fanart>
</item>
<item>
	<title>The Strangers</title>
	<meta>
		<content>movie</content>
		<imdb>tt0482606</imdb>
		<title>The Strangers</title>
		<year>2008</year>
	</meta>
	<link>
		<sublink>search</sublink>
		<sublink>searchsd</sublink>
	</link>
	<thumbnail>https://image.tmdb.org/t/p/w1280//pZwTosOfiB9hGvXvPg9fpoOqKmp.jpg</thumbnail>
	<fanart>https://image.tmdb.org/t/p/w1280//rY3FMzhK9kS601aN4yWJEkQ4zvN.jpg</fanart>
</item>
<item>
	<title>The Loved Ones</title>
	<meta>
		<content>movie</content>
		<imdb>tt1316536</imdb>
		<title>The Loved Ones</title>
		<year>2009</year>
	</meta>
	<link>
		<sublink>search</sublink>
		<sublink>searchsd</sublink>
	</link>
	<thumbnail>https://image.tmdb.org/t/p/w1280//fJXQRtkMKAAmnEYDPaZ4BtsAhL3.jpg</thumbnail>
	<fanart>https://image.tmdb.org/t/p/w1280//adrELaBtSEFvcIlUBQ4SGrrl3Rs.jpg</fanart>
</item>
<item>
	<title>The Skin I Live In</title>
	<meta>
		<content>movie</content>
		<imdb>tt1189073</imdb>
		<title>The Skin I Live In</title>
		<year>2011</year>
	</meta>
	<link>
		<sublink>search</sublink>
		<sublink>searchsd</sublink>
	</link>
	<thumbnail>https://image.tmdb.org/t/p/w1280//iFIgRIhz3CdWDuKBqEDURV4a4Ly.jpg</thumbnail>
	<fanart>https://image.tmdb.org/t/p/w1280//dagoulteDXu2CPWmoNJKq8K5Lo6.jpg</fanart>
</item>
<item>
	<title>Let the Right One In</title>
	<meta>
		<content>movie</content>
		<imdb>tt1139797</imdb>
		<title>Let the Right One In</title>
		<year>2008</year>
	</meta>
	<link>
		<sublink>search</sublink>
		<sublink>searchsd</sublink>
	</link>
	<thumbnail>https://image.tmdb.org/t/p/w1280//9FGpMfbpKjN7i2jF2gQpvQvK9VB.jpg</thumbnail>
	<fanart>https://image.tmdb.org/t/p/w1280//wMRVKIIIn5035KIY0J793aHWVOj.jpg</fanart>
</item>
<item>
	<title>The Brood</title>
	<meta>
		<content>movie</content>
		<imdb>tt0078908</imdb>
		<title>The Brood</title>
		<year>1979</year>
	</meta>
	<link>
		<sublink>search</sublink>
		<sublink>searchsd</sublink>
	</link>
	<thumbnail>https://image.tmdb.org/t/p/w1280//dptqBZfp0xnBS9qGFwlYhpCb06S.jpg</thumbnail>
	<fanart>https://image.tmdb.org/t/p/w1280//aqptjqKcTJjZKUxcqCKBoJz90QR.jpg</fanart>
</item>
<item>
	<title>Don't Breathe</title>
	<meta>
		<content>movie</content>
		<imdb>tt4160708</imdb>
		<title>Don't Breathe</title>
		<year>2016</year>
	</meta>
	<link>
		<sublink>search</sublink>
		<sublink>searchsd</sublink>
	</link>
	<thumbnail>https://image.tmdb.org/t/p/w1280//lw0IqOSMsQcy1QnVIEIDppLmNwk.jpg</thumbnail>
	<fanart>https://image.tmdb.org/t/p/w1280//bCThHXQ3aLLDU3KFST0rC8mTan5.jpg</fanart>
</item>
<item>
	<title>Godzilla</title>
	<meta>
		<content>movie</content>
		<imdb>tt0047034</imdb>
		<title>Godzilla</title>
		<year>1954</year>
	</meta>
	<link>
		<sublink>search</sublink>
		<sublink>searchsd</sublink>
	</link>
	<thumbnail>https://image.tmdb.org/t/p/w1280//1MJcpTpeSh2RtRHI7EMHStvWDEt.jpg</thumbnail>
	<fanart>https://image.tmdb.org/t/p/w1280//AvYDpn52RVu9bRfbtVka9mpyYOt.jpg</fanart>
</item>
<item>
	<title>The Wicker Man</title>
	<meta>
		<content>movie</content>
		<imdb>tt0070917</imdb>
		<title>The Wicker Man</title>
		<year>1973</year>
	</meta>
	<link>
		<sublink>search</sublink>
		<sublink>searchsd</sublink>
	</link>
	<thumbnail>https://image.tmdb.org/t/p/w1280//ofu911v8zAGSoOBHYz3ZHG0cFiD.jpg</thumbnail>
	<fanart>https://image.tmdb.org/t/p/w1280//1kkDSQNBp74qjhBStGtF1MEHWNi.jpg</fanart>
</item>
<item>
	<title>Re-Animator</title>
	<meta>
		<content>movie</content>
		<imdb>tt0089885</imdb>
		<title>Re-Animator</title>
		<year>1985</year>
	</meta>
	<link>
		<sublink>search</sublink>
		<sublink>searchsd</sublink>
	</link>
	<thumbnail>https://image.tmdb.org/t/p/w1280//hJnP2O0uTuh8HsR094WLTi3sQwc.jpg</thumbnail>
	<fanart>https://image.tmdb.org/t/p/w1280//aGLdPN9aF8o2b4P8tuKUwLCHFFG.jpg</fanart>
</item>
<item>
	<title>The Howling</title>
	<meta>
		<content>movie</content>
		<imdb>tt0082533</imdb>
		<title>The Howling</title>
		<year>1981</year>
	</meta>
	<link>
		<sublink>search</sublink>
		<sublink>searchsd</sublink>
	</link>
	<thumbnail>https://image.tmdb.org/t/p/w1280//zXiQCqtw5lZwrLDqRPbAJhT80Ri.jpg</thumbnail>
	<fanart>https://image.tmdb.org/t/p/w1280//jkYLLMhDhnJIp5Sp1ujdWh44wOz.jpg</fanart>
</item>
<item>
	<title>The Orphanage</title>
	<meta>
		<content>movie</content>
		<imdb>tt0464141</imdb>
		<title>The Orphanage</title>
		<year>2007</year>
	</meta>
	<link>
		<sublink>search</sublink>
		<sublink>searchsd</sublink>
	</link>
	<thumbnail>https://image.tmdb.org/t/p/w1280//3DMsF5gbTfEZoDp6fQH0QATOc7l.jpg</thumbnail>
	<fanart>https://image.tmdb.org/t/p/w1280//ecBXVg8bxCcs8QpHwnEkyyPa8AM.jpg</fanart>
</item>
<item>
	<title>What Lies Beneath</title>
	<meta>
		<content>movie</content>
		<imdb>tt0161081</imdb>
		<title>What Lies Beneath</title>
		<year>2000</year>
	</meta>
	<link>
		<sublink>search</sublink>
		<sublink>searchsd</sublink>
	</link>
	<thumbnail>https://image.tmdb.org/t/p/w1280//A1mrfm8LEv7L28q50ld8QI5z9Iu.jpg</thumbnail>
	<fanart>https://image.tmdb.org/t/p/w1280//h3A6QXt8t35YQrSvbF9hOkKeeB9.jpg</fanart>
</item>
<item>
	<title>The House of the Devil</title>
	<meta>
		<content>movie</content>
		<imdb>tt1172994</imdb>
		<title>The House of the Devil</title>
		<year>2009</year>
	</meta>
	<link>
		<sublink>search</sublink>
		<sublink>searchsd</sublink>
	</link>
	<thumbnail>https://image.tmdb.org/t/p/w1280//covH6buvTjzrjQLNNA23obaLPXl.jpg</thumbnail>
	<fanart>https://image.tmdb.org/t/p/w1280//ql41YDr40CjKRqhPVJufEOIgsmr.jpg</fanart>
</item>
<item>
	<title>The Mist</title>
	<meta>
		<content>movie</content>
		<imdb>tt0884328</imdb>
		<title>The Mist</title>
		<year>2007</year>
	</meta>
	<link>
		<sublink>search</sublink>
		<sublink>searchsd</sublink>
	</link>
	<thumbnail>https://image.tmdb.org/t/p/w1280//uYVheUBf8ITaocUP4Og9GXxOMIH.jpg</thumbnail>
	<fanart>https://image.tmdb.org/t/p/w1280//xUYTWv2W3wCakBw4fOpTfFQ5e1I.jpg</fanart>
</item>
<item>
	<title>Bug</title>
	<meta>
		<content>movie</content>
		<imdb>tt0470705</imdb>
		<title>Bug</title>
		<year>2006</year>
	</meta>
	<link>
		<sublink>search</sublink>
		<sublink>searchsd</sublink>
	</link>
	<thumbnail>https://image.tmdb.org/t/p/w1280//cMYQJOBRa0u44RIMYqXkjAOWYDy.jpg</thumbnail>
	<fanart>https://image.tmdb.org/t/p/w1280//iyEO1ZAbfh7aGD3g1mc9V1RixD5.jpg</fanart>
</item>
<item>
	<title>28 Days Later</title>
	<meta>
		<content>movie</content>
		<imdb>tt0289043</imdb>
		<title>28 Days Later</title>
		<year>2002</year>
	</meta>
	<link>
		<sublink>search</sublink>
		<sublink>searchsd</sublink>
	</link>
	<thumbnail>https://image.tmdb.org/t/p/w1280//xaYdxi1PBEAYvqknvAmMPK5Eff3.jpg</thumbnail>
	<fanart>https://image.tmdb.org/t/p/w1280//yUztTrOARxj1lgcPyrSCeGWigZO.jpg</fanart>
</item>
<item>
	<title>Under the Skin</title>
	<meta>
		<content>movie</content>
		<imdb>tt1441395</imdb>
		<title>Under the Skin</title>
		<year>2014</year>
	</meta>
	<link>
		<sublink>search</sublink>
		<sublink>searchsd</sublink>
	</link>
	<thumbnail>https://image.tmdb.org/t/p/w1280//vYbCF0Hn6f4kVtOtVF3FiktiiXd.jpg</thumbnail>
	<fanart>https://image.tmdb.org/t/p/w1280//cGOnS9rVOPXsyUwVUfTQP5yi3Ti.jpg</fanart>
</item>
<item>
	<title>Don't Look Now</title>
	<meta>
		<content>movie</content>
		<imdb>tt0069995</imdb>
		<title>Don't Look Now</title>
		<year>1973</year>
	</meta>
	<link>
		<sublink>search</sublink>
		<sublink>searchsd</sublink>
	</link>
	<thumbnail>https://image.tmdb.org/t/p/w1280//xXEPpFJJeBHcVuQGAbSjKJTWonh.jpg</thumbnail>
	<fanart>https://image.tmdb.org/t/p/w1280//F9wO6f1Qoic4vgSpKNE3vVTutI.jpg</fanart>
</item>
<item>
	<title>Trick 'r Treat</title>
	<meta>
		<content>movie</content>
		<imdb>tt0862856</imdb>
		<title>Trick 'r Treat</title>
		<year>2007</year>
	</meta>
	<link>
		<sublink>search</sublink>
		<sublink>searchsd</sublink>
	</link>
	<thumbnail>https://image.tmdb.org/t/p/w1280//w0nmol4g7n6MFfhfphV7GzHHYjB.jpg</thumbnail>
	<fanart>https://image.tmdb.org/t/p/w1280//oFxeGxRjlwzf0qct3g1HGBujGqH.jpg</fanart>
</item>
<item>
	<title>The Babadook</title>
	<meta>
		<content>movie</content>
		<imdb>tt2321549</imdb>
		<title>The Babadook</title>
		<year>2014</year>
	</meta>
	<link>
		<sublink>search</sublink>
		<sublink>searchsd</sublink>
	</link>
	<thumbnail>https://image.tmdb.org/t/p/w1280//4zPxsfmeNX438gf77hjb9eYGiLh.jpg</thumbnail>
	<fanart>https://image.tmdb.org/t/p/w1280//pJ10mpKs2mM2AXTUOmM4yl5PJi8.jpg</fanart>
</item>
<item>
	<title>[REC]</title>
	<meta>
		<content>movie</content>
		<imdb>tt1038988</imdb>
		<title>[REC]</title>
		<year>2007</year>
	</meta>
	<link>
		<sublink>search</sublink>
		<sublink>searchsd</sublink>
	</link>
	<thumbnail>https://image.tmdb.org/t/p/w1280//lLSXs26iZe0aIzYrobr3FruUG36.jpg</thumbnail>
	<fanart>https://image.tmdb.org/t/p/w1280//3WxTBxAJzYrS8MP8vdjuCxFTCkr.jpg</fanart>
</item>
<item>
	<title>Saw</title>
	<meta>
		<content>movie</content>
		<imdb>tt0387564</imdb>
		<title>Saw</title>
		<year>2004</year>
	</meta>
	<link>
		<sublink>search</sublink>
		<sublink>searchsd</sublink>
	</link>
	<thumbnail>https://image.tmdb.org/t/p/w1280//dHYvIgsax8ZFgkz1OslE4V6Pnf5.jpg</thumbnail>
	<fanart>https://image.tmdb.org/t/p/w1280//wXZB5DV0sgdSlFRUrZdE7fBLGEH.jpg</fanart>
</item>
<item>
	<title>Insidious</title>
	<meta>
		<content>movie</content>
		<imdb>tt1591095</imdb>
		<title>Insidious</title>
		<year>2010</year>
	</meta>
	<link>
		<sublink>search</sublink>
		<sublink>searchsd</sublink>
	</link>
	<thumbnail>https://image.tmdb.org/t/p/w1280//6Tjg6DWVo2cpqDLxrOQNw1UvIMB.jpg</thumbnail>
	<fanart>https://image.tmdb.org/t/p/w1280//xVNR5eperbCm1DI1JfGhUXd4lqm.jpg</fanart>
</item>
<item>
	<title>Drag Me to Hell</title>
	<meta>
		<content>movie</content>
		<imdb>tt1127180</imdb>
		<title>Drag Me to Hell</title>
		<year>2009</year>
	</meta>
	<link>
		<sublink>search</sublink>
		<sublink>searchsd</sublink>
	</link>
	<thumbnail>https://image.tmdb.org/t/p/w1280//4trULrbj4AoPLKSiIoQUTm2tPAG.jpg</thumbnail>
	<fanart>https://image.tmdb.org/t/p/w1280//1hPXuj5wMvfeKxLRNIFuWojXSU6.jpg</fanart>
</item>
<item>
	<title>The Devil's Rejects</title>
	<meta>
		<content>movie</content>
		<imdb>tt0395584</imdb>
		<title>The Devil's Rejects</title>
		<year>2005</year>
	</meta>
	<link>
		<sublink>search</sublink>
		<sublink>searchsd</sublink>
	</link>
	<thumbnail>https://image.tmdb.org/t/p/w1280//jSWt4aJizmXmPXV3SBQGTWhwuCB.jpg</thumbnail>
	<fanart>https://image.tmdb.org/t/p/w1280//fmo48Lt8XtMWeHeXJzi5SbPCJud.jpg</fanart>
</item>
<item>
	<title>I Walked with a Zombie</title>
	<meta>
		<content>movie</content>
		<imdb>tt0036027</imdb>
		<title>I Walked with a Zombie</title>
		<year>1943</year>
	</meta>
	<link>
		<sublink>search</sublink>
		<sublink>searchsd</sublink>
	</link>
	<thumbnail>https://image.tmdb.org/t/p/w1280//uoyBR8XNxPQRojujtczfG1qJezY.jpg</thumbnail>
	<fanart>https://image.tmdb.org/t/p/w1280//gNLoch27EP2w1ezFQQCcqQnZivq.jpg</fanart>
</item>
<item>
	<title>Ringu</title>
	<meta>
		<content>movie</content>
		<imdb>tt0178868</imdb>
		<title>Ringu</title>
		<year>1998</year>
	</meta>
	<link>
		<sublink>search</sublink>
		<sublink>searchsd</sublink>
	</link>
	<thumbnail>https://image.tmdb.org/t/p/w1280//3joRI3S4jK4ZOuxnhauOdc0uvjb.jpg</thumbnail>
	<fanart>https://image.tmdb.org/t/p/w1280//zoBEPyPnJ9dsyoKTz3BfH80Icef.jpg</fanart>
</item>
<item>
	<title>Diabolique</title>
	<meta>
		<content>movie</content>
		<imdb>tt0046911</imdb>
		<title>Diabolique</title>
		<year>1955</year>
	</meta>
	<link>
		<sublink>search</sublink>
		<sublink>searchsd</sublink>
	</link>
	<thumbnail>https://image.tmdb.org/t/p/w1280//mNaL2CFsABXJKmnst1V2X2Or3Go.jpg</thumbnail>
	<fanart>https://image.tmdb.org/t/p/w1280//oMpX8thZFDVZNS4j240HYSMMvyg.jpg</fanart>
</item>
<item>
	<title>The Sixth Sense</title>
	<meta>
		<content>movie</content>
		<imdb>tt0167404</imdb>
		<title>The Sixth Sense</title>
		<year>1999</year>
	</meta>
	<link>
		<sublink>search</sublink>
		<sublink>searchsd</sublink>
	</link>
	<thumbnail>https://image.tmdb.org/t/p/w1280//imps263dHNe3SuoaAJORZyNTdDT.jpg</thumbnail>
	<fanart>https://image.tmdb.org/t/p/w1280//y67X8DSDEAVcfo9aqX6yipsTsrX.jpg</fanart>
</item>
<item>
	<title>Pan's Labyrinth</title>
	<meta>
		<content>movie</content>
		<imdb>tt0457430</imdb>
		<title>Pan's Labyrinth</title>
		<year>2006</year>
	</meta>
	<link>
		<sublink>search</sublink>
		<sublink>searchsd</sublink>
	</link>
	<thumbnail>https://image.tmdb.org/t/p/w1280//t0TDsqbCTgSi0AL7k4baZrOYYhi.jpg</thumbnail>
	<fanart>https://image.tmdb.org/t/p/w1280//haDThaiRnJIwzLzpcayNeE4nI69.jpg</fanart>
</item>
<item>
	<title>What Ever Happened to Baby Jane?</title>
	<meta>
		<content>movie</content>
		<imdb>tt0056687</imdb>
		<title>What Ever Happened to Baby Jane?</title>
		<year>1962</year>
	</meta>
	<link>
		<sublink>search</sublink>
		<sublink>searchsd</sublink>
	</link>
	<thumbnail>https://image.tmdb.org/t/p/w1280//t2hPlHc2pFweBqQgrsNfSLNIv1j.jpg</thumbnail>
	<fanart>https://image.tmdb.org/t/p/w1280//yAVNjGQPkrp2wJ0mIbpHbpPTG4k.jpg</fanart>
</item>
<item>
	<title>The Omen</title>
	<meta>
		<content>movie</content>
		<imdb>tt0075005</imdb>
		<title>The Omen</title>
		<year>1976</year>
	</meta>
	<link>
		<sublink>search</sublink>
		<sublink>searchsd</sublink>
	</link>
	<thumbnail>https://image.tmdb.org/t/p/w1280//uY14zS4Sm2DdvFXeczFKgLgkQUP.jpg</thumbnail>
	<fanart>https://image.tmdb.org/t/p/w1280//zme4RH7DVdRSGrTk7bNvcGGywAW.jpg</fanart>
</item>
<item>
	<title>Poltergeist</title>
	<meta>
		<content>movie</content>
		<imdb>tt1029360</imdb>
		<title>Poltergeist</title>
		<year>2015</year>
	</meta>
	<link>
		<sublink>search</sublink>
		<sublink>searchsd</sublink>
	</link>
	<thumbnail>https://image.tmdb.org/t/p/w1280//fWOPN0XBvHXFYr3RsPr74qBge2I.jpg</thumbnail>
	<fanart>https://image.tmdb.org/t/p/w1280//i2otKlu6k5xM0bvA69y4z7XaCGo.jpg</fanart>
</item>
<item>
	<title>The Conjuring</title>
	<meta>
		<content>movie</content>
		<imdb>tt1457767</imdb>
		<title>The Conjuring</title>
		<year>2013</year>
	</meta>
	<link>
		<sublink>search</sublink>
		<sublink>searchsd</sublink>
	</link>
	<thumbnail>https://image.tmdb.org/t/p/w1280//xYGkdhOEVoFrLNUotuTXemtQAWd.jpg</thumbnail>
	<fanart>https://image.tmdb.org/t/p/w1280//ksV4twEYj9HUjq2MP6q2dM0rxWX.jpg</fanart>
</item>
<item>
	<title>Audition</title>
	<meta>
		<content>movie</content>
		<imdb>tt0235198</imdb>
		<title>Audition</title>
		<year>1999</year>
	</meta>
	<link>
		<sublink>search</sublink>
		<sublink>searchsd</sublink>
	</link>
	<thumbnail>https://image.tmdb.org/t/p/w1280//mrK8hwRqaR1lveGoIcBICBqdmTG.jpg</thumbnail>
	<fanart>https://image.tmdb.org/t/p/w1280//erYnALHXFCzDwIDFthyOoGiLfsg.jpg</fanart>
</item>
<item>
	<title>The Witch</title>
	<meta>
		<content>movie</content>
		<imdb>tt4263482</imdb>
		<title>The Witch</title>
		<year>2016</year>
	</meta>
	<link>
		<sublink>search</sublink>
		<sublink>searchsd</sublink>
	</link>
	<thumbnail>https://image.tmdb.org/t/p/w1280//l6NobtvA1FMhtV2HH20spDGr1wl.jpg</thumbnail>
	<fanart>https://image.tmdb.org/t/p/w1280//v9oJ6MaO5wdBEa20dzG6OAhoM8h.jpg</fanart>
</item>
<item>
	<title>The Fly</title>
	<meta>
		<content>movie</content>
		<imdb>tt0091064</imdb>
		<title>The Fly</title>
		<year>1986</year>
	</meta>
	<link>
		<sublink>search</sublink>
		<sublink>searchsd</sublink>
	</link>
	<thumbnail>https://image.tmdb.org/t/p/w1280//q49tjSe3O152t9QVwaradePGu7W.jpg</thumbnail>
	<fanart>https://image.tmdb.org/t/p/w1280//fAbDSD1wMTLbM5ANAUBFKeCJkxO.jpg</fanart>
</item>
<item>
	<title>The Wolf Man</title>
	<meta>
		<content>movie</content>
		<imdb>tt0034398</imdb>
		<title>The Wolf Man</title>
		<year>1941</year>
	</meta>
	<link>
		<sublink>search</sublink>
		<sublink>searchsd</sublink>
	</link>
	<thumbnail>https://image.tmdb.org/t/p/w1280//vG8fu5syTtQLzK1hQXyi3ugOPNF.jpg</thumbnail>
	<fanart>https://image.tmdb.org/t/p/w1280//h63PLT448vqROrFMdds3Y2xSjuw.jpg</fanart>
</item>
<item>
	<title>Hellraiser</title>
	<meta>
		<content>movie</content>
		<imdb>tt0093177</imdb>
		<title>Hellraiser</title>
		<year>1987</year>
	</meta>
	<link>
		<sublink>search</sublink>
		<sublink>searchsd</sublink>
	</link>
	<thumbnail>https://image.tmdb.org/t/p/w1280//4nfAhOTlfZUHNorHJXEib7GYFpp.jpg</thumbnail>
	<fanart>https://image.tmdb.org/t/p/w1280//jd7pIx2XnO8wRdPT5ncAjhFxNwL.jpg</fanart>
</item>
<item>
	<title>It Follows</title>
	<meta>
		<content>movie</content>
		<imdb>tt3235888</imdb>
		<title>It Follows</title>
		<year>2014</year>
	</meta>
	<link>
		<sublink>search</sublink>
		<sublink>searchsd</sublink>
	</link>
	<thumbnail>https://image.tmdb.org/t/p/w1280//4MrwJZr0R9LbyOgZqwLNmtzzxbu.jpg</thumbnail>
	<fanart>https://image.tmdb.org/t/p/w1280//nwQgcgGVrKyjlxNzaDZud82pUly.jpg</fanart>
</item>
<item>
	<title>The Blair Witch Project</title>
	<meta>
		<content>movie</content>
		<imdb>tt0185937</imdb>
		<title>The Blair Witch Project</title>
		<year>1999</year>
	</meta>
	<link>
		<sublink>search</sublink>
		<sublink>searchsd</sublink>
	</link>
	<thumbnail>https://image.tmdb.org/t/p/w1280//hyaOKmxuF8YJKHqWlwpiZU5QsAr.jpg</thumbnail>
	<fanart>https://image.tmdb.org/t/p/w1280//rEUhIQZCk9ZAhyEyRFG0wPLYdXn.jpg</fanart>
</item>
<item>
	<title>The Cabin in the Woods</title>
	<meta>
		<content>movie</content>
		<imdb>tt1259521</imdb>
		<title>The Cabin in the Woods</title>
		<year>2012</year>
	</meta>
	<link>
		<sublink>search</sublink>
		<sublink>searchsd</sublink>
	</link>
	<thumbnail>https://image.tmdb.org/t/p/w1280//utfJuX6DfR28Mv2FMfnPFAYOmTU.jpg</thumbnail>
	<fanart>https://image.tmdb.org/t/p/w1280//214TKe8WBBbFXVrBRV9RECeE4oW.jpg</fanart>
</item>
<item>
	<title>Eyes Without a Face</title>
	<meta>
		<content>movie</content>
		<imdb>tt0053459</imdb>
		<title>Eyes Without a Face</title>
		<year>1960</year>
	</meta>
	<link>
		<sublink>search</sublink>
		<sublink>searchsd</sublink>
	</link>
	<thumbnail>https://image.tmdb.org/t/p/w1280//orqJcha6R8vxIzL2ggCQm0LjRBa.jpg</thumbnail>
	<fanart>https://image.tmdb.org/t/p/w1280//v573lQJaiYmjSYVWChbrLZsOJn5.jpg</fanart>
</item>
<item>
	<title>The Descent</title>
	<meta>
		<content>movie</content>
		<imdb>tt0435625</imdb>
		<title>The Descent</title>
		<year>2005</year>
	</meta>
	<link>
		<sublink>search</sublink>
		<sublink>searchsd</sublink>
	</link>
	<thumbnail>https://image.tmdb.org/t/p/w1280//ldzNyitGjBLjjOzLTaQyYDMVDF1.jpg</thumbnail>
	<fanart>https://image.tmdb.org/t/p/w1280//yiJonnQUW5luTsQy2KuUuOZqtjM.jpg</fanart>
</item>
<item>
	<title>Martyrs</title>
	<meta>
		<content>movie</content>
		<imdb>tt1029234</imdb>
		<title>Martyrs</title>
		<year>2008</year>
	</meta>
	<link>
		<sublink>search</sublink>
		<sublink>searchsd</sublink>
	</link>
	<thumbnail>https://image.tmdb.org/t/p/w1280//fC2Uld8qZ6waCuo71oTKzJTscaN.jpg</thumbnail>
	<fanart>https://image.tmdb.org/t/p/w1280//6ZGUYAhUvhJ54HrSPliTzoZ8evy.jpg</fanart>
</item>
<item>
	<title>The Last House on the Left</title>
	<meta>
		<content>movie</content>
		<imdb>tt0068833</imdb>
		<title>The Last House on the Left</title>
		<year>1972</year>
	</meta>
	<link>
		<sublink>search</sublink>
		<sublink>searchsd</sublink>
	</link>
	<thumbnail>https://image.tmdb.org/t/p/w1280//AnAovjFaZniDKyp3ET4YAGZIDgg.jpg</thumbnail>
	<fanart>https://image.tmdb.org/t/p/w1280//nvUyGrETZJA7WRqgeGfHmVneOfd.jpg</fanart>
</item>
<item>
	<title>Repulsion</title>
	<meta>
		<content>movie</content>
		<imdb>tt0059646</imdb>
		<title>Repulsion</title>
		<year>1965</year>
	</meta>
	<link>
		<sublink>search</sublink>
		<sublink>searchsd</sublink>
	</link>
	<thumbnail>https://image.tmdb.org/t/p/w1280//4payjKRO69Aew6Y53DfJ4KqhWs8.jpg</thumbnail>
	<fanart>https://image.tmdb.org/t/p/w1280//kDnN3JQKaJHYfl0jYsv0CIwNpPU.jpg</fanart>
</item>
<item>
	<title>The Cabinet of Dr. Caligari</title>
	<meta>
		<content>movie</content>
		<imdb>tt0010323</imdb>
		<title>The Cabinet of Dr. Caligari</title>
		<year>1920</year>
	</meta>
	<link>
		<sublink>search</sublink>
		<sublink>searchsd</sublink>
	</link>
	<thumbnail>https://image.tmdb.org/t/p/w1280//myK9DeIsXWGKgUTZyGXg2IfFk0W.jpg</thumbnail>
	<fanart>https://image.tmdb.org/t/p/w1280//6Xt1Iq0sct6LQcGF4WA5I4VqQmP.jpg</fanart>
</item>
<item>
	<title>Get Out</title>
	<meta>
		<content>movie</content>
		<imdb>tt5052448</imdb>
		<title>Get Out</title>
		<year>2017</year>
	</meta>
	<link>
		<sublink>search</sublink>
		<sublink>searchsd</sublink>
	</link>
	<thumbnail>https://image.tmdb.org/t/p/w1280//1SwAVYpuLj8KsHxllTF8Dt9dSSX.jpg</thumbnail>
	<fanart>https://image.tmdb.org/t/p/w1280//bBQHALHRAaaORlPNXv7fNcRXYdx.jpg</fanart>
</item>
<item>
	<title>Frankenstein</title>
	<meta>
		<content>movie</content>
		<imdb>tt0021884</imdb>
		<title>Frankenstein</title>
		<year>1931</year>
	</meta>
	<link>
		<sublink>search</sublink>
		<sublink>searchsd</sublink>
	</link>
	<thumbnail>https://image.tmdb.org/t/p/w1280//wB58wlBAr6484Wm6VyFDqSD8VOJ.jpg</thumbnail>
	<fanart>https://image.tmdb.org/t/p/w1280//nwmG8pQQ1xFAPZruYNnrnld2KMC.jpg</fanart>
</item>
<item>
	<title>Carrie</title>
	<meta>
		<content>movie</content>
		<imdb>tt0074285</imdb>
		<title>Carrie</title>
		<year>1976</year>
	</meta>
	<link>
		<sublink>search</sublink>
		<sublink>searchsd</sublink>
	</link>
	<thumbnail>https://image.tmdb.org/t/p/w1280//n9JxLthRHwTWwu5OjFHVplkVSUg.jpg</thumbnail>
	<fanart>https://image.tmdb.org/t/p/w1280//gGFE3OCWyolXVHZGxOOyqMvN6zg.jpg</fanart>
</item>
<item>
	<title>Black Christmas</title>
	<meta>
		<content>movie</content>
		<imdb>tt0071222</imdb>
		<title>Black Christmas</title>
		<year>1974</year>
	</meta>
	<link>
		<sublink>search</sublink>
		<sublink>searchsd</sublink>
	</link>
	<thumbnail>https://image.tmdb.org/t/p/w1280//qqO98sdPgptFgCua3Z4uZDuPcmP.jpg</thumbnail>
	<fanart>https://image.tmdb.org/t/p/w1280//zfs9QuKkZL6ZCluGvjo5Pk49aMv.jpg</fanart>
</item>
<item>
	<title>Freaks</title>
	<meta>
		<content>movie</content>
		<imdb>tt0022913</imdb>
		<title>Freaks</title>
		<year>1932</year>
	</meta>
	<link>
		<sublink>search</sublink>
		<sublink>searchsd</sublink>
	</link>
	<thumbnail>https://image.tmdb.org/t/p/w1280//9hmmE4K6tOEXB1KeTajIC0pNta6.jpg</thumbnail>
	<fanart>https://image.tmdb.org/t/p/w1280//vYmJOrvjHl9trvRsmrmpYoQUCse.jpg</fanart>
</item>
<item>
	<title>An American Werewolf in London</title>
	<meta>
		<content>movie</content>
		<imdb>tt0082010</imdb>
		<title>An American Werewolf in London</title>
		<year>1981</year>
	</meta>
	<link>
		<sublink>search</sublink>
		<sublink>searchsd</sublink>
	</link>
	<thumbnail>https://image.tmdb.org/t/p/w1280//jFoOiPVPuJrjqyQlaPIogHBPfFn.jpg</thumbnail>
	<fanart>https://image.tmdb.org/t/p/w1280//lFiEdW3zVjR2Wujxu3yZLpL2N8n.jpg</fanart>
</item>
<item>
	<title>The Innocents</title>
	<meta>
		<content>movie</content>
		<imdb>tt0055018</imdb>
		<title>The Innocents</title>
		<year>1961</year>
	</meta>
	<link>
		<sublink>search</sublink>
		<sublink>searchsd</sublink>
	</link>
	<thumbnail>https://image.tmdb.org/t/p/w1280//qdSlJ3lZITHDva5EI4lQHidZbf5.jpg</thumbnail>
	<fanart>https://image.tmdb.org/t/p/w1280//bgJuEW5Mb8SeeNobBkQa6u5kA7D.jpg</fanart>
</item>
<item>
	<title>The Haunting</title>
	<meta>
		<content>movie</content>
		<imdb>tt0057129</imdb>
		<title>The Haunting</title>
		<year>1963</year>
	</meta>
	<link>
		<sublink>search</sublink>
		<sublink>searchsd</sublink>
	</link>
	<thumbnail>https://image.tmdb.org/t/p/w1280//eUdYY4saosBCzonPsr2y4y1LjIt.jpg</thumbnail>
	<fanart>https://image.tmdb.org/t/p/w1280//tYr2PmqHGXgpHs50gQnPYamFC3w.jpg</fanart>
</item>
<item>
	<title>Rosemary's Baby</title>
	<meta>
		<content>movie</content>
		<imdb>tt0063522</imdb>
		<title>Rosemary's Baby</title>
		<year>1968</year>
	</meta>
	<link>
		<sublink>search</sublink>
		<sublink>searchsd</sublink>
	</link>
	<thumbnail>https://image.tmdb.org/t/p/w1280//kqA1pt9ovovArgJZi2Lu4Unf6He.jpg</thumbnail>
	<fanart>https://image.tmdb.org/t/p/w1280//3THF7D3uPqhV6k7iKsr2EyjqVPK.jpg</fanart>
</item>
<item>
	<title>Peeping Tom</title>
	<meta>
		<content>movie</content>
		<imdb>tt0054167</imdb>
		<title>Peeping Tom</title>
		<year>1960</year>
	</meta>
	<link>
		<sublink>search</sublink>
		<sublink>searchsd</sublink>
	</link>
	<thumbnail>https://image.tmdb.org/t/p/w1280//tJyGgOLDLDhJkUEI4wSoD4eO7n4.jpg</thumbnail>
	<fanart>https://image.tmdb.org/t/p/w1280//3xvmvjKibxboJXL3wWnGyz7ltRZ.jpg</fanart>
</item>
<item>
	<title>Dawn of the Dead</title>
	<meta>
		<content>movie</content>
		<imdb>tt0077402</imdb>
		<title>Dawn of the Dead</title>
		<year>1978</year>
	</meta>
	<link>
		<sublink>search</sublink>
		<sublink>searchsd</sublink>
	</link>
	<thumbnail>https://image.tmdb.org/t/p/w1280//8D6WEfNZr6JadQrqJr5OOq1QlV0.jpg</thumbnail>
	<fanart>https://image.tmdb.org/t/p/w1280//vCD9mRgSY4HuoSowm8JO4tm2mhj.jpg</fanart>
</item>
<item>
	<title>Bride of Frankenstein</title>
	<meta>
		<content>movie</content>
		<imdb>tt0026138</imdb>
		<title>Bride of Frankenstein</title>
		<year>1935</year>
	</meta>
	<link>
		<sublink>search</sublink>
		<sublink>searchsd</sublink>
	</link>
	<thumbnail>https://image.tmdb.org/t/p/w1280//7YOfYQ6yhpBYWOh8vFQYfo2mm5I.jpg</thumbnail>
	<fanart>https://image.tmdb.org/t/p/w1280//vLfbjecIkkJeM3dot7Zig1YOBaO.jpg</fanart>
</item>
<item>
	<title>Evil Dead II</title>
	<meta>
		<content>movie</content>
		<imdb>tt0092991</imdb>
		<title>Evil Dead II</title>
		<year>1987</year>
	</meta>
	<link>
		<sublink>search</sublink>
		<sublink>searchsd</sublink>
	</link>
	<thumbnail>https://image.tmdb.org/t/p/w1280//n49mpgUsPgBfRg2qIEj31HX0chu.jpg</thumbnail>
	<fanart>https://image.tmdb.org/t/p/w1280//9meXjIwJZk9aMMoMZk3AMzt8o44.jpg</fanart>
</item>
<item>
	<title>The Shining</title>
	<meta>
		<content>movie</content>
		<imdb>tt0081505</imdb>
		<title>The Shining</title>
		<year>1980</year>
	</meta>
	<link>
		<sublink>search</sublink>
		<sublink>searchsd</sublink>
	</link>
	<thumbnail>https://image.tmdb.org/t/p/w1280//9fgh3Ns1iRzlQNYuJyK0ARQZU7w.jpg</thumbnail>
	<fanart>https://image.tmdb.org/t/p/w1280//h4DcDCOkQBENWBJZjNlPv3adQfM.jpg</fanart>
</item>
<item>
	<title>The Phantom of the Opera</title>
	<meta>
		<content>movie</content>
		<imdb>tt0016220</imdb>
		<title>The Phantom of the Opera</title>
		<year>1925</year>
	</meta>
	<link>
		<sublink>search</sublink>
		<sublink>searchsd</sublink>
	</link>
	<thumbnail>https://image.tmdb.org/t/p/w1280//itfhSxbIgsan85iY1NrquIx7qxo.jpg</thumbnail>
	<fanart>https://image.tmdb.org/t/p/w1280//uIuXPCouZsebqJY5tWgmkM87pWV.jpg</fanart>
</item>
<item>
	<title>Scream</title>
	<meta>
		<content>movie</content>
		<imdb>tt0117571</imdb>
		<title>Scream</title>
		<year>1996</year>
	</meta>
	<link>
		<sublink>search</sublink>
		<sublink>searchsd</sublink>
	</link>
	<thumbnail>https://image.tmdb.org/t/p/w1280//ewi7gYW22t8T3piRvrXO73GlzuL.jpg</thumbnail>
	<fanart>https://image.tmdb.org/t/p/w1280//cafeYH18ZoxiZNqmhSrmyLRIx8f.jpg</fanart>
</item>
<item>
	<title>The Evil Dead</title>
	<meta>
		<content>movie</content>
		<imdb>tt0083907</imdb>
		<title>The Evil Dead</title>
		<year>1981</year>
	</meta>
	<link>
		<sublink>search</sublink>
		<sublink>searchsd</sublink>
	</link>
	<thumbnail>https://image.tmdb.org/t/p/w1280//fA7uqS8ZBzCVPKgB7rFaR0wTFpy.jpg</thumbnail>
	<fanart>https://image.tmdb.org/t/p/w1280//3a1IOTatyhQi5eP9vZvBU5NQDmM.jpg</fanart>
</item>
<item>
	<title>The Birds</title>
	<meta>
		<content>movie</content>
		<imdb>tt0056869</imdb>
		<title>The Birds</title>
		<year>1963</year>
	</meta>
	<link>
		<sublink>search</sublink>
		<sublink>searchsd</sublink>
	</link>
	<thumbnail>https://image.tmdb.org/t/p/w1280//z0iYrJ6GsAMP3abOha7uGMuc5kZ.jpg</thumbnail>
	<fanart>https://image.tmdb.org/t/p/w1280//oHrTL0iTwLJMKbx2T3R5L5DPSyz.jpg</fanart>
</item>
<item>
	<title>Alien</title>
	<meta>
		<content>movie</content>
		<imdb>tt0078748</imdb>
		<title>Alien</title>
		<year>1979</year>
	</meta>
	<link>
		<sublink>search</sublink>
		<sublink>searchsd</sublink>
	</link>
	<thumbnail>https://image.tmdb.org/t/p/w1280//2h00HrZs89SL3tXB4nbkiM7BKHs.jpg</thumbnail>
	<fanart>https://image.tmdb.org/t/p/w1280//mDhq855QfsWyKX6pp01afZlQ2Jt.jpg</fanart>
</item>
<item>
	<title>Jaws</title>
	<meta>
		<content>movie</content>
		<imdb>tt0073195</imdb>
		<title>Jaws</title>
		<year>1975</year>
	</meta>
	<link>
		<sublink>search</sublink>
		<sublink>searchsd</sublink>
	</link>
	<thumbnail>https://image.tmdb.org/t/p/w1280//l1yltvzILaZcx2jYvc5sEMkM7Eh.jpg</thumbnail>
	<fanart>https://image.tmdb.org/t/p/w1280//slkPgAt1IQgxZXNrazEcOzhAK8f.jpg</fanart>
</item>
<item>
	<title>The Silence of the Lambs</title>
	<meta>
		<content>movie</content>
		<imdb>tt0102926</imdb>
		<title>The Silence of the Lambs</title>
		<year>1991</year>
	</meta>
	<link>
		<sublink>search</sublink>
		<sublink>searchsd</sublink>
	</link>
	<thumbnail>https://image.tmdb.org/t/p/w1280//qjAyTj2BSth1EQ89vNfo0JYVPFN.jpg</thumbnail>
	<fanart>https://image.tmdb.org/t/p/w1280//6IPmLUmer6yXrMrJuX9jY057GsH.jpg</fanart>
</item>
<item>
	<title>Nosferatu</title>
	<meta>
		<content>movie</content>
		<imdb>tt0013442</imdb>
		<title>Nosferatu</title>
		<year>1922</year>
	</meta>
	<link>
		<sublink>search</sublink>
		<sublink>searchsd</sublink>
	</link>
	<thumbnail>https://image.tmdb.org/t/p/w1280//12sAvvSRW7VQyXxYRsTJKB7Gtts.jpg</thumbnail>
	<fanart>https://image.tmdb.org/t/p/w1280//awK6eXK5vH47qyuDiXLkF5MEwrn.jpg</fanart>
</item>
<item>
	<title>The Texas Chain Saw Massacre</title>
	<meta>
		<content>movie</content>
		<imdb>tt0072271</imdb>
		<title>The Texas Chain Saw Massacre</title>
		<year>1974</year>
	</meta>
	<link>
		<sublink>search</sublink>
		<sublink>searchsd</sublink>
	</link>
	<thumbnail>https://image.tmdb.org/t/p/w1280//hXF5nuEvUIlMXv4fOCIhA8KWaN2.jpg</thumbnail>
	<fanart>https://image.tmdb.org/t/p/w1280//bAtnyMa4jXc1bVUco6wCZBFh0f2.jpg</fanart>
</item>
<item>
	<title>Night of the Living Dead</title>
	<meta>
		<content>movie</content>
		<imdb>tt0063350</imdb>
		<title>Night of the Living Dead</title>
		<year>1968</year>
	</meta>
	<link>
		<sublink>search</sublink>
		<sublink>searchsd</sublink>
	</link>
	<thumbnail>https://image.tmdb.org/t/p/w1280//faPfcZ181gWmCoMbal7bAXFPFh9.jpg</thumbnail>
	<fanart>https://image.tmdb.org/t/p/w1280//jixekHe0lX093eZHUe5wqKM8SOR.jpg</fanart>
</item>
<item>
	<title>Halloween</title>
	<meta>
		<content>movie</content>
		<imdb>tt0077651</imdb>
		<title>Halloween</title>
		<year>1978</year>
	</meta>
	<link>
		<sublink>search</sublink>
		<sublink>searchsd</sublink>
	</link>
	<thumbnail>https://image.tmdb.org/t/p/w1280//vjoOFOTBJcJvA1weJejlZ92LZD4.jpg</thumbnail>
	<fanart>https://image.tmdb.org/t/p/w1280//6Io0gvfEVpMQsB46yXOKCpSJOoJ.jpg</fanart>
</item>
<item>
	<title>Psycho</title>
	<meta>
		<content>movie</content>
		<imdb>tt0054215</imdb>
		<title>Psycho</title>
		<year>1960</year>
	</meta>
	<link>
		<sublink>search</sublink>
		<sublink>searchsd</sublink>
	</link>
	<thumbnail>https://image.tmdb.org/t/p/w1280//81d8oyEFgj7FlxJqSDXWr8JH8kV.jpg</thumbnail>
	<fanart>https://image.tmdb.org/t/p/w1280//3md49VBCeqY6MSNyAVY6d5eC6bA.jpg</fanart>
</item>
<item>
	<title>The Thing</title>
	<meta>
		<content>movie</content>
		<imdb>tt0084787</imdb>
		<title>The Thing</title>
		<year>1982</year>
	</meta>
	<link>
		<sublink>search</sublink>
		<sublink>searchsd</sublink>
	</link>
	<thumbnail>https://image.tmdb.org/t/p/w1280//s5fH3GqFcHbi2F0NSBSh4KRNTc0.jpg</thumbnail>
	<fanart>https://image.tmdb.org/t/p/w1280//7mdGrxp3ZL2OqNSrQ5LoYySi5MH.jpg</fanart>
</item>
<item>
	<title>The Exorcist</title>
	<meta>
		<content>movie</content>
		<imdb>tt0070047</imdb>
		<title>The Exorcist</title>
		<year>1973</year>
	</meta>
	<link>
		<sublink>search</sublink>
		<sublink>searchsd</sublink>
	</link>
	<thumbnail>https://image.tmdb.org/t/p/w1280//mBLSuXTAJExUFdqYFgZro7Y9ZDG.jpg</thumbnail>
	<fanart>https://image.tmdb.org/t/p/w1280//unBJ0rZsL2kzs11FliadlDyv6ji.jpg</fanart>
</item>
<dir>
	<title>Next Page >></title>
	<trakt>https://api.trakt.tv/users/t4rgetdummy/lists/bloody-disgusting-com-the-100-best-horror-movies-ever-made-ranked/items?page=2</trakt>
	<summary>Go To Page 2</summary>
</dir>
