<item>
	<title>Wild Style (1983)</title>
	<meta>
		<content>movie</content>
		<imdb>tt0084904</imdb>
		<title>Wild Style</title>
		<year>1983</year>
	</meta>
	<link>
		<sublink>search</sublink>
		<sublink>searchsd</sublink>
	</link>
	<thumbnail>https://image.tmdb.org/t/p/w1280/gibqtSSUjJmTUfFNmwcsa02auBr.jpg</thumbnail>
	<fanart>https://image.tmdb.org/t/p/w1280/zmHaWnBxDhsPHb3MyFVxn3LzPvz.jpg</fanart>
</item>
<item>
	<title>8 Mile (2002)</title>
	<meta>
		<content>movie</content>
		<imdb>tt0298203</imdb>
		<title>8 Mile</title>
		<year>2002</year>
	</meta>
	<link>
		<sublink>search</sublink>
		<sublink>searchsd</sublink>
	</link>
	<thumbnail>https://image.tmdb.org/t/p/w1280/dXzTrKwpbLpCqn8O70FUUhNbYQT.jpg</thumbnail>
	<fanart>https://image.tmdb.org/t/p/w1280/v8mJvyNO86mcmY00FlxxRcOoDJy.jpg</fanart>
</item>
<item>
	<title>Beat Street (1984)</title>
	<meta>
		<content>movie</content>
		<imdb>tt0086946</imdb>
		<title>Beat Street</title>
		<year>1984</year>
	</meta>
	<link>
		<sublink>search</sublink>
		<sublink>searchsd</sublink>
	</link>
	<thumbnail>https://image.tmdb.org/t/p/w1280/g3z0GJhLjBwCkPXJ0XARcP6dEBq.jpg</thumbnail>
	<fanart>https://image.tmdb.org/t/p/w1280/iI2eZNZhNyPcZfQr0oJmt0KmBKn.jpg</fanart>
</item>
<item>
	<title>Dave Chappelle's Block Party (2005)</title>
	<meta>
		<content>movie</content>
		<imdb>tt0425598</imdb>
		<title>Dave Chappelle's Block Party</title>
		<year>2005</year>
	</meta>
	<link>
		<sublink>search</sublink>
		<sublink>searchsd</sublink>
	</link>
	<thumbnail>https://image.tmdb.org/t/p/w1280/hemHNgWePU3sYwI9LD7INOJWWBQ.jpg</thumbnail>
	<fanart>https://image.tmdb.org/t/p/w1280/AUoxA4x0HOGtVa6SY4D3zbfbbB.jpg</fanart>
</item>
<item>
	<title>Breakin' (1984)</title>
	<meta>
		<content>movie</content>
		<imdb>tt0086998</imdb>
		<title>Breakin'</title>
		<year>1984</year>
	</meta>
	<link>
		<sublink>search</sublink>
		<sublink>searchsd</sublink>
	</link>
	<thumbnail>https://image.tmdb.org/t/p/w1280/btZeyuVPpD8jtsf5E2rEzLl6C4C.jpg</thumbnail>
	<fanart>https://image.tmdb.org/t/p/w1280/7iTbhw7rbGgAtqUmaZvNGjgEfMT.jpg</fanart>
</item>
<item>
	<title>Something from Nothing: The Art of Rap (2012)</title>
	<meta>
		<content>movie</content>
		<imdb>tt2062996</imdb>
		<title>Something from Nothing: The Art of Rap</title>
		<year>2012</year>
	</meta>
	<link>
		<sublink>search</sublink>
		<sublink>searchsd</sublink>
	</link>
	<thumbnail>https://image.tmdb.org/t/p/w1280/yQDNYOHDiC3pGhTnTu0A6RXq6dc.jpg</thumbnail>
	<fanart>https://image.tmdb.org/t/p/w1280/yYQ50XlmV3C1gizyQj6RFWCRCV0.jpg</fanart>
</item>
<item>
	<title>Beats, Rhymes & Life: The Travels of A Tribe Called Quest (2011)</title>
	<meta>
		<content>movie</content>
		<imdb>tt1613023</imdb>
		<title>Beats, Rhymes & Life: The Travels of A Tribe Called Quest</title>
		<year>2011</year>
	</meta>
	<link>
		<sublink>search</sublink>
		<sublink>searchsd</sublink>
	</link>
	<thumbnail>https://image.tmdb.org/t/p/w1280/kiE1jlShHK4HuBQJyLJ4c8lqMn8.jpg</thumbnail>
	<fanart>https://image.tmdb.org/t/p/w1280/7oOhnUTEdPPQjVBwklgYX7zk00d.jpg</fanart>
</item>
<item>
	<title>Krush Groove (1985)</title>
	<meta>
		<content>movie</content>
		<imdb>tt0089444</imdb>
		<title>Krush Groove</title>
		<year>1985</year>
	</meta>
	<link>
		<sublink>search</sublink>
		<sublink>searchsd</sublink>
	</link>
	<thumbnail>https://image.tmdb.org/t/p/w1280/ZccQA1MQejTGeqotMnlGOAjs1c.jpg</thumbnail>
	<fanart>https://image.tmdb.org/t/p/w1280/oWBDC5gJpKBy6tEOMIoxxwTqjXj.jpg</fanart>
</item>
<item>
	<title>Hustle & Flow (2005)</title>
	<meta>
		<content>movie</content>
		<imdb>tt0410097</imdb>
		<title>Hustle & Flow</title>
		<year>2005</year>
	</meta>
	<link>
		<sublink>search</sublink>
		<sublink>searchsd</sublink>
	</link>
	<thumbnail>https://image.tmdb.org/t/p/w1280/2LCm2B02i7dNDWqoOBDmiZTEuyl.jpg</thumbnail>
	<fanart>https://image.tmdb.org/t/p/w1280/7B05PWjXIW7uiO3x5ZpmuTQJsIO.jpg</fanart>
</item>
<item>
	<title>Get Rich or Die Tryin' (2005)</title>
	<meta>
		<content>movie</content>
		<imdb>tt0430308</imdb>
		<title>Get Rich or Die Tryin'</title>
		<year>2005</year>
	</meta>
	<link>
		<sublink>search</sublink>
		<sublink>searchsd</sublink>
	</link>
	<thumbnail>https://image.tmdb.org/t/p/w1280/wKeSnhQfdwrycHorc9OPQ5KxVxJ.jpg</thumbnail>
	<fanart>https://image.tmdb.org/t/p/w1280/pAHa892SfUcANURmhrx4SCkx3jR.jpg</fanart>
</item>
<item>
	<title>Style Wars (1983 TV Movie)</title>
	<meta>
		<content>movie</content>
		<imdb>tt0177262</imdb>
		<title>Style Wars</title>
		<year>1983 TV Movie</year>
	</meta>
	<link>
		<sublink>search</sublink>
		<sublink>searchsd</sublink>
	</link>
	<thumbnail>https://image.tmdb.org/t/p/w1280/1QdmpMYdYuK7r2BuJDjFBxxARtx.jpg</thumbnail>
	<fanart>https://image.tmdb.org/t/p/w1280/pMme2wULtbj1W4HQmg8puEGeNkA.jpg</fanart>
</item>
<item>
	<title>Black & White (I) (1999)</title>
	<meta>
		<content>movie</content>
		<imdb>tt0165643</imdb>
		<title>Black & White</title>
		<year>I 1999</year>
	</meta>
	<link>
		<sublink>search</sublink>
		<sublink>searchsd</sublink>
	</link>
	<thumbnail>https://image.tmdb.org/t/p/w1280/dDDIpoa4rqOYxrgdvaU7tJZvB1Z.jpg</thumbnail>
	<fanart>https://image.tmdb.org/t/p/w1280/GVl2Co4dX1vZyikRueR5yk2JF1.jpg</fanart>
</item>
<item>
	<title>Boyz n the Hood (1991)</title>
	<meta>
		<content>movie</content>
		<imdb>tt0101507</imdb>
		<title>Boyz n the Hood</title>
		<year>1991</year>
	</meta>
	<link>
		<sublink>search</sublink>
		<sublink>searchsd</sublink>
	</link>
	<thumbnail>https://image.tmdb.org/t/p/w1280/9qQdpidN33pTEaxAP5gaTmCPGFq.jpg</thumbnail>
	<fanart>https://image.tmdb.org/t/p/w1280/numVTm441JOv6d4rQMaNz9o3Gm6.jpg</fanart>
</item>
<item>
	<title>Trespass (1992)</title>
	<meta>
		<content>movie</content>
		<imdb>tt0105636</imdb>
		<title>Trespass</title>
		<year>1992</year>
	</meta>
	<link>
		<sublink>search</sublink>
		<sublink>searchsd</sublink>
	</link>
	<thumbnail>https://image.tmdb.org/t/p/w1280/zTvIflGrVhLM6UKRqSJ4VkydLwv.jpg</thumbnail>
	<fanart>https://image.tmdb.org/t/p/w1280/xo4CGwLD9Rmwk1phRvE94fwO5kx.jpg</fanart>
</item>
<item>
	<title>CB4 (1993)</title>
	<meta>
		<content>movie</content>
		<imdb>tt0106500</imdb>
		<title>CB4</title>
		<year>1993</year>
	</meta>
	<link>
		<sublink>search</sublink>
		<sublink>searchsd</sublink>
	</link>
	<thumbnail>https://image.tmdb.org/t/p/w1280/fdRQvWe6qbOqa5xQJYTAdA0tX28.jpg</thumbnail>
	<fanart>https://image.tmdb.org/t/p/w1280/egsrR27PVJgubMOsHIwplsNK7Sc.jpg</fanart>
</item>
<item>
	<title>Higher Learning (1995)</title>
	<meta>
		<content>movie</content>
		<imdb>tt0113305</imdb>
		<title>Higher Learning</title>
		<year>1995</year>
	</meta>
	<link>
		<sublink>search</sublink>
		<sublink>searchsd</sublink>
	</link>
	<thumbnail>https://image.tmdb.org/t/p/w1280/cLeOjovcDq9kULToHuoXa1xmvET.jpg</thumbnail>
	<fanart>https://image.tmdb.org/t/p/w1280/zYezCWo9f69VVVGC1sUspo8AvSM.jpg</fanart>
</item>
<item>
	<title>Friday (1995)</title>
	<meta>
		<content>movie</content>
		<imdb>tt0113118</imdb>
		<title>Friday</title>
		<year>1995</year>
	</meta>
	<link>
		<sublink>search</sublink>
		<sublink>searchsd</sublink>
	</link>
	<thumbnail>https://image.tmdb.org/t/p/w1280/z76scMklBnEC91CFqHcvqrS5coO.jpg</thumbnail>
	<fanart>https://image.tmdb.org/t/p/w1280/isWyP4jWmcCHjUcanVwGBDwVSsA.jpg</fanart>
</item>
<item>
	<title>Next Friday (2000)</title>
	<meta>
		<content>movie</content>
		<imdb>tt0195945</imdb>
		<title>Next Friday</title>
		<year>2000</year>
	</meta>
	<link>
		<sublink>search</sublink>
		<sublink>searchsd</sublink>
	</link>
	<thumbnail>https://image.tmdb.org/t/p/w1280/zUzn6YBbnEhdIkqtf9w0xG58NMC.jpg</thumbnail>
	<fanart>https://image.tmdb.org/t/p/w1280/gMCKSic0my5n5ovqJU7fjMC0tD.jpg</fanart>
</item>
<item>
	<title>Friday After Next (2002)</title>
	<meta>
		<content>movie</content>
		<imdb>tt0293815</imdb>
		<title>Friday After Next</title>
		<year>2002</year>
	</meta>
	<link>
		<sublink>search</sublink>
		<sublink>searchsd</sublink>
	</link>
	<thumbnail>https://image.tmdb.org/t/p/w1280/pB49Sg3v247oHFPNvQLJDiX4OgA.jpg</thumbnail>
	<fanart>https://image.tmdb.org/t/p/w1280/eI1awbf14cA2ds7gtQHZLdLTxrY.jpg</fanart>
</item>
<item>
	<title>Dangerous Ground (1997)</title>
	<meta>
		<content>movie</content>
		<imdb>tt0118927</imdb>
		<title>Dangerous Ground</title>
		<year>1997</year>
	</meta>
	<link>
		<sublink>search</sublink>
		<sublink>searchsd</sublink>
	</link>
	<thumbnail>https://image.tmdb.org/t/p/w1280/1xhSnWEi6n7oVlN96t59pSBtNNm.jpg</thumbnail>
	<fanart>https://image.tmdb.org/t/p/w1280/3kueNQfYpn1Nio589u8hxuhWWRw.jpg</fanart>
</item>
<item>
	<title>The Players Club (1998)</title>
	<meta>
		<content>movie</content>
		<imdb>tt0119905</imdb>
		<title>The Players Club</title>
		<year>1998</year>
	</meta>
	<link>
		<sublink>search</sublink>
		<sublink>searchsd</sublink>
	</link>
	<thumbnail>https://image.tmdb.org/t/p/w1280/wcLhljCphk92Pw4j7bjy1RagFEN.jpg</thumbnail>
	<fanart>https://image.tmdb.org/t/p/w1280/fnlwpsDCaXi24rG0x0uq5uTBGl1.jpg</fanart>
</item>
<item>
	<title>I Got the Hook Up (1998)</title>
	<meta>
		<content>movie</content>
		<imdb>tt0131436</imdb>
		<title>I Got the Hook Up</title>
		<year>1998</year>
	</meta>
	<link>
		<sublink>search</sublink>
		<sublink>searchsd</sublink>
	</link>
	<thumbnail>https://image.tmdb.org/t/p/w1280/dwZC33Vufl5HQStkecbxGVLrv1s.jpg</thumbnail>
	<fanart>https://image.tmdb.org/t/p/w1280/hNanMDuZS6FkomWo95NME0X9nYN.jpg</fanart>
</item>
<item>
	<title>Thicker Than Water (1999)</title>
	<meta>
		<content>movie</content>
		<imdb>tt0220095</imdb>
		<title>Thicker Than Water</title>
		<year>1999</year>
	</meta>
	<link>
		<sublink>search</sublink>
		<sublink>searchsd</sublink>
	</link>
	<thumbnail>https://image.tmdb.org/t/p/w1280/8NNGZUxZ2WQfjPcpeZv8dMI5aRJ.jpg</thumbnail>
	<fanart>https://image.tmdb.org/t/p/w1280none</fanart>
</item>
<item>
	<title>All About the Benjamins (2002)</title>
	<meta>
		<content>movie</content>
		<imdb>tt0278295</imdb>
		<title>All About the Benjamins</title>
		<year>2002</year>
	</meta>
	<link>
		<sublink>search</sublink>
		<sublink>searchsd</sublink>
	</link>
	<thumbnail>https://image.tmdb.org/t/p/w1280/MnD3ueM3Kh6mxTT9oqw9fhxSzd.jpg</thumbnail>
	<fanart>https://image.tmdb.org/t/p/w1280/7ck9A59iqZhO7GfdEYaJjpzXscG.jpg</fanart>
</item>
<item>
	<title>Barbershop (2002)</title>
	<meta>
		<content>movie</content>
		<imdb>tt0303714</imdb>
		<title>Barbershop</title>
		<year>2002</year>
	</meta>
	<link>
		<sublink>search</sublink>
		<sublink>searchsd</sublink>
	</link>
	<thumbnail>https://image.tmdb.org/t/p/w1280/7WB5ULvA6TLfypq8JlW1xUHCVgj.jpg</thumbnail>
	<fanart>https://image.tmdb.org/t/p/w1280/xIA97c95X8i6MlO81AfspMo21UN.jpg</fanart>
</item>
<item>
	<title>Barbershop 2: Back in Business (2004)</title>
	<meta>
		<content>movie</content>
		<imdb>tt0337579</imdb>
		<title>Barbershop 2: Back in Business</title>
		<year>2004</year>
	</meta>
	<link>
		<sublink>search</sublink>
		<sublink>searchsd</sublink>
	</link>
	<thumbnail>https://image.tmdb.org/t/p/w1280/6vBCVaaG2h2ggMuTz3VyXISL6l5.jpg</thumbnail>
	<fanart>https://image.tmdb.org/t/p/w1280/sP4B39BMYA69lWdAvGRxiclBxMi.jpg</fanart>
</item>
<item>
	<title>Are We There Yet? (2005)</title>
	<meta>
		<content>movie</content>
		<imdb>tt0368578</imdb>
		<title>Are We There Yet?</title>
		<year>2005</year>
	</meta>
	<link>
		<sublink>search</sublink>
		<sublink>searchsd</sublink>
	</link>
	<thumbnail>https://image.tmdb.org/t/p/w1280/e081B8b8ZCAfeyof5Zm6dNwJOmp.jpg</thumbnail>
	<fanart>https://image.tmdb.org/t/p/w1280/yF74RJ1r87tqXbcPpeYs9AEXYbm.jpg</fanart>
</item>
<item>
	<title>Are We Done Yet? (2007)</title>
	<meta>
		<content>movie</content>
		<imdb>tt0422774</imdb>
		<title>Are We Done Yet?</title>
		<year>2007</year>
	</meta>
	<link>
		<sublink>search</sublink>
		<sublink>searchsd</sublink>
	</link>
	<thumbnail>https://image.tmdb.org/t/p/w1280/nTsCn9D1s1fJEC139JfnMobZB0k.jpg</thumbnail>
	<fanart>https://image.tmdb.org/t/p/w1280/39bOgyg4gMp56vrbQ5rQqcTPa7A.jpg</fanart>
</item>
<item>
	<title>First Sunday (2008)</title>
	<meta>
		<content>movie</content>
		<imdb>tt0486578</imdb>
		<title>First Sunday</title>
		<year>2008</year>
	</meta>
	<link>
		<sublink>search</sublink>
		<sublink>searchsd</sublink>
	</link>
	<thumbnail>https://image.tmdb.org/t/p/w1280/4crEqEk5pYHvlNG7UUBBudi4z0R.jpg</thumbnail>
	<fanart>https://image.tmdb.org/t/p/w1280/agnWagE5alhV2d8SxdBi21YPc8t.jpg</fanart>
</item>
<item>
	<title>The Longshots (2008)</title>
	<meta>
		<content>movie</content>
		<imdb>tt1091751</imdb>
		<title>The Longshots</title>
		<year>2008</year>
	</meta>
	<link>
		<sublink>search</sublink>
		<sublink>searchsd</sublink>
	</link>
	<thumbnail>https://image.tmdb.org/t/p/w1280/7m2uq8Is8nOfq4GKAUOPqddiSGd.jpg</thumbnail>
	<fanart>https://image.tmdb.org/t/p/w1280/kXQOWS6RV1b7JsuBqn64RozqgYQ.jpg</fanart>
</item>
<item>
	<title>The Janky Promoters (2009)</title>
	<meta>
		<content>movie</content>
		<imdb>tt1210071</imdb>
		<title>The Janky Promoters</title>
		<year>2009</year>
	</meta>
	<link>
		<sublink>search</sublink>
		<sublink>searchsd</sublink>
	</link>
	<thumbnail>https://image.tmdb.org/t/p/w1280/2BXUlTZXzvpzCQ5jFvPMS3hpGr2.jpg</thumbnail>
	<fanart>https://image.tmdb.org/t/p/w1280/9UjtlZUmIOUZ7LtGu6uGyaMPlCl.jpg</fanart>
</item>
<item>
	<title>Lottery Ticket (I) (2010)</title>
	<meta>
		<content>movie</content>
		<imdb>tt0979434</imdb>
		<title>Lottery Ticket</title>
		<year>I 2010</year>
	</meta>
	<link>
		<sublink>search</sublink>
		<sublink>searchsd</sublink>
	</link>
	<thumbnail>https://image.tmdb.org/t/p/w1280/uJlta7GItfgWpjDBd5JFXVXeImq.jpg</thumbnail>
	<fanart>https://image.tmdb.org/t/p/w1280/bnrovkKFtI3INDcKELBT0z9fohz.jpg</fanart>
</item>
<item>
	<title>Belly (1998)</title>
	<meta>
		<content>movie</content>
		<imdb>tt0158493</imdb>
		<title>Belly</title>
		<year>1998</year>
	</meta>
	<link>
		<sublink>search</sublink>
		<sublink>searchsd</sublink>
	</link>
	<thumbnail>https://image.tmdb.org/t/p/w1280/od6CFLhqaSmOMeFuqVPC6ZEU4Fi.jpg</thumbnail>
	<fanart>https://image.tmdb.org/t/p/w1280/A56gbpeOsgWkM6VINQsh1E3n6we.jpg</fanart>
</item>
<item>
	<title>Backstage (2000)</title>
	<meta>
		<content>movie</content>
		<imdb>tt0259207</imdb>
		<title>Backstage</title>
		<year>2000</year>
	</meta>
	<link>
		<sublink>search</sublink>
		<sublink>searchsd</sublink>
	</link>
	<thumbnail>https://image.tmdb.org/t/p/w1280/3qzwUU2qoZE6hAEf96wIA8Te65H.jpg</thumbnail>
	<fanart>https://image.tmdb.org/t/p/w1280/40jLIQRsHorS7IaVBrCejKmq4Am.jpg</fanart>
</item>
<item>
	<title>Exit Wounds (2001)</title>
	<meta>
		<content>movie</content>
		<imdb>tt0242445</imdb>
		<title>Exit Wounds</title>
		<year>2001</year>
	</meta>
	<link>
		<sublink>search</sublink>
		<sublink>searchsd</sublink>
	</link>
	<thumbnail>https://image.tmdb.org/t/p/w1280/ioPpykV342e0zIuqbJxdOwcMZMS.jpg</thumbnail>
	<fanart>https://image.tmdb.org/t/p/w1280/s1ZQV9vuFiXG94UmT5KtJUtDCvW.jpg</fanart>
</item>
<item>
	<title>Cradle 2 the Grave (2003)</title>
	<meta>
		<content>movie</content>
		<imdb>tt0306685</imdb>
		<title>Cradle 2 the Grave</title>
		<year>2003</year>
	</meta>
	<link>
		<sublink>search</sublink>
		<sublink>searchsd</sublink>
	</link>
	<thumbnail>https://image.tmdb.org/t/p/w1280/v8iPcn54TNsSPabD9ZYQVQUWbXk.jpg</thumbnail>
	<fanart>https://image.tmdb.org/t/p/w1280/1SWYvFhQvAEI3CkbxQOg3VTqjlp.jpg</fanart>
</item>
<item>
	<title>Never Die Alone (2004)</title>
	<meta>
		<content>movie</content>
		<imdb>tt0354766</imdb>
		<title>Never Die Alone</title>
		<year>2004</year>
	</meta>
	<link>
		<sublink>search</sublink>
		<sublink>searchsd</sublink>
	</link>
	<thumbnail>https://image.tmdb.org/t/p/w1280/uQy6wONTZA5hxHk7ktipRFYm8KO.jpg</thumbnail>
	<fanart>https://image.tmdb.org/t/p/w1280/dwL6x4yBLuJmFN9PCFJQMRrnoSc.jpg</fanart>
</item>
<item>
	<title>Death Toll (2008)</title>
	<meta>
		<content>movie</content>
		<imdb>tt0822802</imdb>
		<title>Death Toll</title>
		<year>2008</year>
	</meta>
	<link>
		<sublink>search</sublink>
		<sublink>searchsd</sublink>
	</link>
	<thumbnail>https://image.tmdb.org/t/p/w1280/vuEFiPuh7t93FTyjwBgDFw6BTbS.jpg</thumbnail>
	<fanart>https://image.tmdb.org/t/p/w1280/hgyJTSjfbb9JvuaZ9bRw6ZUjQWX.jpg</fanart>
</item>
<item>
	<title>Juice (1992)</title>
	<meta>
		<content>movie</content>
		<imdb>tt0104573</imdb>
		<title>Juice</title>
		<year>1992</year>
	</meta>
	<link>
		<sublink>search</sublink>
		<sublink>searchsd</sublink>
	</link>
	<thumbnail>https://image.tmdb.org/t/p/w1280/qBPi6CwrdVwdhYFURRkEmAcsRtv.jpg</thumbnail>
	<fanart>https://image.tmdb.org/t/p/w1280/jr8PI0Y6rHu4yR2d8BMj5YwTOMO.jpg</fanart>
</item>
<item>
	<title>Poetic Justice (1993)</title>
	<meta>
		<content>movie</content>
		<imdb>tt0107840</imdb>
		<title>Poetic Justice</title>
		<year>1993</year>
	</meta>
	<link>
		<sublink>search</sublink>
		<sublink>searchsd</sublink>
	</link>
	<thumbnail>https://image.tmdb.org/t/p/w1280/vfXuJbZucP2hgkuthwMyz1IEM8s.jpg</thumbnail>
	<fanart>https://image.tmdb.org/t/p/w1280/lNvlerKoYwboltmK7hQfgxsYtNP.jpg</fanart>
</item>
<item>
	<title>Above the Rim (1994)</title>
	<meta>
		<content>movie</content>
		<imdb>tt0109035</imdb>
		<title>Above the Rim</title>
		<year>1994</year>
	</meta>
	<link>
		<sublink>search</sublink>
		<sublink>searchsd</sublink>
	</link>
	<thumbnail>https://image.tmdb.org/t/p/w1280none</thumbnail>
	<fanart>https://image.tmdb.org/t/p/w1280none</fanart>
</item>
<item>
	<title>Gridlock'd (1997)</title>
	<meta>
		<content>movie</content>
		<imdb>tt0119225</imdb>
		<title>Gridlock'd</title>
		<year>1997</year>
	</meta>
	<link>
		<sublink>search</sublink>
		<sublink>searchsd</sublink>
	</link>
	<thumbnail>https://image.tmdb.org/t/p/w1280none</thumbnail>
	<fanart>https://image.tmdb.org/t/p/w1280none</fanart>
</item>
<item>
	<title>Gang Related (1997)</title>
	<meta>
		<content>movie</content>
		<imdb>tt0118900</imdb>
		<title>Gang Related</title>
		<year>1997</year>
	</meta>
	<link>
		<sublink>search</sublink>
		<sublink>searchsd</sublink>
	</link>
	<thumbnail>https://image.tmdb.org/t/p/w1280none</thumbnail>
	<fanart>https://image.tmdb.org/t/p/w1280none</fanart>
</item>
<item>
	<title>Notorious (2009)</title>
	<meta>
		<content>movie</content>
		<imdb>tt0472198</imdb>
		<title>Notorious</title>
		<year>2009</year>
	</meta>
	<link>
		<sublink>search</sublink>
		<sublink>searchsd</sublink>
	</link>
	<thumbnail>https://image.tmdb.org/t/p/w1280none</thumbnail>
	<fanart>https://image.tmdb.org/t/p/w1280none</fanart>
</item>
<item>
	<title>One Eight Seven (1997)</title>
	<meta>
		<content>movie</content>
		<imdb>tt0118531</imdb>
		<title>One Eight Seven</title>
		<year>1997</year>
	</meta>
	<link>
		<sublink>search</sublink>
		<sublink>searchsd</sublink>
	</link>
	<thumbnail>https://image.tmdb.org/t/p/w1280none</thumbnail>
	<fanart>https://image.tmdb.org/t/p/w1280none</fanart>
</item>
<item>
	<title>Strictly Business (1991)</title>
	<meta>
		<content>movie</content>
		<imdb>tt0102996</imdb>
		<title>Strictly Business</title>
		<year>1991</year>
	</meta>
	<link>
		<sublink>search</sublink>
		<sublink>searchsd</sublink>
	</link>
	<thumbnail>https://image.tmdb.org/t/p/w1280none</thumbnail>
	<fanart>https://image.tmdb.org/t/p/w1280none</fanart>
</item>
<item>
	<title>Jungle Fever (1991)</title>
	<meta>
		<content>movie</content>
		<imdb>tt0102175</imdb>
		<title>Jungle Fever</title>
		<year>1991</year>
	</meta>
	<link>
		<sublink>search</sublink>
		<sublink>searchsd</sublink>
	</link>
	<thumbnail>https://image.tmdb.org/t/p/w1280none</thumbnail>
	<fanart>https://image.tmdb.org/t/p/w1280none</fanart>
</item>
<item>
	<title>Joe's Bed-Stuy Barbershop: We Cut Heads (1983)</title>
	<meta>
		<content>movie</content>
		<imdb>tt0085758</imdb>
		<title>Joe's Bed-Stuy Barbershop: We Cut Heads</title>
		<year>1983</year>
	</meta>
	<link>
		<sublink>search</sublink>
		<sublink>searchsd</sublink>
	</link>
	<thumbnail>https://image.tmdb.org/t/p/w1280none</thumbnail>
	<fanart>https://image.tmdb.org/t/p/w1280none</fanart>
</item>
<item>
	<title>She's Gotta Have It (1986)</title>
	<meta>
		<content>movie</content>
		<imdb>tt0091939</imdb>
		<title>She's Gotta Have It</title>
		<year>1986</year>
	</meta>
	<link>
		<sublink>search</sublink>
		<sublink>searchsd</sublink>
	</link>
	<thumbnail>https://image.tmdb.org/t/p/w1280none</thumbnail>
	<fanart>https://image.tmdb.org/t/p/w1280none</fanart>
</item>
<item>
	<title>School Daze (1988)</title>
	<meta>
		<content>movie</content>
		<imdb>tt0096054</imdb>
		<title>School Daze</title>
		<year>1988</year>
	</meta>
	<link>
		<sublink>search</sublink>
		<sublink>searchsd</sublink>
	</link>
	<thumbnail>https://image.tmdb.org/t/p/w1280none</thumbnail>
	<fanart>https://image.tmdb.org/t/p/w1280none</fanart>
</item>
<item>
	<title>Do the Right Thing (1989)</title>
	<meta>
		<content>movie</content>
		<imdb>tt0097216</imdb>
		<title>Do the Right Thing</title>
		<year>1989</year>
	</meta>
	<link>
		<sublink>search</sublink>
		<sublink>searchsd</sublink>
	</link>
	<thumbnail>https://image.tmdb.org/t/p/w1280none</thumbnail>
	<fanart>https://image.tmdb.org/t/p/w1280none</fanart>
</item>
<item>
	<title>Mo' Better Blues (1990)</title>
	<meta>
		<content>movie</content>
		<imdb>tt0100168</imdb>
		<title>Mo' Better Blues</title>
		<year>1990</year>
	</meta>
	<link>
		<sublink>search</sublink>
		<sublink>searchsd</sublink>
	</link>
	<thumbnail>https://image.tmdb.org/t/p/w1280none</thumbnail>
	<fanart>https://image.tmdb.org/t/p/w1280none</fanart>
</item>
<item>
	<title>Malcolm X (1992)</title>
	<meta>
		<content>movie</content>
		<imdb>tt0104797</imdb>
		<title>Malcolm X</title>
		<year>1992</year>
	</meta>
	<link>
		<sublink>search</sublink>
		<sublink>searchsd</sublink>
	</link>
	<thumbnail>https://image.tmdb.org/t/p/w1280none</thumbnail>
	<fanart>https://image.tmdb.org/t/p/w1280none</fanart>
</item>
<item>
	<title>Crooklyn (1994)</title>
	<meta>
		<content>movie</content>
		<imdb>tt0109504</imdb>
		<title>Crooklyn</title>
		<year>1994</year>
	</meta>
	<link>
		<sublink>search</sublink>
		<sublink>searchsd</sublink>
	</link>
	<thumbnail>https://image.tmdb.org/t/p/w1280none</thumbnail>
	<fanart>https://image.tmdb.org/t/p/w1280none</fanart>
</item>
<item>
	<title>Clockers (1995)</title>
	<meta>
		<content>movie</content>
		<imdb>tt0112688</imdb>
		<title>Clockers</title>
		<year>1995</year>
	</meta>
	<link>
		<sublink>search</sublink>
		<sublink>searchsd</sublink>
	</link>
	<thumbnail>https://image.tmdb.org/t/p/w1280none</thumbnail>
	<fanart>https://image.tmdb.org/t/p/w1280none</fanart>
</item>
<item>
	<title>New Jersey Drive (1995)</title>
	<meta>
		<content>movie</content>
		<imdb>tt0113967</imdb>
		<title>New Jersey Drive</title>
		<year>1995</year>
	</meta>
	<link>
		<sublink>search</sublink>
		<sublink>searchsd</sublink>
	</link>
	<thumbnail>https://image.tmdb.org/t/p/w1280none</thumbnail>
	<fanart>https://image.tmdb.org/t/p/w1280none</fanart>
</item>
<item>
	<title>Tales from the Hood (1995)</title>
	<meta>
		<content>movie</content>
		<imdb>tt0114609</imdb>
		<title>Tales from the Hood</title>
		<year>1995</year>
	</meta>
	<link>
		<sublink>search</sublink>
		<sublink>searchsd</sublink>
	</link>
	<thumbnail>https://image.tmdb.org/t/p/w1280none</thumbnail>
	<fanart>https://image.tmdb.org/t/p/w1280none</fanart>
</item>
<item>
	<title>Get on the Bus (1996)</title>
	<meta>
		<content>movie</content>
		<imdb>tt0116404</imdb>
		<title>Get on the Bus</title>
		<year>1996</year>
	</meta>
	<link>
		<sublink>search</sublink>
		<sublink>searchsd</sublink>
	</link>
	<thumbnail>https://image.tmdb.org/t/p/w1280none</thumbnail>
	<fanart>https://image.tmdb.org/t/p/w1280none</fanart>
</item>
<item>
	<title>4 Little Girls (1997)</title>
	<meta>
		<content>movie</content>
		<imdb>tt0118540</imdb>
		<title>4 Little Girls</title>
		<year>1997</year>
	</meta>
	<link>
		<sublink>search</sublink>
		<sublink>searchsd</sublink>
	</link>
	<thumbnail>https://image.tmdb.org/t/p/w1280none</thumbnail>
	<fanart>https://image.tmdb.org/t/p/w1280none</fanart>
</item>
<item>
	<title>He Got Game (1998)</title>
	<meta>
		<content>movie</content>
		<imdb>tt0124718</imdb>
		<title>He Got Game</title>
		<year>1998</year>
	</meta>
	<link>
		<sublink>search</sublink>
		<sublink>searchsd</sublink>
	</link>
	<thumbnail>https://image.tmdb.org/t/p/w1280none</thumbnail>
	<fanart>https://image.tmdb.org/t/p/w1280none</fanart>
</item>
<item>
	<title>The Best Man (1999)</title>
	<meta>
		<content>movie</content>
		<imdb>tt0168501</imdb>
		<title>The Best Man</title>
		<year>1999</year>
	</meta>
	<link>
		<sublink>search</sublink>
		<sublink>searchsd</sublink>
	</link>
	<thumbnail>https://image.tmdb.org/t/p/w1280none</thumbnail>
	<fanart>https://image.tmdb.org/t/p/w1280none</fanart>
</item>
<item>
	<title>The Original Kings of Comedy (2000)</title>
	<meta>
		<content>movie</content>
		<imdb>tt0236388</imdb>
		<title>The Original Kings of Comedy</title>
		<year>2000</year>
	</meta>
	<link>
		<sublink>search</sublink>
		<sublink>searchsd</sublink>
	</link>
	<thumbnail>https://image.tmdb.org/t/p/w1280none</thumbnail>
	<fanart>https://image.tmdb.org/t/p/w1280none</fanart>
</item>
<item>
	<title>Love & Basketball (2000)</title>
	<meta>
		<content>movie</content>
		<imdb>tt0199725</imdb>
		<title>Love & Basketball</title>
		<year>2000</year>
	</meta>
	<link>
		<sublink>search</sublink>
		<sublink>searchsd</sublink>
	</link>
	<thumbnail>https://image.tmdb.org/t/p/w1280none</thumbnail>
	<fanart>https://image.tmdb.org/t/p/w1280none</fanart>
</item>
<item>
	<title>She Hate Me (2004)</title>
	<meta>
		<content>movie</content>
		<imdb>tt0384533</imdb>
		<title>She Hate Me</title>
		<year>2004</year>
	</meta>
	<link>
		<sublink>search</sublink>
		<sublink>searchsd</sublink>
	</link>
	<thumbnail>https://image.tmdb.org/t/p/w1280none</thumbnail>
	<fanart>https://image.tmdb.org/t/p/w1280none</fanart>
</item>
<item>
	<title>Sucker Free City (2004 TV Movie)</title>
	<meta>
		<content>movie</content>
		<imdb>tt0373280</imdb>
		<title>Sucker Free City</title>
		<year>2004 TV Movie</year>
	</meta>
	<link>
		<sublink>search</sublink>
		<sublink>searchsd</sublink>
	</link>
	<thumbnail>https://image.tmdb.org/t/p/w1280none</thumbnail>
	<fanart>https://image.tmdb.org/t/p/w1280none</fanart>
</item>
<item>
	<title>Miracle's Boys (2005\xe2\x80\x93 )</title>
	<meta>
		<content>movie</content>
		<imdb>tt0414751</imdb>
		<title>Miracle's Boys</title>
		<year>2005\xe2\x80\x93 </year>
	</meta>
	<link>
		<sublink>search</sublink>
		<sublink>searchsd</sublink>
	</link>
	<thumbnail>https://image.tmdb.org/t/p/w1280none</thumbnail>
	<fanart>https://image.tmdb.org/t/p/w1280none</fanart>
</item>
<item>
	<title>All the Invisible Children (2005)</title>
	<meta>
		<content>movie</content>
		<imdb>tt0411098</imdb>
		<title>All the Invisible Children</title>
		<year>2005</year>
	</meta>
	<link>
		<sublink>search</sublink>
		<sublink>searchsd</sublink>
	</link>
	<thumbnail>https://image.tmdb.org/t/p/w1280none</thumbnail>
	<fanart>https://image.tmdb.org/t/p/w1280none</fanart>
</item>
<item>
	<title>When We Were Kings (1996)</title>
	<meta>
		<content>movie</content>
		<imdb>tt0118147</imdb>
		<title>When We Were Kings</title>
		<year>1996</year>
	</meta>
	<link>
		<sublink>search</sublink>
		<sublink>searchsd</sublink>
	</link>
	<thumbnail>https://image.tmdb.org/t/p/w1280none</thumbnail>
	<fanart>https://image.tmdb.org/t/p/w1280none</fanart>
</item>
<item>
	<title>The Best Man Holiday (2013)</title>
	<meta>
		<content>movie</content>
		<imdb>tt2083355</imdb>
		<title>The Best Man Holiday</title>
		<year>2013</year>
	</meta>
	<link>
		<sublink>search</sublink>
		<sublink>searchsd</sublink>
	</link>
	<thumbnail>https://image.tmdb.org/t/p/w1280none</thumbnail>
	<fanart>https://image.tmdb.org/t/p/w1280none</fanart>
</item>
<item>
	<title>Shaft (2000)</title>
	<meta>
		<content>movie</content>
		<imdb>tt0162650</imdb>
		<title>Shaft</title>
		<year>2000</year>
	</meta>
	<link>
		<sublink>search</sublink>
		<sublink>searchsd</sublink>
	</link>
	<thumbnail>https://image.tmdb.org/t/p/w1280none</thumbnail>
	<fanart>https://image.tmdb.org/t/p/w1280none</fanart>
</item>
<item>
	<title>Baby Boy (2001)</title>
	<meta>
		<content>movie</content>
		<imdb>tt0255819</imdb>
		<title>Baby Boy</title>
		<year>2001</year>
	</meta>
	<link>
		<sublink>search</sublink>
		<sublink>searchsd</sublink>
	</link>
	<thumbnail>https://image.tmdb.org/t/p/w1280none</thumbnail>
	<fanart>https://image.tmdb.org/t/p/w1280none</fanart>
</item>
<item>
	<title>2 Fast 2 Furious (2003)</title>
	<meta>
		<content>movie</content>
		<imdb>tt0322259</imdb>
		<title>2 Fast 2 Furious</title>
		<year>2003</year>
	</meta>
	<link>
		<sublink>search</sublink>
		<sublink>searchsd</sublink>
	</link>
	<thumbnail>https://image.tmdb.org/t/p/w1280none</thumbnail>
	<fanart>https://image.tmdb.org/t/p/w1280none</fanart>
</item>
<item>
	<title>Four Brothers (2005)</title>
	<meta>
		<content>movie</content>
		<imdb>tt0430105</imdb>
		<title>Four Brothers</title>
		<year>2005</year>
	</meta>
	<link>
		<sublink>search</sublink>
		<sublink>searchsd</sublink>
	</link>
	<thumbnail>https://image.tmdb.org/t/p/w1280none</thumbnail>
	<fanart>https://image.tmdb.org/t/p/w1280none</fanart>
</item>
<item>
	<title>Django Unchained (2012)</title>
	<meta>
		<content>movie</content>
		<imdb>tt1853728</imdb>
		<title>Django Unchained</title>
		<year>2012</year>
	</meta>
	<link>
		<sublink>search</sublink>
		<sublink>searchsd</sublink>
	</link>
	<thumbnail>https://image.tmdb.org/t/p/w1280none</thumbnail>
	<fanart>https://image.tmdb.org/t/p/w1280none</fanart>
</item>
<item>
	<title>The Great White Hype (1996)</title>
	<meta>
		<content>movie</content>
		<imdb>tt0116448</imdb>
		<title>The Great White Hype</title>
		<year>1996</year>
	</meta>
	<link>
		<sublink>search</sublink>
		<sublink>searchsd</sublink>
	</link>
	<thumbnail>https://image.tmdb.org/t/p/w1280none</thumbnail>
	<fanart>https://image.tmdb.org/t/p/w1280none</fanart>
</item>
<item>
	<title>Booty Call (1997)</title>
	<meta>
		<content>movie</content>
		<imdb>tt0118750</imdb>
		<title>Booty Call</title>
		<year>1997</year>
	</meta>
	<link>
		<sublink>search</sublink>
		<sublink>searchsd</sublink>
	</link>
	<thumbnail>https://image.tmdb.org/t/p/w1280none</thumbnail>
	<fanart>https://image.tmdb.org/t/p/w1280none</fanart>
</item>
<item>
	<title>Held Up (1999)</title>
	<meta>
		<content>movie</content>
		<imdb>tt0165831</imdb>
		<title>Held Up</title>
		<year>1999</year>
	</meta>
	<link>
		<sublink>search</sublink>
		<sublink>searchsd</sublink>
	</link>
	<thumbnail>https://image.tmdb.org/t/p/w1280none</thumbnail>
	<fanart>https://image.tmdb.org/t/p/w1280none</fanart>
</item>
<item>
	<title>Any Given Sunday (1999)</title>
	<meta>
		<content>movie</content>
		<imdb>tt0146838</imdb>
		<title>Any Given Sunday</title>
		<year>1999</year>
	</meta>
	<link>
		<sublink>search</sublink>
		<sublink>searchsd</sublink>
	</link>
	<thumbnail>https://image.tmdb.org/t/p/w1280none</thumbnail>
	<fanart>https://image.tmdb.org/t/p/w1280none</fanart>
</item>
<item>
	<title>Ali (2001)</title>
	<meta>
		<content>movie</content>
		<imdb>tt0248667</imdb>
		<title>Ali</title>
		<year>2001</year>
	</meta>
	<link>
		<sublink>search</sublink>
		<sublink>searchsd</sublink>
	</link>
	<thumbnail>https://image.tmdb.org/t/p/w1280none</thumbnail>
	<fanart>https://image.tmdb.org/t/p/w1280none</fanart>
</item>
<item>
	<title>Ray (I) (2004)</title>
	<meta>
		<content>movie</content>
		<imdb>tt0350258</imdb>
		<title>Ray</title>
		<year>I 2004</year>
	</meta>
	<link>
		<sublink>search</sublink>
		<sublink>searchsd</sublink>
	</link>
	<thumbnail>https://image.tmdb.org/t/p/w1280none</thumbnail>
	<fanart>https://image.tmdb.org/t/p/w1280none</fanart>
</item>
<item>
	<title>Redemption: The Stan Tookie Williams Story (2004 TV Movie)</title>
	<meta>
		<content>movie</content>
		<imdb>tt0388367</imdb>
		<title>Redemption: The Stan Tookie Williams Story</title>
		<year>2004 TV Movie</year>
	</meta>
	<link>
		<sublink>search</sublink>
		<sublink>searchsd</sublink>
	</link>
	<thumbnail>https://image.tmdb.org/t/p/w1280none</thumbnail>
	<fanart>https://image.tmdb.org/t/p/w1280none</fanart>
</item>
<item>
	<title>Before I Self Destruct (2009 Video)</title>
	<meta>
		<content>movie</content>
		<imdb>tt1310569</imdb>
		<title>Before I Self Destruct</title>
		<year>2009 Video</year>
	</meta>
	<link>
		<sublink>search</sublink>
		<sublink>searchsd</sublink>
	</link>
	<thumbnail>https://image.tmdb.org/t/p/w1280none</thumbnail>
	<fanart>https://image.tmdb.org/t/p/w1280none</fanart>
</item>
<item>
	<title>Gun (2010)</title>
	<meta>
		<content>movie</content>
		<imdb>tt1560954</imdb>
		<title>Gun</title>
		<year>2010</year>
	</meta>
	<link>
		<sublink>search</sublink>
		<sublink>searchsd</sublink>
	</link>
	<thumbnail>https://image.tmdb.org/t/p/w1280none</thumbnail>
	<fanart>https://image.tmdb.org/t/p/w1280none</fanart>
</item>
<item>
	<title>Eddie Murphy: Raw (1987)</title>
	<meta>
		<content>movie</content>
		<imdb>tt0092948</imdb>
		<title>Eddie Murphy: Raw</title>
		<year>1987</year>
	</meta>
	<link>
		<sublink>search</sublink>
		<sublink>searchsd</sublink>
	</link>
	<thumbnail>https://image.tmdb.org/t/p/w1280none</thumbnail>
	<fanart>https://image.tmdb.org/t/p/w1280none</fanart>
</item>
<item>
	<title>The Return of Superfly (1990)</title>
	<meta>
		<content>movie</content>
		<imdb>tt0100480</imdb>
		<title>The Return of Superfly</title>
		<year>1990</year>
	</meta>
	<link>
		<sublink>search</sublink>
		<sublink>searchsd</sublink>
	</link>
	<thumbnail>https://image.tmdb.org/t/p/w1280none</thumbnail>
	<fanart>https://image.tmdb.org/t/p/w1280none</fanart>
</item>
<item>
	<title>American Gangster (2007)</title>
	<meta>
		<content>movie</content>
		<imdb>tt0765429</imdb>
		<title>American Gangster</title>
		<year>2007</year>
	</meta>
	<link>
		<sublink>search</sublink>
		<sublink>searchsd</sublink>
	</link>
	<thumbnail>https://image.tmdb.org/t/p/w1280none</thumbnail>
	<fanart>https://image.tmdb.org/t/p/w1280none</fanart>
</item>
<item>
	<title>Menace II Society (1993)</title>
	<meta>
		<content>movie</content>
		<imdb>tt0107554</imdb>
		<title>Menace II Society</title>
		<year>1993</year>
	</meta>
	<link>
		<sublink>search</sublink>
		<sublink>searchsd</sublink>
	</link>
	<thumbnail>https://image.tmdb.org/t/p/w1280none</thumbnail>
	<fanart>https://image.tmdb.org/t/p/w1280none</fanart>
</item>
<item>
	<title>Dead Presidents (1995)</title>
	<meta>
		<content>movie</content>
		<imdb>tt0112819</imdb>
		<title>Dead Presidents</title>
		<year>1995</year>
	</meta>
	<link>
		<sublink>search</sublink>
		<sublink>searchsd</sublink>
	</link>
	<thumbnail>https://image.tmdb.org/t/p/w1280none</thumbnail>
	<fanart>https://image.tmdb.org/t/p/w1280none</fanart>
</item>
<item>
	<title>American Pimp (1999)</title>
	<meta>
		<content>movie</content>
		<imdb>tt0179074</imdb>
		<title>American Pimp</title>
		<year>1999</year>
	</meta>
	<link>
		<sublink>search</sublink>
		<sublink>searchsd</sublink>
	</link>
	<thumbnail>https://image.tmdb.org/t/p/w1280none</thumbnail>
	<fanart>https://image.tmdb.org/t/p/w1280none</fanart>
</item>
<item>
	<title>Knights of the South Bronx (2005 TV Movie)</title>
	<meta>
		<content>movie</content>
		<imdb>tt0471768</imdb>
		<title>Knights of the South Bronx</title>
		<year>2005 TV Movie</year>
	</meta>
	<link>
		<sublink>search</sublink>
		<sublink>searchsd</sublink>
	</link>
	<thumbnail>https://image.tmdb.org/t/p/w1280none</thumbnail>
	<fanart>https://image.tmdb.org/t/p/w1280none</fanart>
</item>
<item>
	<title>Fresh (1994)</title>
	<meta>
		<content>movie</content>
		<imdb>tt0109842</imdb>
		<title>Fresh</title>
		<year>1994</year>
	</meta>
	<link>
		<sublink>search</sublink>
		<sublink>searchsd</sublink>
	</link>
	<thumbnail>https://image.tmdb.org/t/p/w1280none</thumbnail>
	<fanart>https://image.tmdb.org/t/p/w1280none</fanart>
</item>
<item>
	<title>Coach Carter (2005)</title>
	<meta>
		<content>movie</content>
		<imdb>tt0393162</imdb>
		<title>Coach Carter</title>
		<year>2005</year>
	</meta>
	<link>
		<sublink>search</sublink>
		<sublink>searchsd</sublink>
	</link>
	<thumbnail>https://image.tmdb.org/t/p/w1280none</thumbnail>
	<fanart>https://image.tmdb.org/t/p/w1280none</fanart>
</item>
<item>
	<title>Soul Men (2008)</title>
	<meta>
		<content>movie</content>
		<imdb>tt1111948</imdb>
		<title>Soul Men</title>
		<year>2008</year>
	</meta>
	<link>
		<sublink>search</sublink>
		<sublink>searchsd</sublink>
	</link>
	<thumbnail>https://image.tmdb.org/t/p/w1280none</thumbnail>
	<fanart>https://image.tmdb.org/t/p/w1280none</fanart>
</item>
<item>
	<title>Precious (II) (2009)</title>
	<meta>
		<content>movie</content>
		<imdb>tt0929632</imdb>
		<title>Precious</title>
		<year>II 2009</year>
	</meta>
	<link>
		<sublink>search</sublink>
		<sublink>searchsd</sublink>
	</link>
	<thumbnail>https://image.tmdb.org/t/p/w1280none</thumbnail>
	<fanart>https://image.tmdb.org/t/p/w1280none</fanart>
</item>
<item>
	<title>The Help (2011)</title>
	<meta>
		<content>movie</content>
		<imdb>tt1454029</imdb>
		<title>The Help</title>
		<year>2011</year>
	</meta>
	<link>
		<sublink>search</sublink>
		<sublink>searchsd</sublink>
	</link>
	<thumbnail>https://image.tmdb.org/t/p/w1280none</thumbnail>
	<fanart>https://image.tmdb.org/t/p/w1280none</fanart>
</item>
<item>
	<title>The Great Debaters (2007)</title>
	<meta>
		<content>movie</content>
		<imdb>tt0427309</imdb>
		<title>The Great Debaters</title>
		<year>2007</year>
	</meta>
	<link>
		<sublink>search</sublink>
		<sublink>searchsd</sublink>
	</link>
	<thumbnail>https://image.tmdb.org/t/p/w1280none</thumbnail>
	<fanart>https://image.tmdb.org/t/p/w1280none</fanart>
</item>
<item>
	<title>Blade (1998)</title>
	<meta>
		<content>movie</content>
		<imdb>tt0120611</imdb>
		<title>Blade</title>
		<year>1998</year>
	</meta>
	<link>
		<sublink>search</sublink>
		<sublink>searchsd</sublink>
	</link>
	<thumbnail>https://image.tmdb.org/t/p/w1280none</thumbnail>
	<fanart>https://image.tmdb.org/t/p/w1280none</fanart>
</item>
<item>
	<title>Blade II (2002)</title>
	<meta>
		<content>movie</content>
		<imdb>tt0187738</imdb>
		<title>Blade II</title>
		<year>2002</year>
	</meta>
	<link>
		<sublink>search</sublink>
		<sublink>searchsd</sublink>
	</link>
	<thumbnail>https://image.tmdb.org/t/p/w1280/jlURNpXCMK830CsGRd939PJLh8c.jpg</thumbnail>
	<fanart>https://image.tmdb.org/t/p/w1280/2n0kjNEI3uF0ju9H5jiE3rBk5C0.jpg</fanart>
</item>
<item>
	<title>Blade: Trinity (2004)</title>
	<meta>
		<content>movie</content>
		<imdb>tt0359013</imdb>
		<title>Blade: Trinity</title>
		<year>2004</year>
	</meta>
	<link>
		<sublink>search</sublink>
		<sublink>searchsd</sublink>
	</link>
	<thumbnail>https://image.tmdb.org/t/p/w1280/4WinsdHQBdh5aTt7Bd7T7dbUXbb.jpg</thumbnail>
	<fanart>https://image.tmdb.org/t/p/w1280/cYYMPIL4IxrSeNxv9VnWf8bWqhm.jpg</fanart>
</item>
<item>
	<title>Paid in Full (2002)</title>
	<meta>
		<content>movie</content>
		<imdb>tt0259484</imdb>
		<title>Paid in Full</title>
		<year>2002</year>
	</meta>
	<link>
		<sublink>search</sublink>
		<sublink>searchsd</sublink>
	</link>
	<thumbnail>https://image.tmdb.org/t/p/w1280/k8hSrpnoQe8OFd10BljdYF0m1Wi.jpg</thumbnail>
	<fanart>https://image.tmdb.org/t/p/w1280/wCbhLdn0iuC6ulGHBo7idulOfef.jpg</fanart>
</item>
<dir>
	<title>[COLOR white]Next Page >>[/COLOR]</title>
	<imdburl>list/ls020559885/?page=2</imdburl>
	<thumbnail>https://image.ibb.co/gtsNjw/next.png</thumbnail>
</dir>
