<item>
	<title>Wonder Woman (2017)</title>
	<meta>
		<content>movie</content>
		<imdb>tt0451279</imdb>
		<title>Wonder Woman</title>
		<year>2017</year>
	</meta>
	<link>
		<sublink>search</sublink>
		<sublink>searchsd</sublink>
	</link>
	<thumbnail>https://ia.media-imdb.com/images/M/MV5BNDFmZjgyMTEtYTk5MC00NmY0LWJhZjktOWY2MzI5YjkzODNlXkEyXkFqcGdeQXVyMDA4NzMyOA@@._V1_SY1000_SX800_AL_.jpg</thumbnail>
	<fanart/>
</item>
<item>
	<title>Darkest Hour (2017)</title>
	<meta>
		<content>movie</content>
		<imdb>tt4555426</imdb>
		<title>Darkest Hour</title>
		<year>2017</year>
	</meta>
	<link>
		<sublink>search</sublink>
		<sublink>searchsd</sublink>
	</link>
	<thumbnail>https://ia.media-imdb.com/images/M/MV5BNTU4MjMwOTgyMV5BMl5BanBnXkFtZTgwODQzNjY2NDM@._V1_SY1000_SX800_AL_.jpg</thumbnail>
	<fanart/>
</item>
<item>
	<title>Dunkirk (2017)</title>
	<meta>
		<content>movie</content>
		<imdb>tt5013056</imdb>
		<title>Dunkirk</title>
		<year>2017</year>
	</meta>
	<link>
		<sublink>search</sublink>
		<sublink>searchsd</sublink>
	</link>
	<thumbnail>https://ia.media-imdb.com/images/M/MV5BN2YyZjQ0NTEtNzU5MS00NGZkLTg0MTEtYzJmMWY3MWRhZjM2XkEyXkFqcGdeQXVyMDA4NzMyOA@@._V1_SY1000_SX800_AL_.jpg</thumbnail>
	<fanart/>
</item>
<item>
	<title>12 Strong (2018)</title>
	<meta>
		<content>movie</content>
		<imdb>tt1413492</imdb>
		<title>12 Strong</title>
		<year>2018</year>
	</meta>
	<link>
		<sublink>search</sublink>
		<sublink>searchsd</sublink>
	</link>
	<thumbnail>https://ia.media-imdb.com/images/M/MV5BNTEzMjk3NzkxMV5BMl5BanBnXkFtZTgwNjY2NDczNDM@._V1_SY1000_SX800_AL_.jpg</thumbnail>
	<fanart/>
</item>
<item>
	<title>Inglourious Basterds (2009)</title>
	<meta>
		<content>movie</content>
		<imdb>tt0361748</imdb>
		<title>Inglourious Basterds</title>
		<year>2009</year>
	</meta>
	<link>
		<sublink>search</sublink>
		<sublink>searchsd</sublink>
	</link>
	<thumbnail>https://ia.media-imdb.com/images/M/MV5BOTJiNDEzOWYtMTVjOC00ZjlmLWE0NGMtZmE1OWVmZDQ2OWJhXkEyXkFqcGdeQXVyNTIzOTk5ODM@._V1_SY1000_SX800_AL_.jpg</thumbnail>
	<fanart/>
</item>
<item>
	<title>Pan's Labyrinth (2006)</title>
	<meta>
		<content>movie</content>
		<imdb>tt0457430</imdb>
		<title>Pan's Labyrinth</title>
		<year>2006</year>
	</meta>
	<link>
		<sublink>search</sublink>
		<sublink>searchsd</sublink>
	</link>
	<thumbnail>https://ia.media-imdb.com/images/M/MV5BMTU3ODg2NjQ5NF5BMl5BanBnXkFtZTcwMDEwODgzMQ@@._V1_SY1000_SX800_AL_.jpg</thumbnail>
	<fanart/>
</item>
<item>
	<title>Hacksaw Ridge (2016)</title>
	<meta>
		<content>movie</content>
		<imdb>tt2119532</imdb>
		<title>Hacksaw Ridge</title>
		<year>2016</year>
	</meta>
	<link>
		<sublink>search</sublink>
		<sublink>searchsd</sublink>
	</link>
	<thumbnail>https://ia.media-imdb.com/images/M/MV5BMjQ1NjM3MTUxNV5BMl5BanBnXkFtZTgwMDc5MTY5OTE@._V1_SY1000_SX800_AL_.jpg</thumbnail>
	<fanart/>
</item>
<item>
	<title>Suite Française (2014)</title>
	<meta>
		<content>movie</content>
		<imdb>tt0900387</imdb>
		<title>Suite Française</title>
		<year>2014</year>
	</meta>
	<link>
		<sublink>search</sublink>
		<sublink>searchsd</sublink>
	</link>
	<thumbnail>https://ia.media-imdb.com/images/M/MV5BMTczMjg3MzQ0NF5BMl5BanBnXkFtZTgwMDYyNzY4NDE@._V1_UY98_CR1,0,67,98_AL_.jpg</thumbnail>
	<fanart/>
</item>
<item>
	<title>Mudbound (2017)</title>
	<meta>
		<content>movie</content>
		<imdb>tt2396589</imdb>
		<title>Mudbound</title>
		<year>2017</year>
	</meta>
	<link>
		<sublink>search</sublink>
		<sublink>searchsd</sublink>
	</link>
	<thumbnail>https://ia.media-imdb.com/images/M/MV5BZTg3YTEzNjYtZTY2NS00YjNmLTlhNjUtZTI2M2E5NDI4M2NjXkEyXkFqcGdeQXVyMzI3MDEzMzM@._V1_SY1000_SX800_AL_.jpg</thumbnail>
	<fanart/>
</item>
<item>
	<title>Gone with the Wind (1939)</title>
	<meta>
		<content>movie</content>
		<imdb>tt0031381</imdb>
		<title>Gone with the Wind</title>
		<year>1939</year>
	</meta>
	<link>
		<sublink>search</sublink>
		<sublink>searchsd</sublink>
	</link>
	<thumbnail>https://ia.media-imdb.com/images/M/MV5BYWQwOWVkMGItMDU2Yy00YjIzLWJkMjEtNmVkZjE3MjMwYzEzXkEyXkFqcGdeQXVyNjU0OTQ0OTY@._V1_SY1000_SX800_AL_.jpg</thumbnail>
	<fanart/>
</item>
<item>
	<title>Saving Private Ryan (1998)</title>
	<meta>
		<content>movie</content>
		<imdb>tt0120815</imdb>
		<title>Saving Private Ryan</title>
		<year>1998</year>
	</meta>
	<link>
		<sublink>search</sublink>
		<sublink>searchsd</sublink>
	</link>
	<thumbnail>https://ia.media-imdb.com/images/M/MV5BZjhkMDM4MWItZTVjOC00ZDRhLThmYTAtM2I5NzBmNmNlMzI1XkEyXkFqcGdeQXVyNDYyMDk5MTU@._V1_SY1000_SX800_AL_.jpg</thumbnail>
	<fanart/>
</item>
<item>
	<title>Fury (2014)</title>
	<meta>
		<content>movie</content>
		<imdb>tt2713180</imdb>
		<title>Fury</title>
		<year>2014</year>
	</meta>
	<link>
		<sublink>search</sublink>
		<sublink>searchsd</sublink>
	</link>
	<thumbnail>https://ia.media-imdb.com/images/M/MV5BMjA4MDU0NTUyN15BMl5BanBnXkFtZTgwMzQxMzY4MjE@._V1_SY1000_SX800_AL_.jpg</thumbnail>
	<fanart/>
</item>
<item>
	<title>Les Misérables (2012)</title>
	<meta>
		<content>movie</content>
		<imdb>tt1707386</imdb>
		<title>Les Misérables</title>
		<year>2012</year>
	</meta>
	<link>
		<sublink>search</sublink>
		<sublink>searchsd</sublink>
	</link>
	<thumbnail>https://ia.media-imdb.com/images/M/MV5BMTQ4NDI3NDg4M15BMl5BanBnXkFtZTcwMjY5OTI1OA@@._V1_SY1000_SX800_AL_.jpg</thumbnail>
	<fanart/>
</item>
<item>
	<title>Lincoln (2012)</title>
	<meta>
		<content>movie</content>
		<imdb>tt0443272</imdb>
		<title>Lincoln</title>
		<year>2012</year>
	</meta>
	<link>
		<sublink>search</sublink>
		<sublink>searchsd</sublink>
	</link>
	<thumbnail>https://ia.media-imdb.com/images/M/MV5BMTQzNzczMDUyNV5BMl5BanBnXkFtZTcwNjM2ODEzOA@@._V1_SY1000_SX800_AL_.jpg</thumbnail>
	<fanart/>
</item>
<item>
	<title>The Imitation Game (2014)</title>
	<meta>
		<content>movie</content>
		<imdb>tt2084970</imdb>
		<title>The Imitation Game</title>
		<year>2014</year>
	</meta>
	<link>
		<sublink>search</sublink>
		<sublink>searchsd</sublink>
	</link>
	<thumbnail>https://ia.media-imdb.com/images/M/MV5BOTgwMzFiMWYtZDhlNS00ODNkLWJiODAtZDVhNzgyNzJhYjQ4L2ltYWdlXkEyXkFqcGdeQXVyNzEzOTYxNTQ@._V1_SY1000_SX800_AL_.jpg</thumbnail>
	<fanart/>
</item>
<item>
	<title>Braveheart (1995)</title>
	<meta>
		<content>movie</content>
		<imdb>tt0112573</imdb>
		<title>Braveheart</title>
		<year>1995</year>
	</meta>
	<link>
		<sublink>search</sublink>
		<sublink>searchsd</sublink>
	</link>
	<thumbnail>https://ia.media-imdb.com/images/M/MV5BMzkzMmU0YTYtOWM3My00YzBmLWI0YzctOGYyNTkwMWE5MTJkXkEyXkFqcGdeQXVyNzkwMjQ5NzM@._V1_SY1000_SX800_AL_.jpg</thumbnail>
	<fanart/>
</item>
<item>
	<title>Apocalypse Now (1979)</title>
	<meta>
		<content>movie</content>
		<imdb>tt0078788</imdb>
		<title>Apocalypse Now</title>
		<year>1979</year>
	</meta>
	<link>
		<sublink>search</sublink>
		<sublink>searchsd</sublink>
	</link>
	<thumbnail>https://ia.media-imdb.com/images/M/MV5BMDg1MDgzMmQtNDhlYS00MzZiLTllZGItNzliZTE1ODBiZDQwXkEyXkFqcGdeQXVyNjU0OTQ0OTY@._V1_SY1000_SX800_AL_.jpg</thumbnail>
	<fanart/>
</item>
<item>
	<title>13 Hours (2016)</title>
	<meta>
		<content>movie</content>
		<imdb>tt4172430</imdb>
		<title>13 Hours</title>
		<year>2016</year>
	</meta>
	<link>
		<sublink>search</sublink>
		<sublink>searchsd</sublink>
	</link>
	<thumbnail>https://ia.media-imdb.com/images/M/MV5BYjY0OWVjMGQtNTIzZi00OGU5LWI4N2EtMGU0YzQ4OWM4ZmVhXkEyXkFqcGdeQXVyMTMxODk2OTU@._V1_SY1000_SX800_AL_.jpg</thumbnail>
	<fanart/>
</item>
<item>
	<title>Atonement (2007)</title>
	<meta>
		<content>movie</content>
		<imdb>tt0783233</imdb>
		<title>Atonement</title>
		<year>2007</year>
	</meta>
	<link>
		<sublink>search</sublink>
		<sublink>searchsd</sublink>
	</link>
	<thumbnail>https://ia.media-imdb.com/images/M/MV5BMGRiYjE0YzItMzk3Zi00ZmYwLWJjNDktYTAwYjIwMjIxYzM3XkEyXkFqcGdeQXVyMTMxODk2OTU@._V1_SY1000_SX800_AL_.jpg</thumbnail>
	<fanart/>
</item>
<item>
	<title>Full Metal Jacket (1987)</title>
	<meta>
		<content>movie</content>
		<imdb>tt0093058</imdb>
		<title>Full Metal Jacket</title>
		<year>1987</year>
	</meta>
	<link>
		<sublink>search</sublink>
		<sublink>searchsd</sublink>
	</link>
	<thumbnail>https://ia.media-imdb.com/images/M/MV5BNzc2ZThkOGItZGY5YS00MDYwLTkyOTAtNDRmZWIwMGRhYTc0L2ltYWdlXkEyXkFqcGdeQXVyNjU0OTQ0OTY@._V1_SY1000_SX800_AL_.jpg</thumbnail>
	<fanart/>
</item>
<item>
	<title>The Beguiled (1971)</title>
	<meta>
		<content>movie</content>
		<imdb>tt0066819</imdb>
		<title>The Beguiled</title>
		<year>1971</year>
	</meta>
	<link>
		<sublink>search</sublink>
		<sublink>searchsd</sublink>
	</link>
	<thumbnail>https://ia.media-imdb.com/images/M/MV5BN2YyYThmZWMtOWFiNC00Njc1LTgxNjYtOTExZjcyMjlmMjkzXkEyXkFqcGdeQXVyNjc1NTYyMjg@._V1_SY1000_SX800_AL_.jpg</thumbnail>
	<fanart/>
</item>
<item>
	<title>The Deer Hunter (1978)</title>
	<meta>
		<content>movie</content>
		<imdb>tt0077416</imdb>
		<title>The Deer Hunter</title>
		<year>1978</year>
	</meta>
	<link>
		<sublink>search</sublink>
		<sublink>searchsd</sublink>
	</link>
	<thumbnail>https://ia.media-imdb.com/images/M/MV5BNDhmNTA0ZDMtYjhkNS00NzEzLWIzYTItOGNkMTVmYjE2YmI3XkEyXkFqcGdeQXVyNzkwMjQ5NzM@._V1_SY1000_SX800_AL_.jpg</thumbnail>
	<fanart/>
</item>
<item>
	<title>Mulan (1998)</title>
	<meta>
		<content>movie</content>
		<imdb>tt0120762</imdb>
		<title>Mulan</title>
		<year>1998</year>
	</meta>
	<link>
		<sublink>search</sublink>
		<sublink>searchsd</sublink>
	</link>
	<thumbnail>https://ia.media-imdb.com/images/M/MV5BODkxNGQ1NWYtNzg0Ny00Yjg3LThmZTItMjE2YjhmZTQ0ODY5XkEyXkFqcGdeQXVyMTQxNzMzNDI@._V1_SY1000_SX800_AL_.jpg</thumbnail>
	<fanart/>
</item>
<item>
	<title>Salò, or the 120 Days of Sodom (1975)</title>
	<meta>
		<content>movie</content>
		<imdb>tt0073650</imdb>
		<title>Salò, or the 120 Days of Sodom</title>
		<year>1975</year>
	</meta>
	<link>
		<sublink>search</sublink>
		<sublink>searchsd</sublink>
	</link>
	<thumbnail>https://ia.media-imdb.com/images/M/MV5BMTQyMDQ4NTY2Nl5BMl5BanBnXkFtZTcwMjk2NDQ3MQ@@._V1_UY98_CR1,0,67,98_AL_.jpg</thumbnail>
	<fanart/>
</item>
<item>
	<title>Black Hawk Down (2001)</title>
	<meta>
		<content>movie</content>
		<imdb>tt0265086</imdb>
		<title>Black Hawk Down</title>
		<year>2001</year>
	</meta>
	<link>
		<sublink>search</sublink>
		<sublink>searchsd</sublink>
	</link>
	<thumbnail>https://ia.media-imdb.com/images/M/MV5BYWMwMzQxZjQtODM1YS00YmFiLTk1YjQtNzNiYWY1MDE4NTdiXkEyXkFqcGdeQXVyNDYyMDk5MTU@._V1_SY1000_SX800_AL_.jpg</thumbnail>
	<fanart/>
</item>
<item>
	<title>American Sniper (2014)</title>
	<meta>
		<content>movie</content>
		<imdb>tt2179136</imdb>
		<title>American Sniper</title>
		<year>2014</year>
	</meta>
	<link>
		<sublink>search</sublink>
		<sublink>searchsd</sublink>
	</link>
	<thumbnail>https://ia.media-imdb.com/images/M/MV5BMTkxNzI3ODI4Nl5BMl5BanBnXkFtZTgwMjkwMjY4MjE@._V1_SY1000_SX800_AL_.jpg</thumbnail>
	<fanart/>
</item>
<item>
	<title>Last Flag Flying (2017)</title>
	<meta>
		<content>movie</content>
		<imdb>tt6018306</imdb>
		<title>Last Flag Flying</title>
		<year>2017</year>
	</meta>
	<link>
		<sublink>search</sublink>
		<sublink>searchsd</sublink>
	</link>
	<thumbnail>https://ia.media-imdb.com/images/M/MV5BMjI3MDAxNTg1OF5BMl5BanBnXkFtZTgwMzMzMDM1MzI@._V1_SY1000_SX800_AL_.jpg</thumbnail>
	<fanart/>
</item>
<item>
	<title>Life Is Beautiful (1997)</title>
	<meta>
		<content>movie</content>
		<imdb>tt0118799</imdb>
		<title>Life Is Beautiful</title>
		<year>1997</year>
	</meta>
	<link>
		<sublink>search</sublink>
		<sublink>searchsd</sublink>
	</link>
	<thumbnail>https://ia.media-imdb.com/images/M/MV5BYmJmM2Q4NmMtYThmNC00ZjRlLWEyZmItZTIwOTBlZDQ3NTQ1XkEyXkFqcGdeQXVyMTQxNzMzNDI@._V1_SY1000_SX800_AL_.jpg</thumbnail>
	<fanart/>
</item>
<item>
	<title>Sajjan Singh Rangroot (2018)</title>
	<meta>
		<content>movie</content>
		<imdb>tt7762982</imdb>
		<title>Sajjan Singh Rangroot</title>
		<year>2018</year>
	</meta>
	<link>
		<sublink>search</sublink>
		<sublink>searchsd</sublink>
	</link>
	<thumbnail>https://ia.media-imdb.com/images/M/MV5BMzdkYzJjMTktZDI1NS00OWJmLWJlZDYtNGQ1MjUzODBjNWJmXkEyXkFqcGdeQXVyNjkxNDE3MTQ@._V1_SY1000_SX800_AL_.jpg</thumbnail>
	<fanart/>
</item>
<item>
	<title>Journey's End (2017)</title>
	<meta>
		<content>movie</content>
		<imdb>tt3780500</imdb>
		<title>Journey's End</title>
		<year>2017</year>
	</meta>
	<link>
		<sublink>search</sublink>
		<sublink>searchsd</sublink>
	</link>
	<thumbnail>https://ia.media-imdb.com/images/M/MV5BOTAyZDBiYjktMTdlZi00MGQ5LWE5NmItYjI3YWMwN2I0NjYxXkEyXkFqcGdeQXVyNjUzODM0ODI@._V1_SY1000_SX800_AL_.jpg</thumbnail>
	<fanart/>
</item>
<item>
	<title>Allied (2016)</title>
	<meta>
		<content>movie</content>
		<imdb>tt3640424</imdb>
		<title>Allied</title>
		<year>2016</year>
	</meta>
	<link>
		<sublink>search</sublink>
		<sublink>searchsd</sublink>
	</link>
	<thumbnail>https://ia.media-imdb.com/images/M/MV5BZWEyMzg4ZWUtYmZhMC00Yjk2LWEyYjktODVmN2M3YTA2ZmNjXkEyXkFqcGdeQXVyNjQ2Mjg3OTI@._V1_SY1000_SX800_AL_.jpg</thumbnail>
	<fanart/>
</item>
<item>
	<title>Unbroken (I) (2014)</title>
	<meta>
		<content>movie</content>
		<imdb>tt1809398</imdb>
		<title>Unbroken</title>
		<year>I 2014</year>
	</meta>
	<link>
		<sublink>search</sublink>
		<sublink>searchsd</sublink>
	</link>
	<thumbnail>https://ia.media-imdb.com/images/M/MV5BMTY3ODg2OTgyOF5BMl5BanBnXkFtZTgwODk1OTAwMzE@._V1_SY1000_SX800_AL_.jpg</thumbnail>
	<fanart/>
</item>
<item>
	<title>Lone Survivor (2013)</title>
	<meta>
		<content>movie</content>
		<imdb>tt1091191</imdb>
		<title>Lone Survivor</title>
		<year>2013</year>
	</meta>
	<link>
		<sublink>search</sublink>
		<sublink>searchsd</sublink>
	</link>
	<thumbnail>https://ia.media-imdb.com/images/M/MV5BMjA0NTgwOTk5Ml5BMl5BanBnXkFtZTcwMjE3NDc5OQ@@._V1_SY1000_SX800_AL_.jpg</thumbnail>
	<fanart/>
</item>
<item>
	<title>Casablanca (1942)</title>
	<meta>
		<content>movie</content>
		<imdb>tt0034583</imdb>
		<title>Casablanca</title>
		<year>1942</year>
	</meta>
	<link>
		<sublink>search</sublink>
		<sublink>searchsd</sublink>
	</link>
	<thumbnail>https://ia.media-imdb.com/images/M/MV5BY2IzZGY2YmEtYzljNS00NTM5LTgwMzUtMzM1NjQ4NGI0OTk0XkEyXkFqcGdeQXVyNDYyMDk5MTU@._V1_SY1000_SX800_AL_.jpg</thumbnail>
	<fanart/>
</item>
<item>
	<title>Churchill (2017)</title>
	<meta>
		<content>movie</content>
		<imdb>tt2674454</imdb>
		<title>Churchill</title>
		<year>2017</year>
	</meta>
	<link>
		<sublink>search</sublink>
		<sublink>searchsd</sublink>
	</link>
	<thumbnail>https://ia.media-imdb.com/images/M/MV5BZGYyN2IyMzctZGNiMi00Y2VmLWFjNGItYTk3NzdkNDAwYTUyXkEyXkFqcGdeQXVyNzY1NzQ2MDk@._V1_SY1000_SX800_AL_.jpg</thumbnail>
	<fanart/>
</item>
<item>
	<title>The Hurt Locker (2008)</title>
	<meta>
		<content>movie</content>
		<imdb>tt0887912</imdb>
		<title>The Hurt Locker</title>
		<year>2008</year>
	</meta>
	<link>
		<sublink>search</sublink>
		<sublink>searchsd</sublink>
	</link>
	<thumbnail>https://ia.media-imdb.com/images/M/MV5BNzEwNzQ1NjczM15BMl5BanBnXkFtZTcwNTk3MTE1Mg@@._V1_SY1000_SX800_AL_.jpg</thumbnail>
	<fanart/>
</item>
<item>
	<title>The Pianist (2002)</title>
	<meta>
		<content>movie</content>
		<imdb>tt0253474</imdb>
		<title>The Pianist</title>
		<year>2002</year>
	</meta>
	<link>
		<sublink>search</sublink>
		<sublink>searchsd</sublink>
	</link>
	<thumbnail>https://ia.media-imdb.com/images/M/MV5BOWRiZDIxZjktMTA1NC00MDQ2LWEzMjUtMTliZmY3NjQ3ODJiXkEyXkFqcGdeQXVyNjU0OTQ0OTY@._V1_UY98_CR2,0,67,98_AL_.jpg</thumbnail>
	<fanart/>
</item>
<item>
	<title>Downfall (2004)</title>
	<meta>
		<content>movie</content>
		<imdb>tt0363163</imdb>
		<title>Downfall</title>
		<year>2004</year>
	</meta>
	<link>
		<sublink>search</sublink>
		<sublink>searchsd</sublink>
	</link>
	<thumbnail>https://ia.media-imdb.com/images/M/MV5BMGU0MDlmYjYtNWI3Yy00OWJiLTljZTItNjBlMjMwMWFkZDllXkEyXkFqcGdeQXVyMTMxODk2OTU@._V1_SY1000_SX800_AL_.jpg</thumbnail>
	<fanart/>
</item>
<item>
	<title>The Last of the Mohicans (1992)</title>
	<meta>
		<content>movie</content>
		<imdb>tt0104691</imdb>
		<title>The Last of the Mohicans</title>
		<year>1992</year>
	</meta>
	<link>
		<sublink>search</sublink>
		<sublink>searchsd</sublink>
	</link>
	<thumbnail>https://ia.media-imdb.com/images/M/MV5BZDNiYmRkNDYtOWU1NC00NmMxLWFkNmUtMGI5NTJjOTJmYTM5XkEyXkFqcGdeQXVyNzQ1ODk3MTQ@._V1_SY1000_SX800_AL_.jpg</thumbnail>
	<fanart/>
</item>
<item>
	<title>War Dogs (2016)</title>
	<meta>
		<content>movie</content>
		<imdb>tt2005151</imdb>
		<title>War Dogs</title>
		<year>2016</year>
	</meta>
	<link>
		<sublink>search</sublink>
		<sublink>searchsd</sublink>
	</link>
	<thumbnail>https://ia.media-imdb.com/images/M/MV5BMjEyNzQ0NzM4MV5BMl5BanBnXkFtZTgwMDI0ODM2OTE@._V1_SY1000_SX800_AL_.jpg</thumbnail>
	<fanart/>
</item>
<item>
	<title>The Zookeeper's Wife (2017)</title>
	<meta>
		<content>movie</content>
		<imdb>tt1730768</imdb>
		<title>The Zookeeper's Wife</title>
		<year>2017</year>
	</meta>
	<link>
		<sublink>search</sublink>
		<sublink>searchsd</sublink>
	</link>
	<thumbnail>https://ia.media-imdb.com/images/M/MV5BNTY3YmZmYmMtZjc3Zi00N2VjLWE5ZGMtN2M0ODkzOGQ5M2UyL2ltYWdlL2ltYWdlXkEyXkFqcGdeQXVyNTk1MTQ3NDI@._V1_SY1000_SX800_AL_.jpg</thumbnail>
	<fanart/>
</item>
<item>
	<title>Dracula Untold (2014)</title>
	<meta>
		<content>movie</content>
		<imdb>tt0829150</imdb>
		<title>Dracula Untold</title>
		<year>2014</year>
	</meta>
	<link>
		<sublink>search</sublink>
		<sublink>searchsd</sublink>
	</link>
	<thumbnail>https://ia.media-imdb.com/images/M/MV5BMTkzNzI1OTI4N15BMl5BanBnXkFtZTgwNTQ2NzEwMjE@._V1_SY1000_SX800_AL_.jpg</thumbnail>
	<fanart/>
</item>
<item>
	<title>Platoon (1986)</title>
	<meta>
		<content>movie</content>
		<imdb>tt0091763</imdb>
		<title>Platoon</title>
		<year>1986</year>
	</meta>
	<link>
		<sublink>search</sublink>
		<sublink>searchsd</sublink>
	</link>
	<thumbnail>https://ia.media-imdb.com/images/M/MV5BMjgzMjZmODItNTM4ZS00ZjUzLTlmZjYtOTVjYmQ5ZGY2NzY3XkEyXkFqcGdeQXVyNzkwMjQ5NzM@._V1_SY1000_SX800_AL_.jpg</thumbnail>
	<fanart/>
</item>
<item>
	<title>Kingdom of Heaven (2005)</title>
	<meta>
		<content>movie</content>
		<imdb>tt0320661</imdb>
		<title>Kingdom of Heaven</title>
		<year>2005</year>
	</meta>
	<link>
		<sublink>search</sublink>
		<sublink>searchsd</sublink>
	</link>
	<thumbnail>https://ia.media-imdb.com/images/M/MV5BMjE2MTIwNjg0MV5BMl5BanBnXkFtZTcwNjAxODIzMw@@._V1_SY1000_SX800_AL_.jpg</thumbnail>
	<fanart/>
</item>
<item>
	<title>Dr. Strangelove or: How I Learned to Stop Worrying and Love the Bomb (1964)</title>
	<meta>
		<content>movie</content>
		<imdb>tt0057012</imdb>
		<title>Dr. Strangelove or: How I Learned to Stop Worrying and Love the Bomb</title>
		<year>1964</year>
	</meta>
	<link>
		<sublink>search</sublink>
		<sublink>searchsd</sublink>
	</link>
	<thumbnail>https://ia.media-imdb.com/images/M/MV5BNTkxYjUxNDYtZGY0My00NTc2LThiZmYtNmNmNmU0NGVkZWYwXkEyXkFqcGdeQXVyMjUzOTY1NTc@._V1_SY1000_SX800_AL_.jpg</thumbnail>
	<fanart/>
</item>
<item>
	<title>Malèna (2000)</title>
	<meta>
		<content>movie</content>
		<imdb>tt0213847</imdb>
		<title>Malèna</title>
		<year>2000</year>
	</meta>
	<link>
		<sublink>search</sublink>
		<sublink>searchsd</sublink>
	</link>
	<thumbnail>https://ia.media-imdb.com/images/M/MV5BZGViM2E0MjktZTdlNy00Y2M0LThlN2UtZThkZGNlMWIyMmY1XkEyXkFqcGdeQXVyNjQ2MjQ5NzM@._V1_SY1000_SX800_AL_.jpg</thumbnail>
	<fanart/>
</item>
<item>
	<title>Pearl Harbor (2001)</title>
	<meta>
		<content>movie</content>
		<imdb>tt0213149</imdb>
		<title>Pearl Harbor</title>
		<year>2001</year>
	</meta>
	<link>
		<sublink>search</sublink>
		<sublink>searchsd</sublink>
	</link>
	<thumbnail>https://ia.media-imdb.com/images/M/MV5BMTQ3MDc0MDc1NF5BMl5BanBnXkFtZTYwODI1ODY2._V1_UX67_CR0,0,67,98_AL_.jpg</thumbnail>
	<fanart/>
</item>
<item>
	<title>Megan Leavey (2017)</title>
	<meta>
		<content>movie</content>
		<imdb>tt4899370</imdb>
		<title>Megan Leavey</title>
		<year>2017</year>
	</meta>
	<link>
		<sublink>search</sublink>
		<sublink>searchsd</sublink>
	</link>
	<thumbnail>https://ia.media-imdb.com/images/M/MV5BMTUxOTk2NTkxNF5BMl5BanBnXkFtZTgwOTUyOTM3MTI@._V1_SY1000_SX800_AL_.jpg</thumbnail>
	<fanart/>
</item>
<item>
	<title>Thank You for Your Service (I) (2017)</title>
	<meta>
		<content>movie</content>
		<imdb>tt2776878</imdb>
		<title>Thank You for Your Service</title>
		<year>I 2017</year>
	</meta>
	<link>
		<sublink>search</sublink>
		<sublink>searchsd</sublink>
	</link>
	<thumbnail>https://ia.media-imdb.com/images/M/MV5BMTA0NTM5NzgzMjJeQTJeQWpwZ15BbWU4MDAwODc3NjIy._V1_UX67_CR0,0,67,98_AL_.jpg</thumbnail>
	<fanart/>
</item>
<item>
	<title>Defiance (I) (2008)</title>
	<meta>
		<content>movie</content>
		<imdb>tt1034303</imdb>
		<title>Defiance</title>
		<year>I 2008</year>
	</meta>
	<link>
		<sublink>search</sublink>
		<sublink>searchsd</sublink>
	</link>
	<thumbnail>https://ia.media-imdb.com/images/M/MV5BZjEyYjk4ZDQtZDhjMi00NGFkLWExM2UtZjgyMDMxODgwNjgyXkEyXkFqcGdeQXVyNTA4NzY1MzY@._V1_SY1000_SX800_AL_.jpg</thumbnail>
	<fanart/>
</item>
<dir>
	<title>[COLOR white]Next Page >>[/COLOR]</title>
	<imdburl>http://www.imdb.com/search/title?title_type=feature&genres=war&groups=top_250/items&page=2&ref_=adv_nxt</imdburl>
	<thumbnail>https://image.ibb.co/gtsNjw/next.png</thumbnail>
</dir>
