<item>
	<title>Annihilation (2018)</title>
	<meta>
		<content>movie</content>
		<imdb>tt2798920</imdb>
		<title>Annihilation</title>
		<year>2018</year>
	</meta>
	<link>
		<sublink>search</sublink>
		<sublink>searchsd</sublink>
	</link>
	<thumbnail>https://ia.media-imdb.com/images/M/MV5BMTk2Mjc2NzYxNl5BMl5BanBnXkFtZTgwMTA2OTA1NDM@._V1_SY1000_SX800_AL_.jpg</thumbnail>
	<fanart/>
</item>
<item>
	<title>The Shape of Water (2017)</title>
	<meta>
		<content>movie</content>
		<imdb>tt5580390</imdb>
		<title>The Shape of Water</title>
		<year>2017</year>
	</meta>
	<link>
		<sublink>search</sublink>
		<sublink>searchsd</sublink>
	</link>
	<thumbnail>https://ia.media-imdb.com/images/M/MV5BNGNiNWQ5M2MtNGI0OC00MDA2LWI5NzEtMmZiYjVjMDEyOWYzXkEyXkFqcGdeQXVyMjM4NTM5NDY@._V1_SY1000_SX800_AL_.jpg</thumbnail>
	<fanart/>
</item>
<item>
	<title>The Greatest Showman (2017)</title>
	<meta>
		<content>movie</content>
		<imdb>tt1485796</imdb>
		<title>The Greatest Showman</title>
		<year>2017</year>
	</meta>
	<link>
		<sublink>search</sublink>
		<sublink>searchsd</sublink>
	</link>
	<thumbnail>https://ia.media-imdb.com/images/M/MV5BYjQ0ZWJkYjMtYjJmYS00MjJiLTg3NTYtMmIzN2E2Y2YwZmUyXkEyXkFqcGdeQXVyNjk5NDA3OTk@._V1_SY1000_SX800_AL_.jpg</thumbnail>
	<fanart/>
</item>
<item>
	<title>Red Sparrow (2018)</title>
	<meta>
		<content>movie</content>
		<imdb>tt2873282</imdb>
		<title>Red Sparrow</title>
		<year>2018</year>
	</meta>
	<link>
		<sublink>search</sublink>
		<sublink>searchsd</sublink>
	</link>
	<thumbnail>https://ia.media-imdb.com/images/M/MV5BMTA3MDkxOTc4NDdeQTJeQWpwZ15BbWU4MDAxNzgyNTQz._V1_UX67_CR0,0,67,98_AL_.jpg</thumbnail>
	<fanart/>
</item>
<item>
	<title>Love, Simon (2018)</title>
	<meta>
		<content>movie</content>
		<imdb>tt5164432</imdb>
		<title>Love, Simon</title>
		<year>2018</year>
	</meta>
	<link>
		<sublink>search</sublink>
		<sublink>searchsd</sublink>
	</link>
	<thumbnail>https://ia.media-imdb.com/images/M/MV5BNTMyZDdiMzUtZjcxNS00Mjc3LTljY2UtYjI4YmY5NzJlYjc1XkEyXkFqcGdeQXVyMTA5OTkwNTc@._V1_SY1000_SX800_AL_.jpg</thumbnail>
	<fanart/>
</item>
<item>
	<title>I Can Only Imagine (2018)</title>
	<meta>
		<content>movie</content>
		<imdb>tt6450186</imdb>
		<title>I Can Only Imagine</title>
		<year>2018</year>
	</meta>
	<link>
		<sublink>search</sublink>
		<sublink>searchsd</sublink>
	</link>
	<thumbnail>https://ia.media-imdb.com/images/M/MV5BMTRjNDc5NTAtZGJlYS00NTg4LTk2NTEtNGUwY2NiZWM3YTY2XkEyXkFqcGdeQXVyNTQ3MjE4NTU@._V1_SY1000_SX800_AL_.jpg</thumbnail>
	<fanart/>
</item>
<item>
	<title>Three Billboards Outside Ebbing, Missouri (2017)</title>
	<meta>
		<content>movie</content>
		<imdb>tt5027774</imdb>
		<title>Three Billboards Outside Ebbing, Missouri</title>
		<year>2017</year>
	</meta>
	<link>
		<sublink>search</sublink>
		<sublink>searchsd</sublink>
	</link>
	<thumbnail>https://ia.media-imdb.com/images/M/MV5BMjMxNzgwMDUyMl5BMl5BanBnXkFtZTgwMTQ0NTIyNDM@._V1_SY1000_SX800_AL_.jpg</thumbnail>
	<fanart/>
</item>
<item>
	<title>A Quiet Place (2018)</title>
	<meta>
		<content>movie</content>
		<imdb>tt6644200</imdb>
		<title>A Quiet Place</title>
		<year>2018</year>
	</meta>
	<link>
		<sublink>search</sublink>
		<sublink>searchsd</sublink>
	</link>
	<thumbnail>https://ia.media-imdb.com/images/M/MV5BMjI0MDMzNTQ0M15BMl5BanBnXkFtZTgwMTM5NzM3NDM@._V1_SY1000_SX800_AL_.jpg</thumbnail>
	<fanart/>
</item>
<item>
	<title>Isle of Dogs (2018)</title>
	<meta>
		<content>movie</content>
		<imdb>tt5104604</imdb>
		<title>Isle of Dogs</title>
		<year>2018</year>
	</meta>
	<link>
		<sublink>search</sublink>
		<sublink>searchsd</sublink>
	</link>
	<thumbnail>https://ia.media-imdb.com/images/M/MV5BMTYyOTUwNjAxM15BMl5BanBnXkFtZTgwODcyMzE0NDM@._V1_SY1000_SX800_AL_.jpg</thumbnail>
	<fanart/>
</item>
<item>
	<title>I, Tonya (2017)</title>
	<meta>
		<content>movie</content>
		<imdb>tt5580036</imdb>
		<title>I, Tonya</title>
		<year>2017</year>
	</meta>
	<link>
		<sublink>search</sublink>
		<sublink>searchsd</sublink>
	</link>
	<thumbnail>https://ia.media-imdb.com/images/M/MV5BMjI5MDY1NjYzMl5BMl5BanBnXkFtZTgwNjIzNDAxNDM@._V1_SY1000_SX800_AL_.jpg</thumbnail>
	<fanart/>
</item>
<item>
	<title>Death Wish (2018)</title>
	<meta>
		<content>movie</content>
		<imdb>tt1137450</imdb>
		<title>Death Wish</title>
		<year>2018</year>
	</meta>
	<link>
		<sublink>search</sublink>
		<sublink>searchsd</sublink>
	</link>
	<thumbnail>https://ia.media-imdb.com/images/M/MV5BMTkzNjU3MjE0MF5BMl5BanBnXkFtZTgwNTIyNDk0NDM@._V1_SY1000_SX800_AL_.jpg</thumbnail>
	<fanart/>
</item>
<item>
	<title>I Kill Giants (2017)</title>
	<meta>
		<content>movie</content>
		<imdb>tt4547194</imdb>
		<title>I Kill Giants</title>
		<year>2017</year>
	</meta>
	<link>
		<sublink>search</sublink>
		<sublink>searchsd</sublink>
	</link>
	<thumbnail>https://ia.media-imdb.com/images/M/MV5BMjM1MTc3ODcwMV5BMl5BanBnXkFtZTgwNTU2MjA4NDM@._V1_SY1000_SX800_AL_.jpg</thumbnail>
	<fanart/>
</item>
<item>
	<title>Murder on the Orient Express (2017)</title>
	<meta>
		<content>movie</content>
		<imdb>tt3402236</imdb>
		<title>Murder on the Orient Express</title>
		<year>2017</year>
	</meta>
	<link>
		<sublink>search</sublink>
		<sublink>searchsd</sublink>
	</link>
	<thumbnail>https://ia.media-imdb.com/images/M/MV5BNGFmM2NmYjYtMjAwNy00ZDkzLWI3ZWMtOGZhOTRhYzQwMTA0XkEyXkFqcGdeQXVyNzU2MzMyNTI@._V1_SY1000_SX800_AL_.jpg</thumbnail>
	<fanart/>
</item>
<item>
	<title>Terminal (2018)</title>
	<meta>
		<content>movie</content>
		<imdb>tt4463816</imdb>
		<title>Terminal</title>
		<year>2018</year>
	</meta>
	<link>
		<sublink>search</sublink>
		<sublink>searchsd</sublink>
	</link>
	<thumbnail>https://ia.media-imdb.com/images/M/MV5BMjEyODc1OTkzM15BMl5BanBnXkFtZTgwMjA4OTQxNTM@._V1_SY1000_SX800_AL_.jpg</thumbnail>
	<fanart/>
</item>
<item>
	<title>Call Me by Your Name (2017)</title>
	<meta>
		<content>movie</content>
		<imdb>tt5726616</imdb>
		<title>Call Me by Your Name</title>
		<year>2017</year>
	</meta>
	<link>
		<sublink>search</sublink>
		<sublink>searchsd</sublink>
	</link>
	<thumbnail>https://ia.media-imdb.com/images/M/MV5BNDk3NTEwNjc0MV5BMl5BanBnXkFtZTgwNzYxNTMwMzI@._V1_SY1000_SX800_AL_.jpg</thumbnail>
	<fanart/>
</item>
<item>
	<title>Blade Runner 2049 (2017)</title>
	<meta>
		<content>movie</content>
		<imdb>tt1856101</imdb>
		<title>Blade Runner 2049</title>
		<year>2017</year>
	</meta>
	<link>
		<sublink>search</sublink>
		<sublink>searchsd</sublink>
	</link>
	<thumbnail>https://ia.media-imdb.com/images/M/MV5BNzA1Njg4NzYxOV5BMl5BanBnXkFtZTgwODk5NjU3MzI@._V1_SY1000_SX800_AL_.jpg</thumbnail>
	<fanart/>
</item>
<item>
	<title>The Outsider (I) (2018)</title>
	<meta>
		<content>movie</content>
		<imdb>tt2011311</imdb>
		<title>The Outsider</title>
		<year>I 2018</year>
	</meta>
	<link>
		<sublink>search</sublink>
		<sublink>searchsd</sublink>
	</link>
	<thumbnail>https://ia.media-imdb.com/images/M/MV5BMjIyYjAzOWItNzI5Yy00NGU4LTlhODktYjZmZThmMTY3ZWNhXkEyXkFqcGdeQXVyMTMxODk2OTU@._V1_SY1000_SX800_AL_.jpg</thumbnail>
	<fanart/>
</item>
<item>
	<title>Lady Bird (2017)</title>
	<meta>
		<content>movie</content>
		<imdb>tt4925292</imdb>
		<title>Lady Bird</title>
		<year>2017</year>
	</meta>
	<link>
		<sublink>search</sublink>
		<sublink>searchsd</sublink>
	</link>
	<thumbnail>https://ia.media-imdb.com/images/M/MV5BODhkZGE0NDQtZDc0Zi00YmQ4LWJiNmUtYTY1OGM1ODRmNGVkXkEyXkFqcGdeQXVyMTMxODk2OTU@._V1_SY1000_SX800_AL_.jpg</thumbnail>
	<fanart/>
</item>
<item>
	<title>Adrift (I) (2018)</title>
	<meta>
		<content>movie</content>
		<imdb>tt6306064</imdb>
		<title>Adrift</title>
		<year>I 2018</year>
	</meta>
	<link>
		<sublink>search</sublink>
		<sublink>searchsd</sublink>
	</link>
	<thumbnail>https://ia.media-imdb.com/images/M/MV5BMTA1NTQyMzkzNTdeQTJeQWpwZ15BbWU4MDA5OTYzMDUz._V1_UX67_CR0,0,67,98_AL_.jpg</thumbnail>
	<fanart/>
</item>
<item>
	<title>Downsizing (2017)</title>
	<meta>
		<content>movie</content>
		<imdb>tt1389072</imdb>
		<title>Downsizing</title>
		<year>2017</year>
	</meta>
	<link>
		<sublink>search</sublink>
		<sublink>searchsd</sublink>
	</link>
	<thumbnail>https://ia.media-imdb.com/images/M/MV5BNDYxNDQ5OTYxOV5BMl5BanBnXkFtZTgwOTcyODkxNDM@._V1_SY1000_SX800_AL_.jpg</thumbnail>
	<fanart/>
</item>
<item>
	<title>Can You Ever Forgive Me? (2018)</title>
	<meta>
		<content>movie</content>
		<imdb>tt4595882</imdb>
		<title>Can You Ever Forgive Me?</title>
		<year>2018</year>
	</meta>
	<link>
		<sublink>search</sublink>
		<sublink>searchsd</sublink>
	</link>
	<thumbnail>https://ia.media-imdb.com/images/M/MV5BMjQzMzEzNDU2NV5BMl5BanBnXkFtZTgwMzQ4NTUwNTM@._V1_SY1000_SX800_AL_.jpg</thumbnail>
	<fanart/>
</item>
<item>
	<title>Verónica (I) (2017)</title>
	<meta>
		<content>movie</content>
		<imdb>tt5862312</imdb>
		<title>Verónica</title>
		<year>I 2017</year>
	</meta>
	<link>
		<sublink>search</sublink>
		<sublink>searchsd</sublink>
	</link>
	<thumbnail>https://ia.media-imdb.com/images/M/MV5BMmRkMDQzYzItZDFhMS00YzM1LTk0ZGMtZmExMzdiNzEwOTE4XkEyXkFqcGdeQXVyMTMxODk2OTU@._V1_UY98_CR1,0,67,98_AL_.jpg</thumbnail>
	<fanart/>
</item>
<item>
	<title>Wind River (2017)</title>
	<meta>
		<content>movie</content>
		<imdb>tt5362988</imdb>
		<title>Wind River</title>
		<year>2017</year>
	</meta>
	<link>
		<sublink>search</sublink>
		<sublink>searchsd</sublink>
	</link>
	<thumbnail>https://ia.media-imdb.com/images/M/MV5BMTUyMjU1OTUwM15BMl5BanBnXkFtZTgwMDg1NDQ2MjI@._V1_SY1000_SX800_AL_.jpg</thumbnail>
	<fanart/>
</item>
<item>
	<title>Wonder (I) (2017)</title>
	<meta>
		<content>movie</content>
		<imdb>tt2543472</imdb>
		<title>Wonder</title>
		<year>I 2017</year>
	</meta>
	<link>
		<sublink>search</sublink>
		<sublink>searchsd</sublink>
	</link>
	<thumbnail>https://ia.media-imdb.com/images/M/MV5BYjFhOWY0OTgtNDkzMC00YWJkLTk1NGEtYWUxNjhmMmQ5ZjYyXkEyXkFqcGdeQXVyMjMxOTE0ODA@._V1_SY1000_SX800_AL_.jpg</thumbnail>
	<fanart/>
</item>
<item>
	<title>Darkest Hour (2017)</title>
	<meta>
		<content>movie</content>
		<imdb>tt4555426</imdb>
		<title>Darkest Hour</title>
		<year>2017</year>
	</meta>
	<link>
		<sublink>search</sublink>
		<sublink>searchsd</sublink>
	</link>
	<thumbnail>https://ia.media-imdb.com/images/M/MV5BNTU4MjMwOTgyMV5BMl5BanBnXkFtZTgwODQzNjY2NDM@._V1_SY1000_SX800_AL_.jpg</thumbnail>
	<fanart/>
</item>
<item>
	<title>Sicario: Day of the Soldado (2018)</title>
	<meta>
		<content>movie</content>
		<imdb>tt5052474</imdb>
		<title>Sicario: Day of the Soldado</title>
		<year>2018</year>
	</meta>
	<link>
		<sublink>search</sublink>
		<sublink>searchsd</sublink>
	</link>
	<thumbnail>https://ia.media-imdb.com/images/M/MV5BMTY0OTcxNDQyNl5BMl5BanBnXkFtZTgwMzIzOTgwNTM@._V1_SY1000_SX800_AL_.jpg</thumbnail>
	<fanart/>
</item>
<item>
	<title>It (I) (2017)</title>
	<meta>
		<content>movie</content>
		<imdb>tt1396484</imdb>
		<title>It</title>
		<year>I 2017</year>
	</meta>
	<link>
		<sublink>search</sublink>
		<sublink>searchsd</sublink>
	</link>
	<thumbnail>https://ia.media-imdb.com/images/M/MV5BZDVkZmI0YzAtNzdjYi00ZjhhLWE1ODEtMWMzMWMzNDA0NmQ4XkEyXkFqcGdeQXVyNzYzODM3Mzg@._V1_SY1000_SX800_AL_.jpg</thumbnail>
	<fanart/>
</item>
<item>
	<title>Raid (2018)</title>
	<meta>
		<content>movie</content>
		<imdb>tt7363076</imdb>
		<title>Raid</title>
		<year>2018</year>
	</meta>
	<link>
		<sublink>search</sublink>
		<sublink>searchsd</sublink>
	</link>
	<thumbnail>https://ia.media-imdb.com/images/M/MV5BN2NlMmUyZWUtZmI5Yy00YWM3LTkxYzgtM2ZiOTMwNTc5ZDg0XkEyXkFqcGdeQXVyNjcyNjMzMjQ@._V1_UY98_CR0,0,67,98_AL_.jpg</thumbnail>
	<fanart/>
</item>
<item>
	<title>The Theory of Everything (2014)</title>
	<meta>
		<content>movie</content>
		<imdb>tt2980516</imdb>
		<title>The Theory of Everything</title>
		<year>2014</year>
	</meta>
	<link>
		<sublink>search</sublink>
		<sublink>searchsd</sublink>
	</link>
	<thumbnail>https://ia.media-imdb.com/images/M/MV5BMTAwMTU4MDA3NDNeQTJeQWpwZ15BbWU4MDk4NTMxNTIx._V1_UX67_CR0,0,67,98_AL_.jpg</thumbnail>
	<fanart/>
</item>
<item>
	<title>The Disaster Artist (2017)</title>
	<meta>
		<content>movie</content>
		<imdb>tt3521126</imdb>
		<title>The Disaster Artist</title>
		<year>2017</year>
	</meta>
	<link>
		<sublink>search</sublink>
		<sublink>searchsd</sublink>
	</link>
	<thumbnail>https://ia.media-imdb.com/images/M/MV5BOGNkMzliMGMtMDI5Ni00OTZkLTgyMTYtNzk5ZTY1NjVhYjVmXkEyXkFqcGdeQXVyNTAzMTY4MDA@._V1_SY1000_SX800_AL_.jpg</thumbnail>
	<fanart/>
</item>
<item>
	<title>Midnight Sun (2018)</title>
	<meta>
		<content>movie</content>
		<imdb>tt4799066</imdb>
		<title>Midnight Sun</title>
		<year>2018</year>
	</meta>
	<link>
		<sublink>search</sublink>
		<sublink>searchsd</sublink>
	</link>
	<thumbnail>https://ia.media-imdb.com/images/M/MV5BMjg0NjU1MjgyNF5BMl5BanBnXkFtZTgwNzc5NjYyNDM@._V1_SY1000_SX800_AL_.jpg</thumbnail>
	<fanart/>
</item>
<item>
	<title>Dunkirk (2017)</title>
	<meta>
		<content>movie</content>
		<imdb>tt5013056</imdb>
		<title>Dunkirk</title>
		<year>2017</year>
	</meta>
	<link>
		<sublink>search</sublink>
		<sublink>searchsd</sublink>
	</link>
	<thumbnail>https://ia.media-imdb.com/images/M/MV5BN2YyZjQ0NTEtNzU5MS00NGZkLTg0MTEtYzJmMWY3MWRhZjM2XkEyXkFqcGdeQXVyMDA4NzMyOA@@._V1_SY1000_SX800_AL_.jpg</thumbnail>
	<fanart/>
</item>
<item>
	<title>Paul, Apostle of Christ (2018)</title>
	<meta>
		<content>movie</content>
		<imdb>tt7388562</imdb>
		<title>Paul, Apostle of Christ</title>
		<year>2018</year>
	</meta>
	<link>
		<sublink>search</sublink>
		<sublink>searchsd</sublink>
	</link>
	<thumbnail>https://ia.media-imdb.com/images/M/MV5BMWRkYTQ4NzctMDAwYS00NmE3LWI5NzUtMTMzNTQ0MDgwOWI1XkEyXkFqcGdeQXVyODQyOTY2OTA@._V1_SY1000_SX800_AL_.jpg</thumbnail>
	<fanart/>
</item>
<item>
	<title>The Irishman (2019)</title>
	<meta>
		<content>movie</content>
		<imdb>tt1302006</imdb>
		<title>The Irishman</title>
		<year>2019</year>
	</meta>
	<link>
		<sublink>search</sublink>
		<sublink>searchsd</sublink>
	</link>
	<thumbnail>https://ia.media-imdb.com/images/M/MV5BZjcyMmYwZTUtMzVjZi00YjI5LWEwNDktNDQ1ZGY2M2FlYTBiXkEyXkFqcGdeQXVyMzE3OTk0NjQ@._V1_UY98_CR2,0,67,98_AL_.jpg</thumbnail>
	<fanart/>
</item>
<item>
	<title>The Beguiled (2017)</title>
	<meta>
		<content>movie</content>
		<imdb>tt5592248</imdb>
		<title>The Beguiled</title>
		<year>2017</year>
	</meta>
	<link>
		<sublink>search</sublink>
		<sublink>searchsd</sublink>
	</link>
	<thumbnail>https://ia.media-imdb.com/images/M/MV5BMTg5NjY3NDYxMl5BMl5BanBnXkFtZTgwMjI5ODgyMjI@._V1_SY1000_SX800_AL_.jpg</thumbnail>
	<fanart/>
</item>
<item>
	<title>Ex Machina (2014)</title>
	<meta>
		<content>movie</content>
		<imdb>tt0470752</imdb>
		<title>Ex Machina</title>
		<year>2014</year>
	</meta>
	<link>
		<sublink>search</sublink>
		<sublink>searchsd</sublink>
	</link>
	<thumbnail>https://ia.media-imdb.com/images/M/MV5BMTUxNzc0OTIxMV5BMl5BanBnXkFtZTgwNDI3NzU2NDE@._V1_SY1000_SX800_AL_.jpg</thumbnail>
	<fanart/>
</item>
<item>
	<title>The Room (2003)</title>
	<meta>
		<content>movie</content>
		<imdb>tt0368226</imdb>
		<title>The Room</title>
		<year>2003</year>
	</meta>
	<link>
		<sublink>search</sublink>
		<sublink>searchsd</sublink>
	</link>
	<thumbnail>https://ia.media-imdb.com/images/M/MV5BMTg4MTU1MzgwOV5BMl5BanBnXkFtZTcwNjM1MTAwMQ@@._V1_UY98_CR4,0,67,98_AL_.jpg</thumbnail>
	<fanart/>
</item>
<item>
	<title>Brooklyn (2015)</title>
	<meta>
		<content>movie</content>
		<imdb>tt2381111</imdb>
		<title>Brooklyn</title>
		<year>2015</year>
	</meta>
	<link>
		<sublink>search</sublink>
		<sublink>searchsd</sublink>
	</link>
	<thumbnail>https://ia.media-imdb.com/images/M/MV5BMzE4MDk5NzEyOV5BMl5BanBnXkFtZTgwNDM4NDA3NjE@._V1_SY1000_SX800_AL_.jpg</thumbnail>
	<fanart/>
</item>
<item>
	<title>7 Days in Entebbe (2018)</title>
	<meta>
		<content>movie</content>
		<imdb>tt5466186</imdb>
		<title>7 Days in Entebbe</title>
		<year>2018</year>
	</meta>
	<link>
		<sublink>search</sublink>
		<sublink>searchsd</sublink>
	</link>
	<thumbnail>https://ia.media-imdb.com/images/M/MV5BMjAwNDMzNzg0Nl5BMl5BanBnXkFtZTgwOTkxNjY2NDM@._V1_SY1000_SX800_AL_.jpg</thumbnail>
	<fanart/>
</item>
<item>
	<title>You Were Never Really Here (2017)</title>
	<meta>
		<content>movie</content>
		<imdb>tt5742374</imdb>
		<title>You Were Never Really Here</title>
		<year>2017</year>
	</meta>
	<link>
		<sublink>search</sublink>
		<sublink>searchsd</sublink>
	</link>
	<thumbnail>https://ia.media-imdb.com/images/M/MV5BMDkwOTE0ZjMtZmRiYS00M2M3LWE3MzUtNzNmNmExNTNmNjg5XkEyXkFqcGdeQXVyODE1MjMyNzI@._V1_SY1000_SX800_AL_.jpg</thumbnail>
	<fanart/>
</item>
<item>
	<title>Phantom Thread (2017)</title>
	<meta>
		<content>movie</content>
		<imdb>tt5776858</imdb>
		<title>Phantom Thread</title>
		<year>2017</year>
	</meta>
	<link>
		<sublink>search</sublink>
		<sublink>searchsd</sublink>
	</link>
	<thumbnail>https://ia.media-imdb.com/images/M/MV5BMTUxODcwOTU2Nl5BMl5BanBnXkFtZTgwOTUzNjY2NDM@._V1_SY1000_SX800_AL_.jpg</thumbnail>
	<fanart/>
</item>
<item>
	<title>Interstellar (2014)</title>
	<meta>
		<content>movie</content>
		<imdb>tt0816692</imdb>
		<title>Interstellar</title>
		<year>2014</year>
	</meta>
	<link>
		<sublink>search</sublink>
		<sublink>searchsd</sublink>
	</link>
	<thumbnail>https://ia.media-imdb.com/images/M/MV5BZjdkOTU3MDktN2IxOS00OGEyLWFmMjktY2FiMmZkNWIyODZiXkEyXkFqcGdeQXVyMTMxODk2OTU@._V1_SY1000_SX800_AL_.jpg</thumbnail>
	<fanart/>
</item>
<item>
	<title>The Florida Project (2017)</title>
	<meta>
		<content>movie</content>
		<imdb>tt5649144</imdb>
		<title>The Florida Project</title>
		<year>2017</year>
	</meta>
	<link>
		<sublink>search</sublink>
		<sublink>searchsd</sublink>
	</link>
	<thumbnail>https://ia.media-imdb.com/images/M/MV5BMjg4ZmY1MmItMjFjOS00ZTg2LWJjNDYtNDM2YmM2NzhiNmZhXkEyXkFqcGdeQXVyNTAzMTY4MDA@._V1_SY1000_SX800_AL_.jpg</thumbnail>
	<fanart/>
</item>
<item>
	<title>Sicario (2015)</title>
	<meta>
		<content>movie</content>
		<imdb>tt3397884</imdb>
		<title>Sicario</title>
		<year>2015</year>
	</meta>
	<link>
		<sublink>search</sublink>
		<sublink>searchsd</sublink>
	</link>
	<thumbnail>https://ia.media-imdb.com/images/M/MV5BMjA5NjM3NTk1M15BMl5BanBnXkFtZTgwMzg1MzU2NjE@._V1_SY1000_SX800_AL_.jpg</thumbnail>
	<fanart/>
</item>
<item>
	<title>Josie (2018)</title>
	<meta>
		<content>movie</content>
		<imdb>tt4682780</imdb>
		<title>Josie</title>
		<year>2018</year>
	</meta>
	<link>
		<sublink>search</sublink>
		<sublink>searchsd</sublink>
	</link>
	<thumbnail>https://ia.media-imdb.com/images/M/MV5BZDVjYWUyOTAtNWE0OC00ZGM4LTkzODctY2VmMmUwODVmNTJiXkEyXkFqcGdeQXVyMTMxODk2OTU@._V1_SY1000_SX800_AL_.jpg</thumbnail>
	<fanart/>
</item>
<item>
	<title>The Godfather (1972)</title>
	<meta>
		<content>movie</content>
		<imdb>tt0068646</imdb>
		<title>The Godfather</title>
		<year>1972</year>
	</meta>
	<link>
		<sublink>search</sublink>
		<sublink>searchsd</sublink>
	</link>
	<thumbnail>https://ia.media-imdb.com/images/M/MV5BY2Q2NzQ3ZDUtNWU5OC00Yjc0LThlYmEtNWM3NTFmM2JiY2VhXkEyXkFqcGdeQXVyNzkwMjQ5NzM@._V1_UY98_CR1,0,67,98_AL_.jpg</thumbnail>
	<fanart/>
</item>
<item>
	<title>The Shawshank Redemption (1994)</title>
	<meta>
		<content>movie</content>
		<imdb>tt0111161</imdb>
		<title>The Shawshank Redemption</title>
		<year>1994</year>
	</meta>
	<link>
		<sublink>search</sublink>
		<sublink>searchsd</sublink>
	</link>
	<thumbnail>https://ia.media-imdb.com/images/M/MV5BMDFkYTc0MGEtZmNhMC00ZDIzLWFmNTEtODM1ZmRlYWMwMWFmXkEyXkFqcGdeQXVyMTMxODk2OTU@._V1_SY1000_SX800_AL_.jpg</thumbnail>
	<fanart/>
</item>
<item>
	<title>Logan (2017)</title>
	<meta>
		<content>movie</content>
		<imdb>tt3315342</imdb>
		<title>Logan</title>
		<year>2017</year>
	</meta>
	<link>
		<sublink>search</sublink>
		<sublink>searchsd</sublink>
	</link>
	<thumbnail>https://ia.media-imdb.com/images/M/MV5BYzc5MTU4N2EtYTkyMi00NjdhLTg3NWEtMTY4OTEyMzJhZTAzXkEyXkFqcGdeQXVyNjc1NTYyMjg@._V1_SY1000_SX800_AL_.jpg</thumbnail>
	<fanart/>
</item>
<item>
	<title>12 Strong (2018)</title>
	<meta>
		<content>movie</content>
		<imdb>tt1413492</imdb>
		<title>12 Strong</title>
		<year>2018</year>
	</meta>
	<link>
		<sublink>search</sublink>
		<sublink>searchsd</sublink>
	</link>
	<thumbnail>https://ia.media-imdb.com/images/M/MV5BNTEzMjk3NzkxMV5BMl5BanBnXkFtZTgwNjY2NDczNDM@._V1_SY1000_SX800_AL_.jpg</thumbnail>
	<fanart/>
</item>
<item>
	<title>Thoroughbreds (2017)</title>
	<meta>
		<content>movie</content>
		<imdb>tt5649108</imdb>
		<title>Thoroughbreds</title>
		<year>2017</year>
	</meta>
	<link>
		<sublink>search</sublink>
		<sublink>searchsd</sublink>
	</link>
	<thumbnail>https://ia.media-imdb.com/images/M/MV5BNDcyNDA4NDAzN15BMl5BanBnXkFtZTgwODQxMDQ5NDM@._V1_SY1000_SX800_AL_.jpg</thumbnail>
	<fanart/>
</item>
<dir>
	<title>[COLOR white]Next Page >>[/COLOR]</title>
	<imdburl>http://www.imdb.com/search/title?title_type=feature&genres=drama&groups=top_250/items&page=2&ref_=adv_nxt</imdburl>
	<thumbnail>https://image.ibb.co/gtsNjw/next.png</thumbnail>
</dir>
