<item>
	<title>Avengers: Infinity War (2018)</title>
	<meta>
		<content>movie</content>
		<imdb>tt4154756</imdb>
		<title>Avengers: Infinity War</title>
		<year>2018</year>
	</meta>
	<link>
		<sublink>search</sublink>
		<sublink>searchsd</sublink>
	</link>
	<thumbnail>https://ia.media-imdb.com/images/M/MV5BMjMxNjY2MDU1OV5BMl5BanBnXkFtZTgwNzY1MTUwNTM@._V1_SY1000_SX800_AL_.jpg</thumbnail>
	<fanart/>
</item>
<item>
	<title>Tomb Raider (2018)</title>
	<meta>
		<content>movie</content>
		<imdb>tt1365519</imdb>
		<title>Tomb Raider</title>
		<year>2018</year>
	</meta>
	<link>
		<sublink>search</sublink>
		<sublink>searchsd</sublink>
	</link>
	<thumbnail>https://ia.media-imdb.com/images/M/MV5BOTY4NDcyZGQtYmVlNy00ODgwLTljYTMtYzQ2OTE3NDhjODMwXkEyXkFqcGdeQXVyNzYzODM3Mzg@._V1_SY1000_SX800_AL_.jpg</thumbnail>
	<fanart/>
</item>
<item>
	<title>Black Panther (2018)</title>
	<meta>
		<content>movie</content>
		<imdb>tt1825683</imdb>
		<title>Black Panther</title>
		<year>2018</year>
	</meta>
	<link>
		<sublink>search</sublink>
		<sublink>searchsd</sublink>
	</link>
	<thumbnail>https://ia.media-imdb.com/images/M/MV5BMTg1MTY2MjYzNV5BMl5BanBnXkFtZTgwMTc4NTMwNDI@._V1_SY1000_SX800_AL_.jpg</thumbnail>
	<fanart/>
</item>
<item>
	<title>Pacific Rim: Uprising (2018)</title>
	<meta>
		<content>movie</content>
		<imdb>tt2557478</imdb>
		<title>Pacific Rim: Uprising</title>
		<year>2018</year>
	</meta>
	<link>
		<sublink>search</sublink>
		<sublink>searchsd</sublink>
	</link>
	<thumbnail>https://ia.media-imdb.com/images/M/MV5BMjI3Nzg0MTM5NF5BMl5BanBnXkFtZTgwOTE2MTgwNTM@._V1_SY1000_SX800_AL_.jpg</thumbnail>
	<fanart/>
</item>
<item>
	<title>Jumanji: Welcome to the Jungle (2017)</title>
	<meta>
		<content>movie</content>
		<imdb>tt2283362</imdb>
		<title>Jumanji: Welcome to the Jungle</title>
		<year>2017</year>
	</meta>
	<link>
		<sublink>search</sublink>
		<sublink>searchsd</sublink>
	</link>
	<thumbnail>https://ia.media-imdb.com/images/M/MV5BODQ0NDhjYWItYTMxZi00NTk2LWIzNDEtOWZiYWYxZjc2MTgxXkEyXkFqcGdeQXVyMTQxNzMzNDI@._V1_SY1000_SX800_AL_.jpg</thumbnail>
	<fanart/>
</item>
<item>
	<title>Ready Player One (2018)</title>
	<meta>
		<content>movie</content>
		<imdb>tt1677720</imdb>
		<title>Ready Player One</title>
		<year>2018</year>
	</meta>
	<link>
		<sublink>search</sublink>
		<sublink>searchsd</sublink>
	</link>
	<thumbnail>https://ia.media-imdb.com/images/M/MV5BY2JiYTNmZTctYTQ1OC00YjU4LWEwMjYtZjkwY2Y5MDI0OTU3XkEyXkFqcGdeQXVyNTI4MzE4MDU@._V1_SY1000_SX800_AL_.jpg</thumbnail>
	<fanart/>
</item>
<item>
	<title>Thor: Ragnarok (2017)</title>
	<meta>
		<content>movie</content>
		<imdb>tt3501632</imdb>
		<title>Thor: Ragnarok</title>
		<year>2017</year>
	</meta>
	<link>
		<sublink>search</sublink>
		<sublink>searchsd</sublink>
	</link>
	<thumbnail>https://ia.media-imdb.com/images/M/MV5BMjMyNDkzMzI1OF5BMl5BanBnXkFtZTgwODcxODg5MjI@._V1_SY1000_SX800_AL_.jpg</thumbnail>
	<fanart/>
</item>
<item>
	<title>Deadpool 2 (2018)</title>
	<meta>
		<content>movie</content>
		<imdb>tt5463162</imdb>
		<title>Deadpool 2</title>
		<year>2018</year>
	</meta>
	<link>
		<sublink>search</sublink>
		<sublink>searchsd</sublink>
	</link>
	<thumbnail>https://ia.media-imdb.com/images/M/MV5BNzczMjUwMzk0M15BMl5BanBnXkFtZTgwNjY4OTQ3NDM@._V1_SY1000_SX800_AL_.jpg</thumbnail>
	<fanart/>
</item>
<item>
	<title>Justice League (2017)</title>
	<meta>
		<content>movie</content>
		<imdb>tt0974015</imdb>
		<title>Justice League</title>
		<year>2017</year>
	</meta>
	<link>
		<sublink>search</sublink>
		<sublink>searchsd</sublink>
	</link>
	<thumbnail>https://ia.media-imdb.com/images/M/MV5BYWVhZjZkYTItOGIwYS00NmRkLWJlYjctMWM0ZjFmMDU4ZjEzXkEyXkFqcGdeQXVyMTMxODk2OTU@._V1_SY1000_SX800_AL_.jpg</thumbnail>
	<fanart/>
</item>
<item>
	<title>Star Wars: Episode VIII - The Last Jedi (2017)</title>
	<meta>
		<content>movie</content>
		<imdb>tt2527336</imdb>
		<title>Star Wars: Episode VIII - The Last Jedi</title>
		<year>2017</year>
	</meta>
	<link>
		<sublink>search</sublink>
		<sublink>searchsd</sublink>
	</link>
	<thumbnail>https://ia.media-imdb.com/images/M/MV5BMjQ1MzcxNjg4N15BMl5BanBnXkFtZTgwNzgwMjY4MzI@._V1_SY1000_SX800_AL_.jpg</thumbnail>
	<fanart/>
</item>
<item>
	<title>Death Wish (2018)</title>
	<meta>
		<content>movie</content>
		<imdb>tt1137450</imdb>
		<title>Death Wish</title>
		<year>2018</year>
	</meta>
	<link>
		<sublink>search</sublink>
		<sublink>searchsd</sublink>
	</link>
	<thumbnail>https://ia.media-imdb.com/images/M/MV5BMTkzNjU3MjE0MF5BMl5BanBnXkFtZTgwNTIyNDk0NDM@._V1_SY1000_SX800_AL_.jpg</thumbnail>
	<fanart/>
</item>
<item>
	<title>Game Over, Man! (2018)</title>
	<meta>
		<content>movie</content>
		<imdb>tt3317234</imdb>
		<title>Game Over, Man!</title>
		<year>2018</year>
	</meta>
	<link>
		<sublink>search</sublink>
		<sublink>searchsd</sublink>
	</link>
	<thumbnail>https://ia.media-imdb.com/images/M/MV5BMTUxNjI4MDU2OF5BMl5BanBnXkFtZTgwMDAzMzA1NDM@._V1_SY1000_SX800_AL_.jpg</thumbnail>
	<fanart/>
</item>
<item>
	<title>X-Men: Dark Phoenix (2019)</title>
	<meta>
		<content>movie</content>
		<imdb>tt6565702</imdb>
		<title>X-Men: Dark Phoenix</title>
		<year>2019</year>
	</meta>
	<link>
		<sublink>search</sublink>
		<sublink>searchsd</sublink>
	</link>
	<thumbnail>https://ia.media-imdb.com/images/M/MV5BZWUyMWVlMjEtNjRkYS00YjNlLThmODItYzc1MTQ5NzBiOGM2XkEyXkFqcGdeQXVyNjY5NDczMTk@._V1_UY98_CR4,0,67,98_AL_.jpg</thumbnail>
	<fanart/>
</item>
<item>
	<title>Pacific Rim (2013)</title>
	<meta>
		<content>movie</content>
		<imdb>tt1663662</imdb>
		<title>Pacific Rim</title>
		<year>2013</year>
	</meta>
	<link>
		<sublink>search</sublink>
		<sublink>searchsd</sublink>
	</link>
	<thumbnail>https://ia.media-imdb.com/images/M/MV5BMTY3MTI5NjQ4Nl5BMl5BanBnXkFtZTcwOTU1OTU0OQ@@._V1_SY1000_SX800_AL_.jpg</thumbnail>
	<fanart/>
</item>
<item>
	<title>Adrift (I) (2018)</title>
	<meta>
		<content>movie</content>
		<imdb>tt6306064</imdb>
		<title>Adrift</title>
		<year>I 2018</year>
	</meta>
	<link>
		<sublink>search</sublink>
		<sublink>searchsd</sublink>
	</link>
	<thumbnail>https://ia.media-imdb.com/images/M/MV5BMTA1NTQyMzkzNTdeQTJeQWpwZ15BbWU4MDA5OTYzMDUz._V1_UX67_CR0,0,67,98_AL_.jpg</thumbnail>
	<fanart/>
</item>
<item>
	<title>Captain Marvel (2019)</title>
	<meta>
		<content>movie</content>
		<imdb>tt4154664</imdb>
		<title>Captain Marvel</title>
		<year>2019</year>
	</meta>
	<link>
		<sublink>search</sublink>
		<sublink>searchsd</sublink>
	</link>
	<thumbnail>https://ia.media-imdb.com/images/M/MV5BMTQ3MjIyMDQxOF5BMl5BanBnXkFtZTgwNDIxNTM2OTE@._V1_SY1000_SX800_AL_.jpg</thumbnail>
	<fanart/>
</item>
<item>
	<title>Lara Croft: Tomb Raider (2001)</title>
	<meta>
		<content>movie</content>
		<imdb>tt0146316</imdb>
		<title>Lara Croft: Tomb Raider</title>
		<year>2001</year>
	</meta>
	<link>
		<sublink>search</sublink>
		<sublink>searchsd</sublink>
	</link>
	<thumbnail>https://ia.media-imdb.com/images/M/MV5BNzMzODVjMWUtYmIxZS00NDlkLTlmNTktNjI5NTdhZjUzYzY1XkEyXkFqcGdeQXVyMTQxNzMzNDI@._V1_SY1000_SX800_AL_.jpg</thumbnail>
	<fanart/>
</item>
<item>
	<title>Wonder Woman (2017)</title>
	<meta>
		<content>movie</content>
		<imdb>tt0451279</imdb>
		<title>Wonder Woman</title>
		<year>2017</year>
	</meta>
	<link>
		<sublink>search</sublink>
		<sublink>searchsd</sublink>
	</link>
	<thumbnail>https://ia.media-imdb.com/images/M/MV5BNDFmZjgyMTEtYTk5MC00NmY0LWJhZjktOWY2MzI5YjkzODNlXkEyXkFqcGdeQXVyMDA4NzMyOA@@._V1_SY1000_SX800_AL_.jpg</thumbnail>
	<fanart/>
</item>
<item>
	<title>Spider-Man: Homecoming (2017)</title>
	<meta>
		<content>movie</content>
		<imdb>tt2250912</imdb>
		<title>Spider-Man: Homecoming</title>
		<year>2017</year>
	</meta>
	<link>
		<sublink>search</sublink>
		<sublink>searchsd</sublink>
	</link>
	<thumbnail>https://ia.media-imdb.com/images/M/MV5BNTk4ODQ1MzgzNl5BMl5BanBnXkFtZTgwMTMyMzM4MTI@._V1_SY1000_SX800_AL_.jpg</thumbnail>
	<fanart/>
</item>
<item>
	<title>Sicario: Day of the Soldado (2018)</title>
	<meta>
		<content>movie</content>
		<imdb>tt5052474</imdb>
		<title>Sicario: Day of the Soldado</title>
		<year>2018</year>
	</meta>
	<link>
		<sublink>search</sublink>
		<sublink>searchsd</sublink>
	</link>
	<thumbnail>https://ia.media-imdb.com/images/M/MV5BMTY0OTcxNDQyNl5BMl5BanBnXkFtZTgwMzIzOTgwNTM@._V1_SY1000_SX800_AL_.jpg</thumbnail>
	<fanart/>
</item>
<item>
	<title>Guardians of the Galaxy Vol. 2 (2017)</title>
	<meta>
		<content>movie</content>
		<imdb>tt3896198</imdb>
		<title>Guardians of the Galaxy Vol. 2</title>
		<year>2017</year>
	</meta>
	<link>
		<sublink>search</sublink>
		<sublink>searchsd</sublink>
	</link>
	<thumbnail>https://ia.media-imdb.com/images/M/MV5BMTg2MzI1MTg3OF5BMl5BanBnXkFtZTgwNTU3NDA2MTI@._V1_SY1000_SX800_AL_.jpg</thumbnail>
	<fanart/>
</item>
<item>
	<title>Raid (2018)</title>
	<meta>
		<content>movie</content>
		<imdb>tt7363076</imdb>
		<title>Raid</title>
		<year>2018</year>
	</meta>
	<link>
		<sublink>search</sublink>
		<sublink>searchsd</sublink>
	</link>
	<thumbnail>https://ia.media-imdb.com/images/M/MV5BN2NlMmUyZWUtZmI5Yy00YWM3LTkxYzgtM2ZiOTMwNTc5ZDg0XkEyXkFqcGdeQXVyNjcyNjMzMjQ@._V1_UY98_CR0,0,67,98_AL_.jpg</thumbnail>
	<fanart/>
</item>
<item>
	<title>Transformers: The Last Knight (2017)</title>
	<meta>
		<content>movie</content>
		<imdb>tt3371366</imdb>
		<title>Transformers: The Last Knight</title>
		<year>2017</year>
	</meta>
	<link>
		<sublink>search</sublink>
		<sublink>searchsd</sublink>
	</link>
	<thumbnail>https://ia.media-imdb.com/images/M/MV5BMTk3OTI3MDk4N15BMl5BanBnXkFtZTgwNDg2ODIyMjI@._V1_SY1000_SX800_AL_.jpg</thumbnail>
	<fanart/>
</item>
<item>
	<title>Solo: A Star Wars Story (2018)</title>
	<meta>
		<content>movie</content>
		<imdb>tt3778644</imdb>
		<title>Solo: A Star Wars Story</title>
		<year>2018</year>
	</meta>
	<link>
		<sublink>search</sublink>
		<sublink>searchsd</sublink>
	</link>
	<thumbnail>https://ia.media-imdb.com/images/M/MV5BMjAwNzI3OTA5MV5BMl5BanBnXkFtZTgwMzc0MDE4NDM@._V1_SY1000_SX800_AL_.jpg</thumbnail>
	<fanart/>
</item>
<item>
	<title>Untitled Avengers Movie (2019)</title>
	<meta>
		<content>movie</content>
		<imdb>tt4154796</imdb>
		<title>Untitled Avengers Movie</title>
		<year>2019</year>
	</meta>
	<link>
		<sublink>search</sublink>
		<sublink>searchsd</sublink>
	</link>
	<thumbnail>https://ia.media-imdb.com/images/M/MV5BNzA2ZDE2MTYtZTAxNC00ZjRkLTllNTUtZDk4MTgzYjY2MmVkXkEyXkFqcGdeQXVyNjIzNTY0NzA@._V1_UY98_CR64,0,67,98_AL_.jpg</thumbnail>
	<fanart/>
</item>
<item>
	<title>The Predator (2018)</title>
	<meta>
		<content>movie</content>
		<imdb>tt3829266</imdb>
		<title>The Predator</title>
		<year>2018</year>
	</meta>
	<link>
		<sublink>search</sublink>
		<sublink>searchsd</sublink>
	</link>
	<thumbnail>https://ia.media-imdb.com/images/M/MV5BMTM1MjUxNmEtNzA4Zi00N2U3LTliMjItYzg4ZjYxOWE1MDMzXkEyXkFqcGdeQXVyNjQyMDMzNzc@._V1_SY1000_SX800_AL_.jpg</thumbnail>
	<fanart/>
</item>
<item>
	<title>Dunkirk (2017)</title>
	<meta>
		<content>movie</content>
		<imdb>tt5013056</imdb>
		<title>Dunkirk</title>
		<year>2017</year>
	</meta>
	<link>
		<sublink>search</sublink>
		<sublink>searchsd</sublink>
	</link>
	<thumbnail>https://ia.media-imdb.com/images/M/MV5BN2YyZjQ0NTEtNzU5MS00NGZkLTg0MTEtYzJmMWY3MWRhZjM2XkEyXkFqcGdeQXVyMDA4NzMyOA@@._V1_SY1000_SX800_AL_.jpg</thumbnail>
	<fanart/>
</item>
<item>
	<title>Deadpool (2016)</title>
	<meta>
		<content>movie</content>
		<imdb>tt1431045</imdb>
		<title>Deadpool</title>
		<year>2016</year>
	</meta>
	<link>
		<sublink>search</sublink>
		<sublink>searchsd</sublink>
	</link>
	<thumbnail>https://ia.media-imdb.com/images/M/MV5BYzE5MjY1ZDgtMTkyNC00MTMyLThhMjAtZGI5OTE1NzFlZGJjXkEyXkFqcGdeQXVyNjU0OTQ0OTY@._V1_SY1000_SX800_AL_.jpg</thumbnail>
	<fanart/>
</item>
<item>
	<title>Guardians of the Galaxy (2014)</title>
	<meta>
		<content>movie</content>
		<imdb>tt2015381</imdb>
		<title>Guardians of the Galaxy</title>
		<year>2014</year>
	</meta>
	<link>
		<sublink>search</sublink>
		<sublink>searchsd</sublink>
	</link>
	<thumbnail>https://ia.media-imdb.com/images/M/MV5BMTAwMjU5OTgxNjZeQTJeQWpwZ15BbWU4MDUxNDYxODEx._V1_UX67_CR0,0,67,98_AL_.jpg</thumbnail>
	<fanart/>
</item>
<item>
	<title>Baby Driver (2017)</title>
	<meta>
		<content>movie</content>
		<imdb>tt3890160</imdb>
		<title>Baby Driver</title>
		<year>2017</year>
	</meta>
	<link>
		<sublink>search</sublink>
		<sublink>searchsd</sublink>
	</link>
	<thumbnail>https://ia.media-imdb.com/images/M/MV5BMjM3MjQ1MzkxNl5BMl5BanBnXkFtZTgwODk1ODgyMjI@._V1_SY1000_SX800_AL_.jpg</thumbnail>
	<fanart/>
</item>
<item>
	<title>Valerian and the City of a Thousand Planets (2017)</title>
	<meta>
		<content>movie</content>
		<imdb>tt2239822</imdb>
		<title>Valerian and the City of a Thousand Planets</title>
		<year>2017</year>
	</meta>
	<link>
		<sublink>search</sublink>
		<sublink>searchsd</sublink>
	</link>
	<thumbnail>https://ia.media-imdb.com/images/M/MV5BMTkxMDAxNDUyNV5BMl5BanBnXkFtZTgwOTc3MzcxMjI@._V1_SY1000_SX800_AL_.jpg</thumbnail>
	<fanart/>
</item>
<item>
	<title>Venom (2018)</title>
	<meta>
		<content>movie</content>
		<imdb>tt1270797</imdb>
		<title>Venom</title>
		<year>2018</year>
	</meta>
	<link>
		<sublink>search</sublink>
		<sublink>searchsd</sublink>
	</link>
	<thumbnail>https://ia.media-imdb.com/images/M/MV5BMjQ4NTIyNDEwOF5BMl5BanBnXkFtZTgwMDY0OTU3NDM@._V1_SY1000_SX800_AL_.jpg</thumbnail>
	<fanart/>
</item>
<item>
	<title>Captain America: Civil War (2016)</title>
	<meta>
		<content>movie</content>
		<imdb>tt3498820</imdb>
		<title>Captain America: Civil War</title>
		<year>2016</year>
	</meta>
	<link>
		<sublink>search</sublink>
		<sublink>searchsd</sublink>
	</link>
	<thumbnail>https://ia.media-imdb.com/images/M/MV5BMjQ0MTgyNjAxMV5BMl5BanBnXkFtZTgwNjUzMDkyODE@._V1_SY1000_SX800_AL_.jpg</thumbnail>
	<fanart/>
</item>
<item>
	<title>Avengers: Age of Ultron (2015)</title>
	<meta>
		<content>movie</content>
		<imdb>tt2395427</imdb>
		<title>Avengers: Age of Ultron</title>
		<year>2015</year>
	</meta>
	<link>
		<sublink>search</sublink>
		<sublink>searchsd</sublink>
	</link>
	<thumbnail>https://ia.media-imdb.com/images/M/MV5BMTM4OGJmNWMtOTM4Ni00NTE3LTg3MDItZmQxYjc4N2JhNmUxXkEyXkFqcGdeQXVyNTgzMDMzMTg@._V1_SY1000_SX800_AL_.jpg</thumbnail>
	<fanart/>
</item>
<item>
	<title>Aquaman (2018)</title>
	<meta>
		<content>movie</content>
		<imdb>tt1477834</imdb>
		<title>Aquaman</title>
		<year>2018</year>
	</meta>
	<link>
		<sublink>search</sublink>
		<sublink>searchsd</sublink>
	</link>
	<thumbnail>https://ia.media-imdb.com/images/M/MV5BYjk3ZjZmYzQtMjgyYS00YmQ0LWFhMTQtODBmYzE4ZjA0Y2EzXkEyXkFqcGdeQXVyNzU3NjUxMzE@._V1_SY1000_SX800_AL_.jpg</thumbnail>
	<fanart/>
</item>
<item>
	<title>Gringo (2018)</title>
	<meta>
		<content>movie</content>
		<imdb>tt3721964</imdb>
		<title>Gringo</title>
		<year>2018</year>
	</meta>
	<link>
		<sublink>search</sublink>
		<sublink>searchsd</sublink>
	</link>
	<thumbnail>https://ia.media-imdb.com/images/M/MV5BMjAyMTk2MTQ3Ml5BMl5BanBnXkFtZTgwNDQ2ODE0NDM@._V1_SY1000_SX800_AL_.jpg</thumbnail>
	<fanart/>
</item>
<item>
	<title>Rampage (2018)</title>
	<meta>
		<content>movie</content>
		<imdb>tt2231461</imdb>
		<title>Rampage</title>
		<year>2018</year>
	</meta>
	<link>
		<sublink>search</sublink>
		<sublink>searchsd</sublink>
	</link>
	<thumbnail>https://ia.media-imdb.com/images/M/MV5BNDA1NjA3ODU3OV5BMl5BanBnXkFtZTgwOTg3MTIwNTM@._V1_SY1000_SX800_AL_.jpg</thumbnail>
	<fanart/>
</item>
<item>
	<title>The Hurricane Heist (2018)</title>
	<meta>
		<content>movie</content>
		<imdb>tt5360952</imdb>
		<title>The Hurricane Heist</title>
		<year>2018</year>
	</meta>
	<link>
		<sublink>search</sublink>
		<sublink>searchsd</sublink>
	</link>
	<thumbnail>https://ia.media-imdb.com/images/M/MV5BMzg3Y2MyNjgtMzk4ZS00OTU3LWEwZmMtN2Y0NTdlZjU0NGFiXkEyXkFqcGdeQXVyMTMxODk2OTU@._V1_SY1000_SX800_AL_.jpg</thumbnail>
	<fanart/>
</item>
<item>
	<title>Sicario (2015)</title>
	<meta>
		<content>movie</content>
		<imdb>tt3397884</imdb>
		<title>Sicario</title>
		<year>2015</year>
	</meta>
	<link>
		<sublink>search</sublink>
		<sublink>searchsd</sublink>
	</link>
	<thumbnail>https://ia.media-imdb.com/images/M/MV5BMjA5NjM3NTk1M15BMl5BanBnXkFtZTgwMzg1MzU2NjE@._V1_SY1000_SX800_AL_.jpg</thumbnail>
	<fanart/>
</item>
<item>
	<title>Suicide Squad (2016)</title>
	<meta>
		<content>movie</content>
		<imdb>tt1386697</imdb>
		<title>Suicide Squad</title>
		<year>2016</year>
	</meta>
	<link>
		<sublink>search</sublink>
		<sublink>searchsd</sublink>
	</link>
	<thumbnail>https://ia.media-imdb.com/images/M/MV5BMjM1OTMxNzUyM15BMl5BanBnXkFtZTgwNjYzMTIzOTE@._V1_SY1000_SX800_AL_.jpg</thumbnail>
	<fanart/>
</item>
<item>
	<title>The Avengers (2012)</title>
	<meta>
		<content>movie</content>
		<imdb>tt0848228</imdb>
		<title>The Avengers</title>
		<year>2012</year>
	</meta>
	<link>
		<sublink>search</sublink>
		<sublink>searchsd</sublink>
	</link>
	<thumbnail>https://ia.media-imdb.com/images/M/MV5BMTk2NTI1MTU4N15BMl5BanBnXkFtZTcwODg0OTY0Nw@@._V1_SY1000_SX800_AL_.jpg</thumbnail>
	<fanart/>
</item>
<item>
	<title>Kingsman: The Golden Circle (2017)</title>
	<meta>
		<content>movie</content>
		<imdb>tt4649466</imdb>
		<title>Kingsman: The Golden Circle</title>
		<year>2017</year>
	</meta>
	<link>
		<sublink>search</sublink>
		<sublink>searchsd</sublink>
	</link>
	<thumbnail>https://ia.media-imdb.com/images/M/MV5BMjQ3OTgzMzY4NF5BMl5BanBnXkFtZTgwOTc4OTQyMzI@._V1_SY1000_SX800_AL_.jpg</thumbnail>
	<fanart/>
</item>
<item>
	<title>Jurassic World: Fallen Kingdom (2018)</title>
	<meta>
		<content>movie</content>
		<imdb>tt4881806</imdb>
		<title>Jurassic World: Fallen Kingdom</title>
		<year>2018</year>
	</meta>
	<link>
		<sublink>search</sublink>
		<sublink>searchsd</sublink>
	</link>
	<thumbnail>https://ia.media-imdb.com/images/M/MV5BMTc3Nzc3OTgxMl5BMl5BanBnXkFtZTgwNzgzNzk2MjI@._V1_SY1000_SX800_AL_.jpg</thumbnail>
	<fanart/>
</item>
<item>
	<title>Doctor Strange (2016)</title>
	<meta>
		<content>movie</content>
		<imdb>tt1211837</imdb>
		<title>Doctor Strange</title>
		<year>2016</year>
	</meta>
	<link>
		<sublink>search</sublink>
		<sublink>searchsd</sublink>
	</link>
	<thumbnail>https://ia.media-imdb.com/images/M/MV5BNjgwNzAzNjk1Nl5BMl5BanBnXkFtZTgwMzQ2NjI1OTE@._V1_SY1000_SX800_AL_.jpg</thumbnail>
	<fanart/>
</item>
<item>
	<title>Mission: Impossible - Fallout (2018)</title>
	<meta>
		<content>movie</content>
		<imdb>tt4912910</imdb>
		<title>Mission: Impossible - Fallout</title>
		<year>2018</year>
	</meta>
	<link>
		<sublink>search</sublink>
		<sublink>searchsd</sublink>
	</link>
	<thumbnail>https://ia.media-imdb.com/images/M/MV5BMjExMTc0NzQ0OV5BMl5BanBnXkFtZTgwNDE3MTE3NDM@._V1_SY1000_SX800_AL_.jpg</thumbnail>
	<fanart/>
</item>
<item>
	<title>Logan (2017)</title>
	<meta>
		<content>movie</content>
		<imdb>tt3315342</imdb>
		<title>Logan</title>
		<year>2017</year>
	</meta>
	<link>
		<sublink>search</sublink>
		<sublink>searchsd</sublink>
	</link>
	<thumbnail>https://ia.media-imdb.com/images/M/MV5BYzc5MTU4N2EtYTkyMi00NjdhLTg3NWEtMTY4OTEyMzJhZTAzXkEyXkFqcGdeQXVyNjc1NTYyMjg@._V1_SY1000_SX800_AL_.jpg</thumbnail>
	<fanart/>
</item>
<item>
	<title>Baywatch (2017)</title>
	<meta>
		<content>movie</content>
		<imdb>tt1469304</imdb>
		<title>Baywatch</title>
		<year>2017</year>
	</meta>
	<link>
		<sublink>search</sublink>
		<sublink>searchsd</sublink>
	</link>
	<thumbnail>https://ia.media-imdb.com/images/M/MV5BNTA4MjQ0ODQzNF5BMl5BanBnXkFtZTgwNzA5NjYzMjI@._V1_SY1000_SX800_AL_.jpg</thumbnail>
	<fanart/>
</item>
<item>
	<title>12 Strong (2018)</title>
	<meta>
		<content>movie</content>
		<imdb>tt1413492</imdb>
		<title>12 Strong</title>
		<year>2018</year>
	</meta>
	<link>
		<sublink>search</sublink>
		<sublink>searchsd</sublink>
	</link>
	<thumbnail>https://ia.media-imdb.com/images/M/MV5BNTEzMjk3NzkxMV5BMl5BanBnXkFtZTgwNjY2NDczNDM@._V1_SY1000_SX800_AL_.jpg</thumbnail>
	<fanart/>
</item>
<item>
	<title>Power Rangers (2017)</title>
	<meta>
		<content>movie</content>
		<imdb>tt3717490</imdb>
		<title>Power Rangers</title>
		<year>2017</year>
	</meta>
	<link>
		<sublink>search</sublink>
		<sublink>searchsd</sublink>
	</link>
	<thumbnail>https://ia.media-imdb.com/images/M/MV5BMTU1MTkxNzc5NF5BMl5BanBnXkFtZTgwOTM2Mzk3MTI@._V1_SY1000_SX800_AL_.jpg</thumbnail>
	<fanart/>
</item>
<item>
	<title>The Meg (2018)</title>
	<meta>
		<content>movie</content>
		<imdb>tt4779682</imdb>
		<title>The Meg</title>
		<year>2018</year>
	</meta>
	<link>
		<sublink>search</sublink>
		<sublink>searchsd</sublink>
	</link>
	<thumbnail>https://ia.media-imdb.com/images/M/MV5BMzlhZjAyYjktNjg3Ny00YjJkLTgwMTAtODRmZmU5M2VkZjU2XkEyXkFqcGdeQXVyMzk0MjQ0NQ@@._V1_SY1000_SX800_AL_.jpg</thumbnail>
	<fanart/>
</item>
<dir>
	<title>[COLOR white]Next Page >>[/COLOR]</title>
	<imdburl>http://www.imdb.com/search/title?title_type=feature&genres=action&groups=top_250/items&page=2&ref_=adv_nxt</imdburl>
	<thumbnail>https://image.ibb.co/gtsNjw/next.png</thumbnail>
</dir>
