<item>
	<title>Annihilation (2018)</title>
	<meta>
		<content>movie</content>
		<imdb>tt2798920</imdb>
		<title>Annihilation</title>
		<year>2018</year>
	</meta>
	<link>
		<sublink>search</sublink>
		<sublink>searchsd</sublink>
	</link>
	<thumbnail>https://ia.media-imdb.com/images/M/MV5BMTk2Mjc2NzYxNl5BMl5BanBnXkFtZTgwMTA2OTA1NDM@._V1_SY1000_SX800_AL_.jpg</thumbnail>
	<fanart/>
</item>
<item>
	<title>Red Sparrow (2018)</title>
	<meta>
		<content>movie</content>
		<imdb>tt2873282</imdb>
		<title>Red Sparrow</title>
		<year>2018</year>
	</meta>
	<link>
		<sublink>search</sublink>
		<sublink>searchsd</sublink>
	</link>
	<thumbnail>https://ia.media-imdb.com/images/M/MV5BMTA3MDkxOTc4NDdeQTJeQWpwZ15BbWU4MDAxNzgyNTQz._V1_UX67_CR0,0,67,98_AL_.jpg</thumbnail>
	<fanart/>
</item>
<item>
	<title>Coco (I) (2017)</title>
	<meta>
		<content>movie</content>
		<imdb>tt2380307</imdb>
		<title>Coco</title>
		<year>I 2017</year>
	</meta>
	<link>
		<sublink>search</sublink>
		<sublink>searchsd</sublink>
	</link>
	<thumbnail>https://ia.media-imdb.com/images/M/MV5BYjQ5NjM0Y2YtNjZkNC00ZDhkLWJjMWItN2QyNzFkMDE3ZjAxXkEyXkFqcGdeQXVyODIxMzk5NjA@._V1_UY98_CR1,0,67,98_AL_.jpg</thumbnail>
	<fanart/>
</item>
<item>
	<title>Game Night (I) (2018)</title>
	<meta>
		<content>movie</content>
		<imdb>tt2704998</imdb>
		<title>Game Night</title>
		<year>I 2018</year>
	</meta>
	<link>
		<sublink>search</sublink>
		<sublink>searchsd</sublink>
	</link>
	<thumbnail>https://ia.media-imdb.com/images/M/MV5BMjQxMDE5NDg0NV5BMl5BanBnXkFtZTgwNTA5MDE2NDM@._V1_SY1000_SX800_AL_.jpg</thumbnail>
	<fanart/>
</item>
<item>
	<title>Murder on the Orient Express (2017)</title>
	<meta>
		<content>movie</content>
		<imdb>tt3402236</imdb>
		<title>Murder on the Orient Express</title>
		<year>2017</year>
	</meta>
	<link>
		<sublink>search</sublink>
		<sublink>searchsd</sublink>
	</link>
	<thumbnail>https://ia.media-imdb.com/images/M/MV5BNGFmM2NmYjYtMjAwNy00ZDkzLWI3ZWMtOGZhOTRhYzQwMTA0XkEyXkFqcGdeQXVyNzU2MzMyNTI@._V1_SY1000_SX800_AL_.jpg</thumbnail>
	<fanart/>
</item>
<item>
	<title>Blade Runner 2049 (2017)</title>
	<meta>
		<content>movie</content>
		<imdb>tt1856101</imdb>
		<title>Blade Runner 2049</title>
		<year>2017</year>
	</meta>
	<link>
		<sublink>search</sublink>
		<sublink>searchsd</sublink>
	</link>
	<thumbnail>https://ia.media-imdb.com/images/M/MV5BNzA1Njg4NzYxOV5BMl5BanBnXkFtZTgwODk5NjU3MzI@._V1_SY1000_SX800_AL_.jpg</thumbnail>
	<fanart/>
</item>
<item>
	<title>The Outsider (I) (2018)</title>
	<meta>
		<content>movie</content>
		<imdb>tt2011311</imdb>
		<title>The Outsider</title>
		<year>I 2018</year>
	</meta>
	<link>
		<sublink>search</sublink>
		<sublink>searchsd</sublink>
	</link>
	<thumbnail>https://ia.media-imdb.com/images/M/MV5BMjIyYjAzOWItNzI5Yy00NGU4LTlhODktYjZmZThmMTY3ZWNhXkEyXkFqcGdeQXVyMTMxODk2OTU@._V1_SY1000_SX800_AL_.jpg</thumbnail>
	<fanart/>
</item>
<item>
	<title>Get Out (I) (2017)</title>
	<meta>
		<content>movie</content>
		<imdb>tt5052448</imdb>
		<title>Get Out</title>
		<year>I 2017</year>
	</meta>
	<link>
		<sublink>search</sublink>
		<sublink>searchsd</sublink>
	</link>
	<thumbnail>https://ia.media-imdb.com/images/M/MV5BMjUxMDQwNjcyNl5BMl5BanBnXkFtZTgwNzcwMzc0MTI@._V1_SY1000_SX800_AL_.jpg</thumbnail>
	<fanart/>
</item>
<item>
	<title>Wind River (2017)</title>
	<meta>
		<content>movie</content>
		<imdb>tt5362988</imdb>
		<title>Wind River</title>
		<year>2017</year>
	</meta>
	<link>
		<sublink>search</sublink>
		<sublink>searchsd</sublink>
	</link>
	<thumbnail>https://ia.media-imdb.com/images/M/MV5BMTUyMjU1OTUwM15BMl5BanBnXkFtZTgwMDg1NDQ2MjI@._V1_SY1000_SX800_AL_.jpg</thumbnail>
	<fanart/>
</item>
<item>
	<title>Sherlock Gnomes (2018)</title>
	<meta>
		<content>movie</content>
		<imdb>tt2296777</imdb>
		<title>Sherlock Gnomes</title>
		<year>2018</year>
	</meta>
	<link>
		<sublink>search</sublink>
		<sublink>searchsd</sublink>
	</link>
	<thumbnail>https://ia.media-imdb.com/images/M/MV5BMTk4NzU3NzU2NV5BMl5BanBnXkFtZTgwNDc4NTI3NDM@._V1_SY1000_SX800_AL_.jpg</thumbnail>
	<fanart/>
</item>
<item>
	<title>Insidious: The Last Key (2018)</title>
	<meta>
		<content>movie</content>
		<imdb>tt5726086</imdb>
		<title>Insidious: The Last Key</title>
		<year>2018</year>
	</meta>
	<link>
		<sublink>search</sublink>
		<sublink>searchsd</sublink>
	</link>
	<thumbnail>https://ia.media-imdb.com/images/M/MV5BMTUxODU0NjQ2Nl5BMl5BanBnXkFtZTgwMTc4NDQ0MzI@._V1_SY1000_SX800_AL_.jpg</thumbnail>
	<fanart/>
</item>
<item>
	<title>Ex Machina (2014)</title>
	<meta>
		<content>movie</content>
		<imdb>tt0470752</imdb>
		<title>Ex Machina</title>
		<year>2014</year>
	</meta>
	<link>
		<sublink>search</sublink>
		<sublink>searchsd</sublink>
	</link>
	<thumbnail>https://ia.media-imdb.com/images/M/MV5BMTUxNzc0OTIxMV5BMl5BanBnXkFtZTgwNDI3NzU2NDE@._V1_SY1000_SX800_AL_.jpg</thumbnail>
	<fanart/>
</item>
<item>
	<title>Mute (II) (2018)</title>
	<meta>
		<content>movie</content>
		<imdb>tt1464763</imdb>
		<title>Mute</title>
		<year>II 2018</year>
	</meta>
	<link>
		<sublink>search</sublink>
		<sublink>searchsd</sublink>
	</link>
	<thumbnail>https://ia.media-imdb.com/images/M/MV5BMjAwNTE3MjQ2M15BMl5BanBnXkFtZTgwNjgzNjk2NDM@._V1_SY1000_SX800_AL_.jpg</thumbnail>
	<fanart/>
</item>
<item>
	<title>You Were Never Really Here (2017)</title>
	<meta>
		<content>movie</content>
		<imdb>tt5742374</imdb>
		<title>You Were Never Really Here</title>
		<year>2017</year>
	</meta>
	<link>
		<sublink>search</sublink>
		<sublink>searchsd</sublink>
	</link>
	<thumbnail>https://ia.media-imdb.com/images/M/MV5BMDkwOTE0ZjMtZmRiYS00M2M3LWE3MzUtNzNmNmExNTNmNjg5XkEyXkFqcGdeQXVyODE1MjMyNzI@._V1_SY1000_SX800_AL_.jpg</thumbnail>
	<fanart/>
</item>
<item>
	<title>Sicario (2015)</title>
	<meta>
		<content>movie</content>
		<imdb>tt3397884</imdb>
		<title>Sicario</title>
		<year>2015</year>
	</meta>
	<link>
		<sublink>search</sublink>
		<sublink>searchsd</sublink>
	</link>
	<thumbnail>https://ia.media-imdb.com/images/M/MV5BMjA5NjM3NTk1M15BMl5BanBnXkFtZTgwMzg1MzU2NjE@._V1_SY1000_SX800_AL_.jpg</thumbnail>
	<fanart/>
</item>
<item>
	<title>Mother! (2017)</title>
	<meta>
		<content>movie</content>
		<imdb>tt5109784</imdb>
		<title>Mother!</title>
		<year>2017</year>
	</meta>
	<link>
		<sublink>search</sublink>
		<sublink>searchsd</sublink>
	</link>
	<thumbnail>https://ia.media-imdb.com/images/M/MV5BMzc5ODExODE0MV5BMl5BanBnXkFtZTgwNDkzNDUxMzI@._V1_SY1000_SX800_AL_.jpg</thumbnail>
	<fanart/>
</item>
<item>
	<title>Den of Thieves (2018)</title>
	<meta>
		<content>movie</content>
		<imdb>tt1259528</imdb>
		<title>Den of Thieves</title>
		<year>2018</year>
	</meta>
	<link>
		<sublink>search</sublink>
		<sublink>searchsd</sublink>
	</link>
	<thumbnail>https://ia.media-imdb.com/images/M/MV5BMzYyODcwMDAyM15BMl5BanBnXkFtZTgwOTA4MjIwNDI@._V1_SY1000_SX800_AL_.jpg</thumbnail>
	<fanart/>
</item>
<item>
	<title>Zootopia (2016)</title>
	<meta>
		<content>movie</content>
		<imdb>tt2948356</imdb>
		<title>Zootopia</title>
		<year>2016</year>
	</meta>
	<link>
		<sublink>search</sublink>
		<sublink>searchsd</sublink>
	</link>
	<thumbnail>https://ia.media-imdb.com/images/M/MV5BOTMyMjEyNzIzMV5BMl5BanBnXkFtZTgwNzIyNjU0NzE@._V1_SY1000_SX800_AL_.jpg</thumbnail>
	<fanart/>
</item>
<item>
	<title>The Killing of a Sacred Deer (2017)</title>
	<meta>
		<content>movie</content>
		<imdb>tt5715874</imdb>
		<title>The Killing of a Sacred Deer</title>
		<year>2017</year>
	</meta>
	<link>
		<sublink>search</sublink>
		<sublink>searchsd</sublink>
	</link>
	<thumbnail>https://ia.media-imdb.com/images/M/MV5BMjU4NDcwOTA2NF5BMl5BanBnXkFtZTgwMjE2OTg4MzI@._V1_SY1000_SX800_AL_.jpg</thumbnail>
	<fanart/>
</item>
<item>
	<title>The Vanishing of Sidney Hall (2017)</title>
	<meta>
		<content>movie</content>
		<imdb>tt1291566</imdb>
		<title>The Vanishing of Sidney Hall</title>
		<year>2017</year>
	</meta>
	<link>
		<sublink>search</sublink>
		<sublink>searchsd</sublink>
	</link>
	<thumbnail>https://ia.media-imdb.com/images/M/MV5BMTUyNzY0NzYyOV5BMl5BanBnXkFtZTgwODQzNjQ1NDM@._V1_SY1000_SX800_AL_.jpg</thumbnail>
	<fanart/>
</item>
<item>
	<title>Winchester (2018)</title>
	<meta>
		<content>movie</content>
		<imdb>tt1072748</imdb>
		<title>Winchester</title>
		<year>2018</year>
	</meta>
	<link>
		<sublink>search</sublink>
		<sublink>searchsd</sublink>
	</link>
	<thumbnail>https://ia.media-imdb.com/images/M/MV5BMjI2OWE5OGItMTE4Yi00ZmIzLThjZDctNTU1OTMxMTc3Yjg4XkEyXkFqcGdeQXVyMjM4NTM5NDY@._V1_SY1000_SX800_AL_.jpg</thumbnail>
	<fanart/>
</item>
<item>
	<title>The Cloverfield Paradox (2018)</title>
	<meta>
		<content>movie</content>
		<imdb>tt2548396</imdb>
		<title>The Cloverfield Paradox</title>
		<year>2018</year>
	</meta>
	<link>
		<sublink>search</sublink>
		<sublink>searchsd</sublink>
	</link>
	<thumbnail>https://ia.media-imdb.com/images/M/MV5BMTAwOTIxMDA0MjZeQTJeQWpwZ15BbWU4MDg1MjgzNzQz._V1_UX67_CR0,0,67,98_AL_.jpg</thumbnail>
	<fanart/>
</item>
<item>
	<title>Gone Girl (2014)</title>
	<meta>
		<content>movie</content>
		<imdb>tt2267998</imdb>
		<title>Gone Girl</title>
		<year>2014</year>
	</meta>
	<link>
		<sublink>search</sublink>
		<sublink>searchsd</sublink>
	</link>
	<thumbnail>https://ia.media-imdb.com/images/M/MV5BYjgwY2E1N2QtNDJkMi00YzE4LThiYTItYWI5YmE4NWMzMGFhXkEyXkFqcGdeQXVyMjU3OTA4NzQ@._V1_SY1000_SX800_AL_.jpg</thumbnail>
	<fanart/>
</item>
<item>
	<title>All the Money in the World (2017)</title>
	<meta>
		<content>movie</content>
		<imdb>tt5294550</imdb>
		<title>All the Money in the World</title>
		<year>2017</year>
	</meta>
	<link>
		<sublink>search</sublink>
		<sublink>searchsd</sublink>
	</link>
	<thumbnail>https://ia.media-imdb.com/images/M/MV5BNjY3Mjg0OTc1OF5BMl5BanBnXkFtZTgwNDU0MzAyNDM@._V1_SY1000_SX800_AL_.jpg</thumbnail>
	<fanart/>
</item>
<item>
	<title>Glass (2019)</title>
	<meta>
		<content>movie</content>
		<imdb>tt6823368</imdb>
		<title>Glass</title>
		<year>2019</year>
	</meta>
	<link>
		<sublink>search</sublink>
		<sublink>searchsd</sublink>
	</link>
	<thumbnail>https://ia.media-imdb.com/images/M/MV5BYTYzZGU3OWQtYzBiMy00MWZmLWI2MTktM2E2N2FhMDczNjRmXkEyXkFqcGdeQXVyMzQ5ODY3NjA@._V1_SY1000_SX800_AL_.jpg</thumbnail>
	<fanart/>
</item>
<item>
	<title>The Foreigner (2017)</title>
	<meta>
		<content>movie</content>
		<imdb>tt1615160</imdb>
		<title>The Foreigner</title>
		<year>2017</year>
	</meta>
	<link>
		<sublink>search</sublink>
		<sublink>searchsd</sublink>
	</link>
	<thumbnail>https://ia.media-imdb.com/images/M/MV5BM2RlMjcyMGQtZTU3OC00NGRlLWExMGEtYjU3ZjUyMDc0NWZmXkEyXkFqcGdeQXVyNTI4MzE4MDU@._V1_SY1000_SX800_AL_.jpg</thumbnail>
	<fanart/>
</item>
<item>
	<title>Suburbicon (2017)</title>
	<meta>
		<content>movie</content>
		<imdb>tt0491175</imdb>
		<title>Suburbicon</title>
		<year>2017</year>
	</meta>
	<link>
		<sublink>search</sublink>
		<sublink>searchsd</sublink>
	</link>
	<thumbnail>https://ia.media-imdb.com/images/M/MV5BMTA3MjA1NDkxMTReQTJeQWpwZ15BbWU4MDU2Njg3NDMy._V1_UX67_CR0,0,67,98_AL_.jpg</thumbnail>
	<fanart/>
</item>
<item>
	<title>It Comes at Night (2017)</title>
	<meta>
		<content>movie</content>
		<imdb>tt4695012</imdb>
		<title>It Comes at Night</title>
		<year>2017</year>
	</meta>
	<link>
		<sublink>search</sublink>
		<sublink>searchsd</sublink>
	</link>
	<thumbnail>https://ia.media-imdb.com/images/M/MV5BMjQ3MDA0ODA2N15BMl5BanBnXkFtZTgwNzg0NzgwMjI@._V1_SY1000_SX800_AL_.jpg</thumbnail>
	<fanart/>
</item>
<item>
	<title>Atomic Blonde (2017)</title>
	<meta>
		<content>movie</content>
		<imdb>tt2406566</imdb>
		<title>Atomic Blonde</title>
		<year>2017</year>
	</meta>
	<link>
		<sublink>search</sublink>
		<sublink>searchsd</sublink>
	</link>
	<thumbnail>https://ia.media-imdb.com/images/M/MV5BMjM5NDYzMzg5N15BMl5BanBnXkFtZTgwOTM2NDU1MjI@._V1_SY1000_SX800_AL_.jpg</thumbnail>
	<fanart/>
</item>
<item>
	<title>Jigsaw (I) (2017)</title>
	<meta>
		<content>movie</content>
		<imdb>tt3348730</imdb>
		<title>Jigsaw</title>
		<year>I 2017</year>
	</meta>
	<link>
		<sublink>search</sublink>
		<sublink>searchsd</sublink>
	</link>
	<thumbnail>https://ia.media-imdb.com/images/M/MV5BNmRiZDM4ZmMtOTVjMi00YTNlLTkyNjMtMjI2OTAxNjgwMWM1XkEyXkFqcGdeQXVyMjMxOTE0ODA@._V1_SY1000_SX800_AL_.jpg</thumbnail>
	<fanart/>
</item>
<item>
	<title>The Hateful Eight (2015)</title>
	<meta>
		<content>movie</content>
		<imdb>tt3460252</imdb>
		<title>The Hateful Eight</title>
		<year>2015</year>
	</meta>
	<link>
		<sublink>search</sublink>
		<sublink>searchsd</sublink>
	</link>
	<thumbnail>https://ia.media-imdb.com/images/M/MV5BMjA1MTc1NTg5NV5BMl5BanBnXkFtZTgwOTM2MDEzNzE@._V1_SY1000_SX800_AL_.jpg</thumbnail>
	<fanart/>
</item>
<item>
	<title>Eyes Wide Shut (1999)</title>
	<meta>
		<content>movie</content>
		<imdb>tt0120663</imdb>
		<title>Eyes Wide Shut</title>
		<year>1999</year>
	</meta>
	<link>
		<sublink>search</sublink>
		<sublink>searchsd</sublink>
	</link>
	<thumbnail>https://ia.media-imdb.com/images/M/MV5BMjA5NTUwNjI1N15BMl5BanBnXkFtZTYwOTE1ODc5._V1_UX67_CR0,0,67,98_AL_.jpg</thumbnail>
	<fanart/>
</item>
<item>
	<title>The Gift (VI) (2015)</title>
	<meta>
		<content>movie</content>
		<imdb>tt4178092</imdb>
		<title>The Gift</title>
		<year>VI 2015</year>
	</meta>
	<link>
		<sublink>search</sublink>
		<sublink>searchsd</sublink>
	</link>
	<thumbnail>https://ia.media-imdb.com/images/M/MV5BMTQzMjM2NjM1Nl5BMl5BanBnXkFtZTgwMDM1MjQyNTE@._V1_SY1000_SX800_AL_.jpg</thumbnail>
	<fanart/>
</item>
<item>
	<title>Small Town Crime (2017)</title>
	<meta>
		<content>movie</content>
		<imdb>tt5751998</imdb>
		<title>Small Town Crime</title>
		<year>2017</year>
	</meta>
	<link>
		<sublink>search</sublink>
		<sublink>searchsd</sublink>
	</link>
	<thumbnail>https://ia.media-imdb.com/images/M/MV5BYmRlZTQwZDUtZDQxNC00Mzc4LWFlODQtMzY5ZGM4OGMyY2MxXkEyXkFqcGdeQXVyMjc3MzcwMzg@._V1_SY1000_SX800_AL_.jpg</thumbnail>
	<fanart/>
</item>
<item>
	<title>Arrival (II) (2016)</title>
	<meta>
		<content>movie</content>
		<imdb>tt2543164</imdb>
		<title>Arrival</title>
		<year>II 2016</year>
	</meta>
	<link>
		<sublink>search</sublink>
		<sublink>searchsd</sublink>
	</link>
	<thumbnail>https://ia.media-imdb.com/images/M/MV5BMTExMzU0ODcxNDheQTJeQWpwZ15BbWU4MDE1OTI4MzAy._V1_UX67_CR0,0,67,98_AL_.jpg</thumbnail>
	<fanart/>
</item>
<item>
	<title>Harry Potter and the Deathly Hallows: Part 2 (2011)</title>
	<meta>
		<content>movie</content>
		<imdb>tt1201607</imdb>
		<title>Harry Potter and the Deathly Hallows: Part 2</title>
		<year>2011</year>
	</meta>
	<link>
		<sublink>search</sublink>
		<sublink>searchsd</sublink>
	</link>
	<thumbnail>https://ia.media-imdb.com/images/M/MV5BMjIyZGU4YzUtNDkzYi00ZDRhLTljYzctYTMxMDQ4M2E0Y2YxXkEyXkFqcGdeQXVyNTIzOTk5ODM@._V1_SY1000_SX800_AL_.jpg</thumbnail>
	<fanart/>
</item>
<item>
	<title>The Strangers (2008)</title>
	<meta>
		<content>movie</content>
		<imdb>tt0482606</imdb>
		<title>The Strangers</title>
		<year>2008</year>
	</meta>
	<link>
		<sublink>search</sublink>
		<sublink>searchsd</sublink>
	</link>
	<thumbnail>https://ia.media-imdb.com/images/M/MV5BMTkxODAyODMwNV5BMl5BanBnXkFtZTcwNzk5Nzk2MQ@@._V1_SY1000_SX800_AL_.jpg</thumbnail>
	<fanart/>
</item>
<item>
	<title>The Snowman (2017)</title>
	<meta>
		<content>movie</content>
		<imdb>tt1758810</imdb>
		<title>The Snowman</title>
		<year>2017</year>
	</meta>
	<link>
		<sublink>search</sublink>
		<sublink>searchsd</sublink>
	</link>
	<thumbnail>https://ia.media-imdb.com/images/M/MV5BNDg1NjYyMTEyOF5BMl5BanBnXkFtZTgwNzY4MDMyMzI@._V1_SY1000_SX800_AL_.jpg</thumbnail>
	<fanart/>
</item>
<item>
	<title>The Prestige (2006)</title>
	<meta>
		<content>movie</content>
		<imdb>tt0482571</imdb>
		<title>The Prestige</title>
		<year>2006</year>
	</meta>
	<link>
		<sublink>search</sublink>
		<sublink>searchsd</sublink>
	</link>
	<thumbnail>https://ia.media-imdb.com/images/M/MV5BMjA4NDI0MTIxNF5BMl5BanBnXkFtZTYwNTM0MzY2._V1_UX67_CR0,0,67,98_AL_.jpg</thumbnail>
	<fanart/>
</item>
<item>
	<title>The VVitch: A New-England Folktale (2015)</title>
	<meta>
		<content>movie</content>
		<imdb>tt4263482</imdb>
		<title>The VVitch: A New-England Folktale</title>
		<year>2015</year>
	</meta>
	<link>
		<sublink>search</sublink>
		<sublink>searchsd</sublink>
	</link>
	<thumbnail>https://ia.media-imdb.com/images/M/MV5BMTUyNzkwMzAxOF5BMl5BanBnXkFtZTgwMzc1OTk1NjE@._V1_SY1000_SX800_AL_.jpg</thumbnail>
	<fanart/>
</item>
<item>
	<title>What Happened to Monday (2017)</title>
	<meta>
		<content>movie</content>
		<imdb>tt1536537</imdb>
		<title>What Happened to Monday</title>
		<year>2017</year>
	</meta>
	<link>
		<sublink>search</sublink>
		<sublink>searchsd</sublink>
	</link>
	<thumbnail>https://ia.media-imdb.com/images/M/MV5BMjE4MDQxMDg3MF5BMl5BanBnXkFtZTgwNjQ0MTcwMzI@._V1_SY1000_SX800_AL_.jpg</thumbnail>
	<fanart/>
</item>
<item>
	<title>Annabelle: Creation (2017)</title>
	<meta>
		<content>movie</content>
		<imdb>tt5140878</imdb>
		<title>Annabelle: Creation</title>
		<year>2017</year>
	</meta>
	<link>
		<sublink>search</sublink>
		<sublink>searchsd</sublink>
	</link>
	<thumbnail>https://ia.media-imdb.com/images/M/MV5BMjA1MzIwMjMxNF5BMl5BanBnXkFtZTgwMDQ3NTc2MjI@._V1_SY1000_SX800_AL_.jpg</thumbnail>
	<fanart/>
</item>
<item>
	<title>Se7en (1995)</title>
	<meta>
		<content>movie</content>
		<imdb>tt0114369</imdb>
		<title>Se7en</title>
		<year>1995</year>
	</meta>
	<link>
		<sublink>search</sublink>
		<sublink>searchsd</sublink>
	</link>
	<thumbnail>https://ia.media-imdb.com/images/M/MV5BOTUwODM5MTctZjczMi00OTk4LTg3NWUtNmVhMTAzNTNjYjcyXkEyXkFqcGdeQXVyNjU0OTQ0OTY@._V1_SY1000_SX800_AL_.jpg</thumbnail>
	<fanart/>
</item>
<item>
	<title>The Girl on the Train (2016)</title>
	<meta>
		<content>movie</content>
		<imdb>tt3631112</imdb>
		<title>The Girl on the Train</title>
		<year>2016</year>
	</meta>
	<link>
		<sublink>search</sublink>
		<sublink>searchsd</sublink>
	</link>
	<thumbnail>https://ia.media-imdb.com/images/M/MV5BNzFlMjA0ZmUtZWI0Mi00ZGJkLTlmMmYtZmE1ODZiMjhjMGM0XkEyXkFqcGdeQXVyMTMxODk2OTU@._V1_SY1000_SX800_AL_.jpg</thumbnail>
	<fanart/>
</item>
<item>
	<title>Harry Potter and the Goblet of Fire (2005)</title>
	<meta>
		<content>movie</content>
		<imdb>tt0330373</imdb>
		<title>Harry Potter and the Goblet of Fire</title>
		<year>2005</year>
	</meta>
	<link>
		<sublink>search</sublink>
		<sublink>searchsd</sublink>
	</link>
	<thumbnail>https://ia.media-imdb.com/images/M/MV5BMTI1NDMyMjExOF5BMl5BanBnXkFtZTcwOTc4MjQzMQ@@._V1_SY1000_SX800_AL_.jpg</thumbnail>
	<fanart/>
</item>
<item>
	<title>Psycho (1960)</title>
	<meta>
		<content>movie</content>
		<imdb>tt0054215</imdb>
		<title>Psycho</title>
		<year>1960</year>
	</meta>
	<link>
		<sublink>search</sublink>
		<sublink>searchsd</sublink>
	</link>
	<thumbnail>https://ia.media-imdb.com/images/M/MV5BOWQ0MjRmZmUtY2Q2Yi00ODcxLWE4NGMtMTNjMDY1YmUzMjVkXkEyXkFqcGdeQXVyNjc1NTYyMjg@._V1_SY1000_SX800_AL_.jpg</thumbnail>
	<fanart/>
</item>
<item>
	<title>Watchmen (2009)</title>
	<meta>
		<content>movie</content>
		<imdb>tt0409459</imdb>
		<title>Watchmen</title>
		<year>2009</year>
	</meta>
	<link>
		<sublink>search</sublink>
		<sublink>searchsd</sublink>
	</link>
	<thumbnail>https://ia.media-imdb.com/images/M/MV5BY2IzNGNiODgtOWYzOS00OTI0LTgxZTUtOTA5OTQ5YmI3NGUzXkEyXkFqcGdeQXVyNjU0OTQ0OTY@._V1_SY1000_SX800_AL_.jpg</thumbnail>
	<fanart/>
</item>
<item>
	<title>Ghost in the Shell (2017)</title>
	<meta>
		<content>movie</content>
		<imdb>tt1219827</imdb>
		<title>Ghost in the Shell</title>
		<year>2017</year>
	</meta>
	<link>
		<sublink>search</sublink>
		<sublink>searchsd</sublink>
	</link>
	<thumbnail>https://ia.media-imdb.com/images/M/MV5BMzJiNTI3MjItMGJiMy00YzA1LTg2MTItZmE1ZmRhOWQ0NGY1XkEyXkFqcGdeQXVyOTk4MTM0NQ@@._V1_SY1000_SX800_AL_.jpg</thumbnail>
	<fanart/>
</item>
<item>
	<title>Happy Death Day (2017)</title>
	<meta>
		<content>movie</content>
		<imdb>tt5308322</imdb>
		<title>Happy Death Day</title>
		<year>2017</year>
	</meta>
	<link>
		<sublink>search</sublink>
		<sublink>searchsd</sublink>
	</link>
	<thumbnail>https://ia.media-imdb.com/images/M/MV5BMTk0ODMyNjk1NF5BMl5BanBnXkFtZTgwNDkxOTk4MzI@._V1_SY1000_SX800_AL_.jpg</thumbnail>
	<fanart/>
</item>
<item>
	<title>Super Troopers 2 (2018)</title>
	<meta>
		<content>movie</content>
		<imdb>tt0859635</imdb>
		<title>Super Troopers 2</title>
		<year>2018</year>
	</meta>
	<link>
		<sublink>search</sublink>
		<sublink>searchsd</sublink>
	</link>
	<thumbnail>https://ia.media-imdb.com/images/M/MV5BZmFhMjM2NmQtYWM3Yi00YmJhLWIxOTgtYWY3ZjNlYzMwOWJmXkEyXkFqcGdeQXVyMjM4NTM5NDY@._V1_UY98_CR5,0,67,98_AL_.jpg</thumbnail>
	<fanart/>
</item>
<dir>
	<title>[COLOR white]Next Page >>[/COLOR]</title>
	<imdburl>http://www.imdb.com/search/title?title_type=feature&genres=mystery&groups=top_250/items&page=2&ref_=adv_nxt</imdburl>
	<thumbnail>https://image.ibb.co/gtsNjw/next.png</thumbnail>
</dir>
