<item>
	<title>Annihilation (2018)</title>
	<meta>
		<content>movie</content>
		<imdb>tt2798920</imdb>
		<title>Annihilation</title>
		<year>2018</year>
	</meta>
	<link>
		<sublink>search</sublink>
		<sublink>searchsd</sublink>
	</link>
	<thumbnail>https://ia.media-imdb.com/images/M/MV5BMTk2Mjc2NzYxNl5BMl5BanBnXkFtZTgwMTA2OTA1NDM@._V1_SY1000_SX800_AL_.jpg</thumbnail>
	<fanart/>
</item>
<item>
	<title>The Shape of Water (2017)</title>
	<meta>
		<content>movie</content>
		<imdb>tt5580390</imdb>
		<title>The Shape of Water</title>
		<year>2017</year>
	</meta>
	<link>
		<sublink>search</sublink>
		<sublink>searchsd</sublink>
	</link>
	<thumbnail>https://ia.media-imdb.com/images/M/MV5BNGNiNWQ5M2MtNGI0OC00MDA2LWI5NzEtMmZiYjVjMDEyOWYzXkEyXkFqcGdeQXVyMjM4NTM5NDY@._V1_SY1000_SX800_AL_.jpg</thumbnail>
	<fanart/>
</item>
<item>
	<title>Red Sparrow (2018)</title>
	<meta>
		<content>movie</content>
		<imdb>tt2873282</imdb>
		<title>Red Sparrow</title>
		<year>2018</year>
	</meta>
	<link>
		<sublink>search</sublink>
		<sublink>searchsd</sublink>
	</link>
	<thumbnail>https://ia.media-imdb.com/images/M/MV5BMTA3MDkxOTc4NDdeQTJeQWpwZ15BbWU4MDAxNzgyNTQz._V1_UX67_CR0,0,67,98_AL_.jpg</thumbnail>
	<fanart/>
</item>
<item>
	<title>A Quiet Place (2018)</title>
	<meta>
		<content>movie</content>
		<imdb>tt6644200</imdb>
		<title>A Quiet Place</title>
		<year>2018</year>
	</meta>
	<link>
		<sublink>search</sublink>
		<sublink>searchsd</sublink>
	</link>
	<thumbnail>https://ia.media-imdb.com/images/M/MV5BMjI0MDMzNTQ0M15BMl5BanBnXkFtZTgwMTM5NzM3NDM@._V1_SY1000_SX800_AL_.jpg</thumbnail>
	<fanart/>
</item>
<item>
	<title>Unsane (2018)</title>
	<meta>
		<content>movie</content>
		<imdb>tt7153766</imdb>
		<title>Unsane</title>
		<year>2018</year>
	</meta>
	<link>
		<sublink>search</sublink>
		<sublink>searchsd</sublink>
	</link>
	<thumbnail>https://ia.media-imdb.com/images/M/MV5BNTYzMDYzMzA1MV5BMl5BanBnXkFtZTgwODUzODg2NDM@._V1_SY1000_SX800_AL_.jpg</thumbnail>
	<fanart/>
</item>
<item>
	<title>Game Night (I) (2018)</title>
	<meta>
		<content>movie</content>
		<imdb>tt2704998</imdb>
		<title>Game Night</title>
		<year>I 2018</year>
	</meta>
	<link>
		<sublink>search</sublink>
		<sublink>searchsd</sublink>
	</link>
	<thumbnail>https://ia.media-imdb.com/images/M/MV5BMjQxMDE5NDg0NV5BMl5BanBnXkFtZTgwNTA5MDE2NDM@._V1_SY1000_SX800_AL_.jpg</thumbnail>
	<fanart/>
</item>
<item>
	<title>Death Wish (2018)</title>
	<meta>
		<content>movie</content>
		<imdb>tt1137450</imdb>
		<title>Death Wish</title>
		<year>2018</year>
	</meta>
	<link>
		<sublink>search</sublink>
		<sublink>searchsd</sublink>
	</link>
	<thumbnail>https://ia.media-imdb.com/images/M/MV5BMTkzNjU3MjE0MF5BMl5BanBnXkFtZTgwNTIyNDk0NDM@._V1_SY1000_SX800_AL_.jpg</thumbnail>
	<fanart/>
</item>
<item>
	<title>I Kill Giants (2017)</title>
	<meta>
		<content>movie</content>
		<imdb>tt4547194</imdb>
		<title>I Kill Giants</title>
		<year>2017</year>
	</meta>
	<link>
		<sublink>search</sublink>
		<sublink>searchsd</sublink>
	</link>
	<thumbnail>https://ia.media-imdb.com/images/M/MV5BMjM1MTc3ODcwMV5BMl5BanBnXkFtZTgwNTU2MjA4NDM@._V1_SY1000_SX800_AL_.jpg</thumbnail>
	<fanart/>
</item>
<item>
	<title>Terminal (2018)</title>
	<meta>
		<content>movie</content>
		<imdb>tt4463816</imdb>
		<title>Terminal</title>
		<year>2018</year>
	</meta>
	<link>
		<sublink>search</sublink>
		<sublink>searchsd</sublink>
	</link>
	<thumbnail>https://ia.media-imdb.com/images/M/MV5BMjEyODc1OTkzM15BMl5BanBnXkFtZTgwMjA4OTQxNTM@._V1_SY1000_SX800_AL_.jpg</thumbnail>
	<fanart/>
</item>
<item>
	<title>Blade Runner 2049 (2017)</title>
	<meta>
		<content>movie</content>
		<imdb>tt1856101</imdb>
		<title>Blade Runner 2049</title>
		<year>2017</year>
	</meta>
	<link>
		<sublink>search</sublink>
		<sublink>searchsd</sublink>
	</link>
	<thumbnail>https://ia.media-imdb.com/images/M/MV5BNzA1Njg4NzYxOV5BMl5BanBnXkFtZTgwODk5NjU3MzI@._V1_SY1000_SX800_AL_.jpg</thumbnail>
	<fanart/>
</item>
<item>
	<title>The Outsider (I) (2018)</title>
	<meta>
		<content>movie</content>
		<imdb>tt2011311</imdb>
		<title>The Outsider</title>
		<year>I 2018</year>
	</meta>
	<link>
		<sublink>search</sublink>
		<sublink>searchsd</sublink>
	</link>
	<thumbnail>https://ia.media-imdb.com/images/M/MV5BMjIyYjAzOWItNzI5Yy00NGU4LTlhODktYjZmZThmMTY3ZWNhXkEyXkFqcGdeQXVyMTMxODk2OTU@._V1_SY1000_SX800_AL_.jpg</thumbnail>
	<fanart/>
</item>
<item>
	<title>Get Out (I) (2017)</title>
	<meta>
		<content>movie</content>
		<imdb>tt5052448</imdb>
		<title>Get Out</title>
		<year>I 2017</year>
	</meta>
	<link>
		<sublink>search</sublink>
		<sublink>searchsd</sublink>
	</link>
	<thumbnail>https://ia.media-imdb.com/images/M/MV5BMjUxMDQwNjcyNl5BMl5BanBnXkFtZTgwNzcwMzc0MTI@._V1_SY1000_SX800_AL_.jpg</thumbnail>
	<fanart/>
</item>
<item>
	<title>Adrift (I) (2018)</title>
	<meta>
		<content>movie</content>
		<imdb>tt6306064</imdb>
		<title>Adrift</title>
		<year>I 2018</year>
	</meta>
	<link>
		<sublink>search</sublink>
		<sublink>searchsd</sublink>
	</link>
	<thumbnail>https://ia.media-imdb.com/images/M/MV5BMTA1NTQyMzkzNTdeQTJeQWpwZ15BbWU4MDA5OTYzMDUz._V1_UX67_CR0,0,67,98_AL_.jpg</thumbnail>
	<fanart/>
</item>
<item>
	<title>Lara Croft: Tomb Raider (2001)</title>
	<meta>
		<content>movie</content>
		<imdb>tt0146316</imdb>
		<title>Lara Croft: Tomb Raider</title>
		<year>2001</year>
	</meta>
	<link>
		<sublink>search</sublink>
		<sublink>searchsd</sublink>
	</link>
	<thumbnail>https://ia.media-imdb.com/images/M/MV5BNzMzODVjMWUtYmIxZS00NDlkLTlmNTktNjI5NTdhZjUzYzY1XkEyXkFqcGdeQXVyMTQxNzMzNDI@._V1_SY1000_SX800_AL_.jpg</thumbnail>
	<fanart/>
</item>
<item>
	<title>Wind River (2017)</title>
	<meta>
		<content>movie</content>
		<imdb>tt5362988</imdb>
		<title>Wind River</title>
		<year>2017</year>
	</meta>
	<link>
		<sublink>search</sublink>
		<sublink>searchsd</sublink>
	</link>
	<thumbnail>https://ia.media-imdb.com/images/M/MV5BMTUyMjU1OTUwM15BMl5BanBnXkFtZTgwMDg1NDQ2MjI@._V1_SY1000_SX800_AL_.jpg</thumbnail>
	<fanart/>
</item>
<item>
	<title>10x10 (2018)</title>
	<meta>
		<content>movie</content>
		<imdb>tt6210996</imdb>
		<title>10x10</title>
		<year>2018</year>
	</meta>
	<link>
		<sublink>search</sublink>
		<sublink>searchsd</sublink>
	</link>
	<thumbnail>https://ia.media-imdb.com/images/M/MV5BYjllM2NmN2ItZWQxMi00OWNjLWJmNmEtZGQ3MmE1ZjFlMTFjXkEyXkFqcGdeQXVyNjMwNzM5NDk@._V1_SY1000_SX800_AL_.jpg</thumbnail>
	<fanart/>
</item>
<item>
	<title>Sicario: Day of the Soldado (2018)</title>
	<meta>
		<content>movie</content>
		<imdb>tt5052474</imdb>
		<title>Sicario: Day of the Soldado</title>
		<year>2018</year>
	</meta>
	<link>
		<sublink>search</sublink>
		<sublink>searchsd</sublink>
	</link>
	<thumbnail>https://ia.media-imdb.com/images/M/MV5BMTY0OTcxNDQyNl5BMl5BanBnXkFtZTgwMzIzOTgwNTM@._V1_SY1000_SX800_AL_.jpg</thumbnail>
	<fanart/>
</item>
<item>
	<title>It (I) (2017)</title>
	<meta>
		<content>movie</content>
		<imdb>tt1396484</imdb>
		<title>It</title>
		<year>I 2017</year>
	</meta>
	<link>
		<sublink>search</sublink>
		<sublink>searchsd</sublink>
	</link>
	<thumbnail>https://ia.media-imdb.com/images/M/MV5BZDVkZmI0YzAtNzdjYi00ZjhhLWE1ODEtMWMzMWMzNDA0NmQ4XkEyXkFqcGdeQXVyNzYzODM3Mzg@._V1_SY1000_SX800_AL_.jpg</thumbnail>
	<fanart/>
</item>
<item>
	<title>Raid (2018)</title>
	<meta>
		<content>movie</content>
		<imdb>tt7363076</imdb>
		<title>Raid</title>
		<year>2018</year>
	</meta>
	<link>
		<sublink>search</sublink>
		<sublink>searchsd</sublink>
	</link>
	<thumbnail>https://ia.media-imdb.com/images/M/MV5BN2NlMmUyZWUtZmI5Yy00YWM3LTkxYzgtM2ZiOTMwNTc5ZDg0XkEyXkFqcGdeQXVyNjcyNjMzMjQ@._V1_UY98_CR0,0,67,98_AL_.jpg</thumbnail>
	<fanart/>
</item>
<item>
	<title>Insidious: The Last Key (2018)</title>
	<meta>
		<content>movie</content>
		<imdb>tt5726086</imdb>
		<title>Insidious: The Last Key</title>
		<year>2018</year>
	</meta>
	<link>
		<sublink>search</sublink>
		<sublink>searchsd</sublink>
	</link>
	<thumbnail>https://ia.media-imdb.com/images/M/MV5BMTUxODU0NjQ2Nl5BMl5BanBnXkFtZTgwMTc4NDQ0MzI@._V1_SY1000_SX800_AL_.jpg</thumbnail>
	<fanart/>
</item>
<item>
	<title>Under the Silver Lake (2018)</title>
	<meta>
		<content>movie</content>
		<imdb>tt5691670</imdb>
		<title>Under the Silver Lake</title>
		<year>2018</year>
	</meta>
	<link>
		<sublink>search</sublink>
		<sublink>searchsd</sublink>
	</link>
	<thumbnail>https://ia.media-imdb.com/images/M/MV5BZmQ3NTliNzYtZTkzNC00YzA0LWFjNTctMjhlMDM2NjBhOTQwXkEyXkFqcGdeQXVyMTMxODk2OTU@._V1_SY1000_SX800_AL_.jpg</thumbnail>
	<fanart/>
</item>
<item>
	<title>The Predator (2018)</title>
	<meta>
		<content>movie</content>
		<imdb>tt3829266</imdb>
		<title>The Predator</title>
		<year>2018</year>
	</meta>
	<link>
		<sublink>search</sublink>
		<sublink>searchsd</sublink>
	</link>
	<thumbnail>https://ia.media-imdb.com/images/M/MV5BMTM1MjUxNmEtNzA4Zi00N2U3LTliMjItYzg4ZjYxOWE1MDMzXkEyXkFqcGdeQXVyNjQyMDMzNzc@._V1_SY1000_SX800_AL_.jpg</thumbnail>
	<fanart/>
</item>
<item>
	<title>Dunkirk (2017)</title>
	<meta>
		<content>movie</content>
		<imdb>tt5013056</imdb>
		<title>Dunkirk</title>
		<year>2017</year>
	</meta>
	<link>
		<sublink>search</sublink>
		<sublink>searchsd</sublink>
	</link>
	<thumbnail>https://ia.media-imdb.com/images/M/MV5BN2YyZjQ0NTEtNzU5MS00NGZkLTg0MTEtYzJmMWY3MWRhZjM2XkEyXkFqcGdeQXVyMDA4NzMyOA@@._V1_SY1000_SX800_AL_.jpg</thumbnail>
	<fanart/>
</item>
<item>
	<title>The Irishman (2019)</title>
	<meta>
		<content>movie</content>
		<imdb>tt1302006</imdb>
		<title>The Irishman</title>
		<year>2019</year>
	</meta>
	<link>
		<sublink>search</sublink>
		<sublink>searchsd</sublink>
	</link>
	<thumbnail>https://ia.media-imdb.com/images/M/MV5BZjcyMmYwZTUtMzVjZi00YjI5LWEwNDktNDQ1ZGY2M2FlYTBiXkEyXkFqcGdeQXVyMzE3OTk0NjQ@._V1_UY98_CR2,0,67,98_AL_.jpg</thumbnail>
	<fanart/>
</item>
<item>
	<title>Baby Driver (2017)</title>
	<meta>
		<content>movie</content>
		<imdb>tt3890160</imdb>
		<title>Baby Driver</title>
		<year>2017</year>
	</meta>
	<link>
		<sublink>search</sublink>
		<sublink>searchsd</sublink>
	</link>
	<thumbnail>https://ia.media-imdb.com/images/M/MV5BMjM3MjQ1MzkxNl5BMl5BanBnXkFtZTgwODk1ODgyMjI@._V1_SY1000_SX800_AL_.jpg</thumbnail>
	<fanart/>
</item>
<item>
	<title>Venom (2018)</title>
	<meta>
		<content>movie</content>
		<imdb>tt1270797</imdb>
		<title>Venom</title>
		<year>2018</year>
	</meta>
	<link>
		<sublink>search</sublink>
		<sublink>searchsd</sublink>
	</link>
	<thumbnail>https://ia.media-imdb.com/images/M/MV5BMjQ4NTIyNDEwOF5BMl5BanBnXkFtZTgwMDY0OTU3NDM@._V1_SY1000_SX800_AL_.jpg</thumbnail>
	<fanart/>
</item>
<item>
	<title>The Beguiled (2017)</title>
	<meta>
		<content>movie</content>
		<imdb>tt5592248</imdb>
		<title>The Beguiled</title>
		<year>2017</year>
	</meta>
	<link>
		<sublink>search</sublink>
		<sublink>searchsd</sublink>
	</link>
	<thumbnail>https://ia.media-imdb.com/images/M/MV5BMTg5NjY3NDYxMl5BMl5BanBnXkFtZTgwMjI5ODgyMjI@._V1_SY1000_SX800_AL_.jpg</thumbnail>
	<fanart/>
</item>
<item>
	<title>Ex Machina (2014)</title>
	<meta>
		<content>movie</content>
		<imdb>tt0470752</imdb>
		<title>Ex Machina</title>
		<year>2014</year>
	</meta>
	<link>
		<sublink>search</sublink>
		<sublink>searchsd</sublink>
	</link>
	<thumbnail>https://ia.media-imdb.com/images/M/MV5BMTUxNzc0OTIxMV5BMl5BanBnXkFtZTgwNDI3NzU2NDE@._V1_SY1000_SX800_AL_.jpg</thumbnail>
	<fanart/>
</item>
<item>
	<title>Alien: Covenant (2017)</title>
	<meta>
		<content>movie</content>
		<imdb>tt2316204</imdb>
		<title>Alien: Covenant</title>
		<year>2017</year>
	</meta>
	<link>
		<sublink>search</sublink>
		<sublink>searchsd</sublink>
	</link>
	<thumbnail>https://ia.media-imdb.com/images/M/MV5BNzI5MzM3MzkxNF5BMl5BanBnXkFtZTgwOTkyMjI4MTI@._V1_SY1000_SX800_AL_.jpg</thumbnail>
	<fanart/>
</item>
<item>
	<title>Mute (II) (2018)</title>
	<meta>
		<content>movie</content>
		<imdb>tt1464763</imdb>
		<title>Mute</title>
		<year>II 2018</year>
	</meta>
	<link>
		<sublink>search</sublink>
		<sublink>searchsd</sublink>
	</link>
	<thumbnail>https://ia.media-imdb.com/images/M/MV5BMjAwNTE3MjQ2M15BMl5BanBnXkFtZTgwNjgzNjk2NDM@._V1_SY1000_SX800_AL_.jpg</thumbnail>
	<fanart/>
</item>
<item>
	<title>The Hurricane Heist (2018)</title>
	<meta>
		<content>movie</content>
		<imdb>tt5360952</imdb>
		<title>The Hurricane Heist</title>
		<year>2018</year>
	</meta>
	<link>
		<sublink>search</sublink>
		<sublink>searchsd</sublink>
	</link>
	<thumbnail>https://ia.media-imdb.com/images/M/MV5BMzg3Y2MyNjgtMzk4ZS00OTU3LWEwZmMtN2Y0NTdlZjU0NGFiXkEyXkFqcGdeQXVyMTMxODk2OTU@._V1_SY1000_SX800_AL_.jpg</thumbnail>
	<fanart/>
</item>
<item>
	<title>7 Days in Entebbe (2018)</title>
	<meta>
		<content>movie</content>
		<imdb>tt5466186</imdb>
		<title>7 Days in Entebbe</title>
		<year>2018</year>
	</meta>
	<link>
		<sublink>search</sublink>
		<sublink>searchsd</sublink>
	</link>
	<thumbnail>https://ia.media-imdb.com/images/M/MV5BMjAwNDMzNzg0Nl5BMl5BanBnXkFtZTgwOTkxNjY2NDM@._V1_SY1000_SX800_AL_.jpg</thumbnail>
	<fanart/>
</item>
<item>
	<title>You Were Never Really Here (2017)</title>
	<meta>
		<content>movie</content>
		<imdb>tt5742374</imdb>
		<title>You Were Never Really Here</title>
		<year>2017</year>
	</meta>
	<link>
		<sublink>search</sublink>
		<sublink>searchsd</sublink>
	</link>
	<thumbnail>https://ia.media-imdb.com/images/M/MV5BMDkwOTE0ZjMtZmRiYS00M2M3LWE3MzUtNzNmNmExNTNmNjg5XkEyXkFqcGdeQXVyODE1MjMyNzI@._V1_SY1000_SX800_AL_.jpg</thumbnail>
	<fanart/>
</item>
<item>
	<title>Sicario (2015)</title>
	<meta>
		<content>movie</content>
		<imdb>tt3397884</imdb>
		<title>Sicario</title>
		<year>2015</year>
	</meta>
	<link>
		<sublink>search</sublink>
		<sublink>searchsd</sublink>
	</link>
	<thumbnail>https://ia.media-imdb.com/images/M/MV5BMjA5NjM3NTk1M15BMl5BanBnXkFtZTgwMzg1MzU2NjE@._V1_SY1000_SX800_AL_.jpg</thumbnail>
	<fanart/>
</item>
<item>
	<title>Josie (2018)</title>
	<meta>
		<content>movie</content>
		<imdb>tt4682780</imdb>
		<title>Josie</title>
		<year>2018</year>
	</meta>
	<link>
		<sublink>search</sublink>
		<sublink>searchsd</sublink>
	</link>
	<thumbnail>https://ia.media-imdb.com/images/M/MV5BZDVjYWUyOTAtNWE0OC00ZGM4LTkzODctY2VmMmUwODVmNTJiXkEyXkFqcGdeQXVyMTMxODk2OTU@._V1_SY1000_SX800_AL_.jpg</thumbnail>
	<fanart/>
</item>
<item>
	<title>Mission: Impossible - Fallout (2018)</title>
	<meta>
		<content>movie</content>
		<imdb>tt4912910</imdb>
		<title>Mission: Impossible - Fallout</title>
		<year>2018</year>
	</meta>
	<link>
		<sublink>search</sublink>
		<sublink>searchsd</sublink>
	</link>
	<thumbnail>https://ia.media-imdb.com/images/M/MV5BMjExMTc0NzQ0OV5BMl5BanBnXkFtZTgwNDE3MTE3NDM@._V1_SY1000_SX800_AL_.jpg</thumbnail>
	<fanart/>
</item>
<item>
	<title>Logan (2017)</title>
	<meta>
		<content>movie</content>
		<imdb>tt3315342</imdb>
		<title>Logan</title>
		<year>2017</year>
	</meta>
	<link>
		<sublink>search</sublink>
		<sublink>searchsd</sublink>
	</link>
	<thumbnail>https://ia.media-imdb.com/images/M/MV5BYzc5MTU4N2EtYTkyMi00NjdhLTg3NWEtMTY4OTEyMzJhZTAzXkEyXkFqcGdeQXVyNjc1NTYyMjg@._V1_SY1000_SX800_AL_.jpg</thumbnail>
	<fanart/>
</item>
<item>
	<title>Thoroughbreds (2017)</title>
	<meta>
		<content>movie</content>
		<imdb>tt5649108</imdb>
		<title>Thoroughbreds</title>
		<year>2017</year>
	</meta>
	<link>
		<sublink>search</sublink>
		<sublink>searchsd</sublink>
	</link>
	<thumbnail>https://ia.media-imdb.com/images/M/MV5BNDcyNDA4NDAzN15BMl5BanBnXkFtZTgwODQxMDQ5NDM@._V1_SY1000_SX800_AL_.jpg</thumbnail>
	<fanart/>
</item>
<item>
	<title>The Meg (2018)</title>
	<meta>
		<content>movie</content>
		<imdb>tt4779682</imdb>
		<title>The Meg</title>
		<year>2018</year>
	</meta>
	<link>
		<sublink>search</sublink>
		<sublink>searchsd</sublink>
	</link>
	<thumbnail>https://ia.media-imdb.com/images/M/MV5BMzlhZjAyYjktNjg3Ny00YjJkLTgwMTAtODRmZmU5M2VkZjU2XkEyXkFqcGdeQXVyMzk0MjQ0NQ@@._V1_SY1000_SX800_AL_.jpg</thumbnail>
	<fanart/>
</item>
<item>
	<title>Truth or Dare (2018)</title>
	<meta>
		<content>movie</content>
		<imdb>tt6772950</imdb>
		<title>Truth or Dare</title>
		<year>2018</year>
	</meta>
	<link>
		<sublink>search</sublink>
		<sublink>searchsd</sublink>
	</link>
	<thumbnail>https://ia.media-imdb.com/images/M/MV5BNTk2ODQ1NDcwOV5BMl5BanBnXkFtZTgwOTY4NDk0NDM@._V1_SY1000_SX800_AL_.jpg</thumbnail>
	<fanart/>
</item>
<item>
	<title>Fifty Shades Freed (2018)</title>
	<meta>
		<content>movie</content>
		<imdb>tt4477536</imdb>
		<title>Fifty Shades Freed</title>
		<year>2018</year>
	</meta>
	<link>
		<sublink>search</sublink>
		<sublink>searchsd</sublink>
	</link>
	<thumbnail>https://ia.media-imdb.com/images/M/MV5BODI2ZmM5MzMtOWZiMC00ZGE3LTk3MWEtY2U0ZjE3ZWJlNDEzXkEyXkFqcGdeQXVyMTMxODk2OTU@._V1_SY1000_SX800_AL_.jpg</thumbnail>
	<fanart/>
</item>
<item>
	<title>Den of Thieves (2018)</title>
	<meta>
		<content>movie</content>
		<imdb>tt1259528</imdb>
		<title>Den of Thieves</title>
		<year>2018</year>
	</meta>
	<link>
		<sublink>search</sublink>
		<sublink>searchsd</sublink>
	</link>
	<thumbnail>https://ia.media-imdb.com/images/M/MV5BMzYyODcwMDAyM15BMl5BanBnXkFtZTgwOTA4MjIwNDI@._V1_SY1000_SX800_AL_.jpg</thumbnail>
	<fanart/>
</item>
<item>
	<title>The Dark Knight (2008)</title>
	<meta>
		<content>movie</content>
		<imdb>tt0468569</imdb>
		<title>The Dark Knight</title>
		<year>2008</year>
	</meta>
	<link>
		<sublink>search</sublink>
		<sublink>searchsd</sublink>
	</link>
	<thumbnail>https://ia.media-imdb.com/images/M/MV5BMTMxNTMwODM0NF5BMl5BanBnXkFtZTcwODAyMTk2Mw@@._V1_SY1000_SX800_AL_.jpg</thumbnail>
	<fanart/>
</item>
<item>
	<title>Bright (I) (2017)</title>
	<meta>
		<content>movie</content>
		<imdb>tt5519340</imdb>
		<title>Bright</title>
		<year>I 2017</year>
	</meta>
	<link>
		<sublink>search</sublink>
		<sublink>searchsd</sublink>
	</link>
	<thumbnail>https://ia.media-imdb.com/images/M/MV5BMTcyNzk5NDg1Nl5BMl5BanBnXkFtZTgwNTM5MDQxNDM@._V1_SY1000_SX800_AL_.jpg</thumbnail>
	<fanart/>
</item>
<item>
	<title>The Post (2017)</title>
	<meta>
		<content>movie</content>
		<imdb>tt6294822</imdb>
		<title>The Post</title>
		<year>2017</year>
	</meta>
	<link>
		<sublink>search</sublink>
		<sublink>searchsd</sublink>
	</link>
	<thumbnail>https://ia.media-imdb.com/images/M/MV5BMjQyMjEwOTIwNV5BMl5BanBnXkFtZTgwOTkzNTMxNDM@._V1_SY1000_SX800_AL_.jpg</thumbnail>
	<fanart/>
</item>
<item>
	<title>The Killing of a Sacred Deer (2017)</title>
	<meta>
		<content>movie</content>
		<imdb>tt5715874</imdb>
		<title>The Killing of a Sacred Deer</title>
		<year>2017</year>
	</meta>
	<link>
		<sublink>search</sublink>
		<sublink>searchsd</sublink>
	</link>
	<thumbnail>https://ia.media-imdb.com/images/M/MV5BMjU4NDcwOTA2NF5BMl5BanBnXkFtZTgwMjE2OTg4MzI@._V1_SY1000_SX800_AL_.jpg</thumbnail>
	<fanart/>
</item>
<item>
	<title>Inception (2010)</title>
	<meta>
		<content>movie</content>
		<imdb>tt1375666</imdb>
		<title>Inception</title>
		<year>2010</year>
	</meta>
	<link>
		<sublink>search</sublink>
		<sublink>searchsd</sublink>
	</link>
	<thumbnail>https://ia.media-imdb.com/images/M/MV5BMjAxMzY3NjcxNF5BMl5BanBnXkFtZTcwNTI5OTM0Mw@@._V1_SY1000_SX800_AL_.jpg</thumbnail>
	<fanart/>
</item>
<item>
	<title>John Wick: Chapter 2 (2017)</title>
	<meta>
		<content>movie</content>
		<imdb>tt4425200</imdb>
		<title>John Wick: Chapter 2</title>
		<year>2017</year>
	</meta>
	<link>
		<sublink>search</sublink>
		<sublink>searchsd</sublink>
	</link>
	<thumbnail>https://ia.media-imdb.com/images/M/MV5BMjE2NDkxNTY2M15BMl5BanBnXkFtZTgwMDc2NzE0MTI@._V1_SY1000_SX800_AL_.jpg</thumbnail>
	<fanart/>
</item>
<item>
	<title>The Hitman's Bodyguard (2017)</title>
	<meta>
		<content>movie</content>
		<imdb>tt1959563</imdb>
		<title>The Hitman's Bodyguard</title>
		<year>2017</year>
	</meta>
	<link>
		<sublink>search</sublink>
		<sublink>searchsd</sublink>
	</link>
	<thumbnail>https://ia.media-imdb.com/images/M/MV5BMjQ5NjA2NDg1MV5BMl5BanBnXkFtZTgwMDAzNDc4MjI@._V1_SY1000_SX800_AL_.jpg</thumbnail>
	<fanart/>
</item>
<item>
	<title>John Wick (2014)</title>
	<meta>
		<content>movie</content>
		<imdb>tt2911666</imdb>
		<title>John Wick</title>
		<year>2014</year>
	</meta>
	<link>
		<sublink>search</sublink>
		<sublink>searchsd</sublink>
	</link>
	<thumbnail>https://ia.media-imdb.com/images/M/MV5BMTU2NjA1ODgzMF5BMl5BanBnXkFtZTgwMTM2MTI4MjE@._V1_SY1000_SX800_AL_.jpg</thumbnail>
	<fanart/>
</item>
<dir>
	<title>[COLOR white]Next Page >>[/COLOR]</title>
	<imdburl>http://www.imdb.com/search/title?title_type=feature&genres=thriller&groups=top_250/items&page=2&ref_=adv_nxt</imdburl>
	<thumbnail>https://image.ibb.co/gtsNjw/next.png</thumbnail>
</dir>
