<item>
	<title>Annihilation (2018)</title>
	<meta>
		<content>movie</content>
		<imdb>tt2798920</imdb>
		<title>Annihilation</title>
		<year>2018</year>
	</meta>
	<link>
		<sublink>search</sublink>
		<sublink>searchsd</sublink>
	</link>
	<thumbnail>https://ia.media-imdb.com/images/M/MV5BMTk2Mjc2NzYxNl5BMl5BanBnXkFtZTgwMTA2OTA1NDM@._V1_SY1000_SX800_AL_.jpg</thumbnail>
	<fanart/>
</item>
<item>
	<title>The Shape of Water (2017)</title>
	<meta>
		<content>movie</content>
		<imdb>tt5580390</imdb>
		<title>The Shape of Water</title>
		<year>2017</year>
	</meta>
	<link>
		<sublink>search</sublink>
		<sublink>searchsd</sublink>
	</link>
	<thumbnail>https://ia.media-imdb.com/images/M/MV5BNGNiNWQ5M2MtNGI0OC00MDA2LWI5NzEtMmZiYjVjMDEyOWYzXkEyXkFqcGdeQXVyMjM4NTM5NDY@._V1_SY1000_SX800_AL_.jpg</thumbnail>
	<fanart/>
</item>
<item>
	<title>A Quiet Place (2018)</title>
	<meta>
		<content>movie</content>
		<imdb>tt6644200</imdb>
		<title>A Quiet Place</title>
		<year>2018</year>
	</meta>
	<link>
		<sublink>search</sublink>
		<sublink>searchsd</sublink>
	</link>
	<thumbnail>https://ia.media-imdb.com/images/M/MV5BMjI0MDMzNTQ0M15BMl5BanBnXkFtZTgwMTM5NzM3NDM@._V1_SY1000_SX800_AL_.jpg</thumbnail>
	<fanart/>
</item>
<item>
	<title>Unsane (2018)</title>
	<meta>
		<content>movie</content>
		<imdb>tt7153766</imdb>
		<title>Unsane</title>
		<year>2018</year>
	</meta>
	<link>
		<sublink>search</sublink>
		<sublink>searchsd</sublink>
	</link>
	<thumbnail>https://ia.media-imdb.com/images/M/MV5BNTYzMDYzMzA1MV5BMl5BanBnXkFtZTgwODUzODg2NDM@._V1_SY1000_SX800_AL_.jpg</thumbnail>
	<fanart/>
</item>
<item>
	<title>Get Out (I) (2017)</title>
	<meta>
		<content>movie</content>
		<imdb>tt5052448</imdb>
		<title>Get Out</title>
		<year>I 2017</year>
	</meta>
	<link>
		<sublink>search</sublink>
		<sublink>searchsd</sublink>
	</link>
	<thumbnail>https://ia.media-imdb.com/images/M/MV5BMjUxMDQwNjcyNl5BMl5BanBnXkFtZTgwNzcwMzc0MTI@._V1_SY1000_SX800_AL_.jpg</thumbnail>
	<fanart/>
</item>
<item>
	<title>The Strangers: Prey at Night (2018)</title>
	<meta>
		<content>movie</content>
		<imdb>tt1285009</imdb>
		<title>The Strangers: Prey at Night</title>
		<year>2018</year>
	</meta>
	<link>
		<sublink>search</sublink>
		<sublink>searchsd</sublink>
	</link>
	<thumbnail>https://ia.media-imdb.com/images/M/MV5BMTY1OTIwODgzMV5BMl5BanBnXkFtZTgwMzUyMDgzNDM@._V1_SY1000_SX800_AL_.jpg</thumbnail>
	<fanart/>
</item>
<item>
	<title>Verónica (I) (2017)</title>
	<meta>
		<content>movie</content>
		<imdb>tt5862312</imdb>
		<title>Verónica</title>
		<year>I 2017</year>
	</meta>
	<link>
		<sublink>search</sublink>
		<sublink>searchsd</sublink>
	</link>
	<thumbnail>https://ia.media-imdb.com/images/M/MV5BMmRkMDQzYzItZDFhMS00YzM1LTk0ZGMtZmExMzdiNzEwOTE4XkEyXkFqcGdeQXVyMTMxODk2OTU@._V1_UY98_CR1,0,67,98_AL_.jpg</thumbnail>
	<fanart/>
</item>
<item>
	<title>It (I) (2017)</title>
	<meta>
		<content>movie</content>
		<imdb>tt1396484</imdb>
		<title>It</title>
		<year>I 2017</year>
	</meta>
	<link>
		<sublink>search</sublink>
		<sublink>searchsd</sublink>
	</link>
	<thumbnail>https://ia.media-imdb.com/images/M/MV5BZDVkZmI0YzAtNzdjYi00ZjhhLWE1ODEtMWMzMWMzNDA0NmQ4XkEyXkFqcGdeQXVyNzYzODM3Mzg@._V1_SY1000_SX800_AL_.jpg</thumbnail>
	<fanart/>
</item>
<item>
	<title>Insidious: The Last Key (2018)</title>
	<meta>
		<content>movie</content>
		<imdb>tt5726086</imdb>
		<title>Insidious: The Last Key</title>
		<year>2018</year>
	</meta>
	<link>
		<sublink>search</sublink>
		<sublink>searchsd</sublink>
	</link>
	<thumbnail>https://ia.media-imdb.com/images/M/MV5BMTUxODU0NjQ2Nl5BMl5BanBnXkFtZTgwMTc4NDQ0MzI@._V1_SY1000_SX800_AL_.jpg</thumbnail>
	<fanart/>
</item>
<item>
	<title>The Predator (2018)</title>
	<meta>
		<content>movie</content>
		<imdb>tt3829266</imdb>
		<title>The Predator</title>
		<year>2018</year>
	</meta>
	<link>
		<sublink>search</sublink>
		<sublink>searchsd</sublink>
	</link>
	<thumbnail>https://ia.media-imdb.com/images/M/MV5BMTM1MjUxNmEtNzA4Zi00N2U3LTliMjItYzg4ZjYxOWE1MDMzXkEyXkFqcGdeQXVyNjQyMDMzNzc@._V1_SY1000_SX800_AL_.jpg</thumbnail>
	<fanart/>
</item>
<item>
	<title>Venom (2018)</title>
	<meta>
		<content>movie</content>
		<imdb>tt1270797</imdb>
		<title>Venom</title>
		<year>2018</year>
	</meta>
	<link>
		<sublink>search</sublink>
		<sublink>searchsd</sublink>
	</link>
	<thumbnail>https://ia.media-imdb.com/images/M/MV5BMjQ4NTIyNDEwOF5BMl5BanBnXkFtZTgwMDY0OTU3NDM@._V1_SY1000_SX800_AL_.jpg</thumbnail>
	<fanart/>
</item>
<item>
	<title>Halloween (I) (2018)</title>
	<meta>
		<content>movie</content>
		<imdb>tt1502407</imdb>
		<title>Halloween</title>
		<year>I 2018</year>
	</meta>
	<link>
		<sublink>search</sublink>
		<sublink>searchsd</sublink>
	</link>
	<thumbnail>https://ia.media-imdb.com/images/M/MV5BNzgyNTc2NzEyNl5BMl5BanBnXkFtZTgwNzY0NjU1MzI@._V1_UY98_CR15,0,67,98_AL_.jpg</thumbnail>
	<fanart/>
</item>
<item>
	<title>Alien: Covenant (2017)</title>
	<meta>
		<content>movie</content>
		<imdb>tt2316204</imdb>
		<title>Alien: Covenant</title>
		<year>2017</year>
	</meta>
	<link>
		<sublink>search</sublink>
		<sublink>searchsd</sublink>
	</link>
	<thumbnail>https://ia.media-imdb.com/images/M/MV5BNzI5MzM3MzkxNF5BMl5BanBnXkFtZTgwOTkyMjI4MTI@._V1_SY1000_SX800_AL_.jpg</thumbnail>
	<fanart/>
</item>
<item>
	<title>The Meg (2018)</title>
	<meta>
		<content>movie</content>
		<imdb>tt4779682</imdb>
		<title>The Meg</title>
		<year>2018</year>
	</meta>
	<link>
		<sublink>search</sublink>
		<sublink>searchsd</sublink>
	</link>
	<thumbnail>https://ia.media-imdb.com/images/M/MV5BMzlhZjAyYjktNjg3Ny00YjJkLTgwMTAtODRmZmU5M2VkZjU2XkEyXkFqcGdeQXVyMzk0MjQ0NQ@@._V1_SY1000_SX800_AL_.jpg</thumbnail>
	<fanart/>
</item>
<item>
	<title>Mother! (2017)</title>
	<meta>
		<content>movie</content>
		<imdb>tt5109784</imdb>
		<title>Mother!</title>
		<year>2017</year>
	</meta>
	<link>
		<sublink>search</sublink>
		<sublink>searchsd</sublink>
	</link>
	<thumbnail>https://ia.media-imdb.com/images/M/MV5BMzc5ODExODE0MV5BMl5BanBnXkFtZTgwNDkzNDUxMzI@._V1_SY1000_SX800_AL_.jpg</thumbnail>
	<fanart/>
</item>
<item>
	<title>Truth or Dare (2018)</title>
	<meta>
		<content>movie</content>
		<imdb>tt6772950</imdb>
		<title>Truth or Dare</title>
		<year>2018</year>
	</meta>
	<link>
		<sublink>search</sublink>
		<sublink>searchsd</sublink>
	</link>
	<thumbnail>https://ia.media-imdb.com/images/M/MV5BNTk2ODQ1NDcwOV5BMl5BanBnXkFtZTgwOTY4NDk0NDM@._V1_SY1000_SX800_AL_.jpg</thumbnail>
	<fanart/>
</item>
<item>
	<title>The Ritual (I) (2017)</title>
	<meta>
		<content>movie</content>
		<imdb>tt5638642</imdb>
		<title>The Ritual</title>
		<year>I 2017</year>
	</meta>
	<link>
		<sublink>search</sublink>
		<sublink>searchsd</sublink>
	</link>
	<thumbnail>https://ia.media-imdb.com/images/M/MV5BMjAzMzAyMDI4Ml5BMl5BanBnXkFtZTgwODMwOTY2NDM@._V1_SY1000_SX800_AL_.jpg</thumbnail>
	<fanart/>
</item>
<item>
	<title>Winchester (2018)</title>
	<meta>
		<content>movie</content>
		<imdb>tt1072748</imdb>
		<title>Winchester</title>
		<year>2018</year>
	</meta>
	<link>
		<sublink>search</sublink>
		<sublink>searchsd</sublink>
	</link>
	<thumbnail>https://ia.media-imdb.com/images/M/MV5BMjI2OWE5OGItMTE4Yi00ZmIzLThjZDctNTU1OTMxMTc3Yjg4XkEyXkFqcGdeQXVyMjM4NTM5NDY@._V1_SY1000_SX800_AL_.jpg</thumbnail>
	<fanart/>
</item>
<item>
	<title>Split (IX) (2016)</title>
	<meta>
		<content>movie</content>
		<imdb>tt4972582</imdb>
		<title>Split</title>
		<year>IX 2016</year>
	</meta>
	<link>
		<sublink>search</sublink>
		<sublink>searchsd</sublink>
	</link>
	<thumbnail>https://ia.media-imdb.com/images/M/MV5BZTJiNGM2NjItNDRiYy00ZjY0LTgwNTItZDBmZGRlODQ4YThkL2ltYWdlXkEyXkFqcGdeQXVyMjY5ODI4NDk@._V1_SY1000_SX800_AL_.jpg</thumbnail>
	<fanart/>
</item>
<item>
	<title>The Cloverfield Paradox (2018)</title>
	<meta>
		<content>movie</content>
		<imdb>tt2548396</imdb>
		<title>The Cloverfield Paradox</title>
		<year>2018</year>
	</meta>
	<link>
		<sublink>search</sublink>
		<sublink>searchsd</sublink>
	</link>
	<thumbnail>https://ia.media-imdb.com/images/M/MV5BMTAwOTIxMDA0MjZeQTJeQWpwZ15BbWU4MDg1MjgzNzQz._V1_UX67_CR0,0,67,98_AL_.jpg</thumbnail>
	<fanart/>
</item>
<item>
	<title>It Comes at Night (2017)</title>
	<meta>
		<content>movie</content>
		<imdb>tt4695012</imdb>
		<title>It Comes at Night</title>
		<year>2017</year>
	</meta>
	<link>
		<sublink>search</sublink>
		<sublink>searchsd</sublink>
	</link>
	<thumbnail>https://ia.media-imdb.com/images/M/MV5BMjQ3MDA0ODA2N15BMl5BanBnXkFtZTgwNzg0NzgwMjI@._V1_SY1000_SX800_AL_.jpg</thumbnail>
	<fanart/>
</item>
<item>
	<title>Jigsaw (I) (2017)</title>
	<meta>
		<content>movie</content>
		<imdb>tt3348730</imdb>
		<title>Jigsaw</title>
		<year>I 2017</year>
	</meta>
	<link>
		<sublink>search</sublink>
		<sublink>searchsd</sublink>
	</link>
	<thumbnail>https://ia.media-imdb.com/images/M/MV5BNmRiZDM4ZmMtOTVjMi00YTNlLTkyNjMtMjI2OTAxNjgwMWM1XkEyXkFqcGdeQXVyMjMxOTE0ODA@._V1_SY1000_SX800_AL_.jpg</thumbnail>
	<fanart/>
</item>
<item>
	<title>Leprechaun (1993)</title>
	<meta>
		<content>movie</content>
		<imdb>tt0107387</imdb>
		<title>Leprechaun</title>
		<year>1993</year>
	</meta>
	<link>
		<sublink>search</sublink>
		<sublink>searchsd</sublink>
	</link>
	<thumbnail>https://ia.media-imdb.com/images/M/MV5BNTVhY2JhNzgtYzQxZS00YmEzLTk3ODQtZjlkYzVkN2E5MGU5XkEyXkFqcGdeQXVyMTQxNzMzNDI@._V1_SY1000_SX800_AL_.jpg</thumbnail>
	<fanart/>
</item>
<item>
	<title>The Strangers (2008)</title>
	<meta>
		<content>movie</content>
		<imdb>tt0482606</imdb>
		<title>The Strangers</title>
		<year>2008</year>
	</meta>
	<link>
		<sublink>search</sublink>
		<sublink>searchsd</sublink>
	</link>
	<thumbnail>https://ia.media-imdb.com/images/M/MV5BMTkxODAyODMwNV5BMl5BanBnXkFtZTcwNzk5Nzk2MQ@@._V1_SY1000_SX800_AL_.jpg</thumbnail>
	<fanart/>
</item>
<item>
	<title>Grave (II) (2016)</title>
	<meta>
		<content>movie</content>
		<imdb>tt4954522</imdb>
		<title>Grave</title>
		<year>II 2016</year>
	</meta>
	<link>
		<sublink>search</sublink>
		<sublink>searchsd</sublink>
	</link>
	<thumbnail>https://ia.media-imdb.com/images/M/MV5BMjMwM2EyY2MtZDI5Mi00MWViLWI1Y2EtZDk0Y2EzODYyM2Q3L2ltYWdlL2ltYWdlXkEyXkFqcGdeQXVyMzQ5ODU1MQ@@._V1_UY98_CR2,0,67,98_AL_.jpg</thumbnail>
	<fanart/>
</item>
<item>
	<title>The VVitch: A New-England Folktale (2015)</title>
	<meta>
		<content>movie</content>
		<imdb>tt4263482</imdb>
		<title>The VVitch: A New-England Folktale</title>
		<year>2015</year>
	</meta>
	<link>
		<sublink>search</sublink>
		<sublink>searchsd</sublink>
	</link>
	<thumbnail>https://ia.media-imdb.com/images/M/MV5BMTUyNzkwMzAxOF5BMl5BanBnXkFtZTgwMzc1OTk1NjE@._V1_SY1000_SX800_AL_.jpg</thumbnail>
	<fanart/>
</item>
<item>
	<title>Marrowbone (2017)</title>
	<meta>
		<content>movie</content>
		<imdb>tt5886440</imdb>
		<title>Marrowbone</title>
		<year>2017</year>
	</meta>
	<link>
		<sublink>search</sublink>
		<sublink>searchsd</sublink>
	</link>
	<thumbnail>https://ia.media-imdb.com/images/M/MV5BMzA5NDM1MjMzNl5BMl5BanBnXkFtZTgwNDUyMTA4NDM@._V1_SY1000_SX800_AL_.jpg</thumbnail>
	<fanart/>
</item>
<item>
	<title>Annabelle: Creation (2017)</title>
	<meta>
		<content>movie</content>
		<imdb>tt5140878</imdb>
		<title>Annabelle: Creation</title>
		<year>2017</year>
	</meta>
	<link>
		<sublink>search</sublink>
		<sublink>searchsd</sublink>
	</link>
	<thumbnail>https://ia.media-imdb.com/images/M/MV5BMjA1MzIwMjMxNF5BMl5BanBnXkFtZTgwMDQ3NTc2MjI@._V1_SY1000_SX800_AL_.jpg</thumbnail>
	<fanart/>
</item>
<item>
	<title>It: Chapter Two (2019)</title>
	<meta>
		<content>movie</content>
		<imdb>tt7349950</imdb>
		<title>It: Chapter Two</title>
		<year>2019</year>
	</meta>
	<link>
		<sublink>search</sublink>
		<sublink>searchsd</sublink>
	</link>
	<thumbnail>https://ia.media-imdb.com/images/M/MV5BOWMzYTA2NzItMjZhOS00YjM1LTljNmUtMTkxNGI2N2VmYTkzXkEyXkFqcGdeQXVyODE3MDA4ODE@._V1_UY98_CR40,0,67,98_AL_.jpg</thumbnail>
	<fanart/>
</item>
<item>
	<title>Psycho (1960)</title>
	<meta>
		<content>movie</content>
		<imdb>tt0054215</imdb>
		<title>Psycho</title>
		<year>1960</year>
	</meta>
	<link>
		<sublink>search</sublink>
		<sublink>searchsd</sublink>
	</link>
	<thumbnail>https://ia.media-imdb.com/images/M/MV5BOWQ0MjRmZmUtY2Q2Yi00ODcxLWE4NGMtMTNjMDY1YmUzMjVkXkEyXkFqcGdeQXVyNjc1NTYyMjg@._V1_SY1000_SX800_AL_.jpg</thumbnail>
	<fanart/>
</item>
<item>
	<title>Alien (1979)</title>
	<meta>
		<content>movie</content>
		<imdb>tt0078748</imdb>
		<title>Alien</title>
		<year>1979</year>
	</meta>
	<link>
		<sublink>search</sublink>
		<sublink>searchsd</sublink>
	</link>
	<thumbnail>https://ia.media-imdb.com/images/M/MV5BNDNhN2IxZWItNGEwYS00ZDNhLThiM2UtODU3NWJlZjBkYjQxXkEyXkFqcGdeQXVyMTQxNzMzNDI@._V1_SY1000_SX800_AL_.jpg</thumbnail>
	<fanart/>
</item>
<item>
	<title>The Dark Tower (2017)</title>
	<meta>
		<content>movie</content>
		<imdb>tt1648190</imdb>
		<title>The Dark Tower</title>
		<year>2017</year>
	</meta>
	<link>
		<sublink>search</sublink>
		<sublink>searchsd</sublink>
	</link>
	<thumbnail>https://ia.media-imdb.com/images/M/MV5BMTU3MjUwMzQ3MF5BMl5BanBnXkFtZTgwMjcwNjkxMjI@._V1_SY1000_SX800_AL_.jpg</thumbnail>
	<fanart/>
</item>
<item>
	<title>Happy Death Day (2017)</title>
	<meta>
		<content>movie</content>
		<imdb>tt5308322</imdb>
		<title>Happy Death Day</title>
		<year>2017</year>
	</meta>
	<link>
		<sublink>search</sublink>
		<sublink>searchsd</sublink>
	</link>
	<thumbnail>https://ia.media-imdb.com/images/M/MV5BMTk0ODMyNjk1NF5BMl5BanBnXkFtZTgwNDkxOTk4MzI@._V1_SY1000_SX800_AL_.jpg</thumbnail>
	<fanart/>
</item>
<item>
	<title>The Shining (1980)</title>
	<meta>
		<content>movie</content>
		<imdb>tt0081505</imdb>
		<title>The Shining</title>
		<year>1980</year>
	</meta>
	<link>
		<sublink>search</sublink>
		<sublink>searchsd</sublink>
	</link>
	<thumbnail>https://ia.media-imdb.com/images/M/MV5BZWFlYmY2MGEtZjVkYS00YzU4LTg0YjQtYzY1ZGE3NTA5NGQxXkEyXkFqcGdeQXVyMTQxNzMzNDI@._V1_SY1000_SX800_AL_.jpg</thumbnail>
	<fanart/>
</item>
<item>
	<title>Hereditary (2018)</title>
	<meta>
		<content>movie</content>
		<imdb>tt7784604</imdb>
		<title>Hereditary</title>
		<year>2018</year>
	</meta>
	<link>
		<sublink>search</sublink>
		<sublink>searchsd</sublink>
	</link>
	<thumbnail>https://ia.media-imdb.com/images/M/MV5BOTI1NDA2MzM5M15BMl5BanBnXkFtZTgwOTk3NzY2NDM@._V1_SY1000_SX800_AL_.jpg</thumbnail>
	<fanart/>
</item>
<item>
	<title>47 Meters Down (2017)</title>
	<meta>
		<content>movie</content>
		<imdb>tt2932536</imdb>
		<title>47 Meters Down</title>
		<year>2017</year>
	</meta>
	<link>
		<sublink>search</sublink>
		<sublink>searchsd</sublink>
	</link>
	<thumbnail>https://ia.media-imdb.com/images/M/MV5BOGJlNDJkZmEtMjUwNS00ZWViLWIyZGEtN2Y5ZjZlNDE1NWJkXkEyXkFqcGdeQXVyNDg2MjUxNjM@._V1_SY1000_SX800_AL_.jpg</thumbnail>
	<fanart/>
</item>
<item>
	<title>Life (I) (2017)</title>
	<meta>
		<content>movie</content>
		<imdb>tt5442430</imdb>
		<title>Life</title>
		<year>I 2017</year>
	</meta>
	<link>
		<sublink>search</sublink>
		<sublink>searchsd</sublink>
	</link>
	<thumbnail>https://ia.media-imdb.com/images/M/MV5BMzAwMmQxNTctYjVmYi00MDdlLWEzMWUtOTE5NTRiNDhhNjI2L2ltYWdlXkEyXkFqcGdeQXVyMTkxNjUyNQ@@._V1_SY1000_SX800_AL_.jpg</thumbnail>
	<fanart/>
</item>
<item>
	<title>Insidious (I) (2010)</title>
	<meta>
		<content>movie</content>
		<imdb>tt1591095</imdb>
		<title>Insidious</title>
		<year>I 2010</year>
	</meta>
	<link>
		<sublink>search</sublink>
		<sublink>searchsd</sublink>
	</link>
	<thumbnail>https://ia.media-imdb.com/images/M/MV5BMTYyOTAxMDA0OF5BMl5BanBnXkFtZTcwNzgwNTc1NA@@._V1_SY1000_SX800_AL_.jpg</thumbnail>
	<fanart/>
</item>
<item>
	<title>What We Do in the Shadows (2014)</title>
	<meta>
		<content>movie</content>
		<imdb>tt3416742</imdb>
		<title>What We Do in the Shadows</title>
		<year>2014</year>
	</meta>
	<link>
		<sublink>search</sublink>
		<sublink>searchsd</sublink>
	</link>
	<thumbnail>https://ia.media-imdb.com/images/M/MV5BMjAwNDA5NzEwM15BMl5BanBnXkFtZTgwMTA1MDUyNDE@._V1_SY1000_SX800_AL_.jpg</thumbnail>
	<fanart/>
</item>
<item>
	<title>The Babysitter (I) (2017)</title>
	<meta>
		<content>movie</content>
		<imdb>tt4225622</imdb>
		<title>The Babysitter</title>
		<year>I 2017</year>
	</meta>
	<link>
		<sublink>search</sublink>
		<sublink>searchsd</sublink>
	</link>
	<thumbnail>https://ia.media-imdb.com/images/M/MV5BMTY0MDUwNzg5OV5BMl5BanBnXkFtZTgwNTY4NjU3MzI@._V1_SY1000_SX800_AL_.jpg</thumbnail>
	<fanart/>
</item>
<item>
	<title>Gerald's Game (2017)</title>
	<meta>
		<content>movie</content>
		<imdb>tt3748172</imdb>
		<title>Gerald's Game</title>
		<year>2017</year>
	</meta>
	<link>
		<sublink>search</sublink>
		<sublink>searchsd</sublink>
	</link>
	<thumbnail>https://ia.media-imdb.com/images/M/MV5BMzg0NGE0N2MtYTg1My00NTBkLWI5NjEtZTgyMDA0MTU4MmIyXkEyXkFqcGdeQXVyMTU2NTcyMg@@._V1_SY1000_SX800_AL_.jpg</thumbnail>
	<fanart/>
</item>
<item>
	<title>It Follows (2014)</title>
	<meta>
		<content>movie</content>
		<imdb>tt3235888</imdb>
		<title>It Follows</title>
		<year>2014</year>
	</meta>
	<link>
		<sublink>search</sublink>
		<sublink>searchsd</sublink>
	</link>
	<thumbnail>https://ia.media-imdb.com/images/M/MV5BMmU0MjBlYzYtZWY0MC00MjliLWI3ZmUtMzhlZDVjMWVmYWY4XkEyXkFqcGdeQXVyMTQxNzMzNDI@._V1_SY1000_SX800_AL_.jpg</thumbnail>
	<fanart/>
</item>
<item>
	<title>Cold Skin (2017)</title>
	<meta>
		<content>movie</content>
		<imdb>tt1034385</imdb>
		<title>Cold Skin</title>
		<year>2017</year>
	</meta>
	<link>
		<sublink>search</sublink>
		<sublink>searchsd</sublink>
	</link>
	<thumbnail>https://ia.media-imdb.com/images/M/MV5BOGE1YjI0MjgtMTAwYy00NDliLTlkZjEtOWJhMzg1YjJhNWVhXkEyXkFqcGdeQXVyNDU1NTM1NDU@._V1_UY98_CR1,0,67,98_AL_.jpg</thumbnail>
	<fanart/>
</item>
<item>
	<title>The Conjuring (2013)</title>
	<meta>
		<content>movie</content>
		<imdb>tt1457767</imdb>
		<title>The Conjuring</title>
		<year>2013</year>
	</meta>
	<link>
		<sublink>search</sublink>
		<sublink>searchsd</sublink>
	</link>
	<thumbnail>https://ia.media-imdb.com/images/M/MV5BMTM3NjA1NDMyMV5BMl5BanBnXkFtZTcwMDQzNDMzOQ@@._V1_SY1000_SX800_AL_.jpg</thumbnail>
	<fanart/>
</item>
<item>
	<title>Dracula (1992)</title>
	<meta>
		<content>movie</content>
		<imdb>tt0103874</imdb>
		<title>Dracula</title>
		<year>1992</year>
	</meta>
	<link>
		<sublink>search</sublink>
		<sublink>searchsd</sublink>
	</link>
	<thumbnail>https://ia.media-imdb.com/images/M/MV5BMTYyOTM5NzU3Nl5BMl5BanBnXkFtZTgwOTQxNjAxNzE@._V1_UY98_CR1,0,67,98_AL_.jpg</thumbnail>
	<fanart/>
</item>
<item>
	<title>My Friend Dahmer (2017)</title>
	<meta>
		<content>movie</content>
		<imdb>tt2291540</imdb>
		<title>My Friend Dahmer</title>
		<year>2017</year>
	</meta>
	<link>
		<sublink>search</sublink>
		<sublink>searchsd</sublink>
	</link>
	<thumbnail>https://ia.media-imdb.com/images/M/MV5BN2UxZDJlYjAtNGQ0OC00MWE4LTkzMjktMDAyNTg2ZTVkZjQ1XkEyXkFqcGdeQXVyMTc2MDc0Nw@@._V1_SY1000_SX800_AL_.jpg</thumbnail>
	<fanart/>
</item>
<item>
	<title>Pride and Prejudice and Zombies (2016)</title>
	<meta>
		<content>movie</content>
		<imdb>tt1374989</imdb>
		<title>Pride and Prejudice and Zombies</title>
		<year>2016</year>
	</meta>
	<link>
		<sublink>search</sublink>
		<sublink>searchsd</sublink>
	</link>
	<thumbnail>https://ia.media-imdb.com/images/M/MV5BMjE1MzA3NzYxMl5BMl5BanBnXkFtZTgwMzQ0NDA5NzE@._V1_SY1000_SX800_AL_.jpg</thumbnail>
	<fanart/>
</item>
<item>
	<title>The Cabin in the Woods (2012)</title>
	<meta>
		<content>movie</content>
		<imdb>tt1259521</imdb>
		<title>The Cabin in the Woods</title>
		<year>2012</year>
	</meta>
	<link>
		<sublink>search</sublink>
		<sublink>searchsd</sublink>
	</link>
	<thumbnail>https://ia.media-imdb.com/images/M/MV5BNTUxNzYyMjg2N15BMl5BanBnXkFtZTcwMTExNzExNw@@._V1_SY1000_SX800_AL_.jpg</thumbnail>
	<fanart/>
</item>
<item>
	<title>The Endless (I) (2017)</title>
	<meta>
		<content>movie</content>
		<imdb>tt3986820</imdb>
		<title>The Endless</title>
		<year>I 2017</year>
	</meta>
	<link>
		<sublink>search</sublink>
		<sublink>searchsd</sublink>
	</link>
	<thumbnail>https://ia.media-imdb.com/images/M/MV5BNjA5OTI1MjgwMl5BMl5BanBnXkFtZTgwMDU2NzY2NDM@._V1_SY1000_SX800_AL_.jpg</thumbnail>
	<fanart/>
</item>
<item>
	<title>10 Cloverfield Lane (2016)</title>
	<meta>
		<content>movie</content>
		<imdb>tt1179933</imdb>
		<title>10 Cloverfield Lane</title>
		<year>2016</year>
	</meta>
	<link>
		<sublink>search</sublink>
		<sublink>searchsd</sublink>
	</link>
	<thumbnail>https://ia.media-imdb.com/images/M/MV5BMjEzMjczOTIxMV5BMl5BanBnXkFtZTgwOTUwMjI3NzE@._V1_SY1000_SX800_AL_.jpg</thumbnail>
	<fanart/>
</item>
<dir>
	<title>[COLOR white]Next Page >>[/COLOR]</title>
	<imdburl>http://www.imdb.com/search/title?title_type=feature&genres=horror&groups=top_250/items&page=2&ref_=adv_nxt</imdburl>
	<thumbnail>https://image.ibb.co/gtsNjw/next.png</thumbnail>
</dir>
