<item>
	<title>Frozen</title>
	<meta>
		<content>movie</content>
		<imdb>tt2294629</imdb>
		<title>Frozen</title>
		<year>2013</year>
	</meta>
	<link>
		<sublink>search</sublink>
		<sublink>searchsd</sublink>
	</link>
	<thumbnail>https://image.tmdb.org/t/p/w1280//jIjdFXKUNtdf1bwqMrhearpyjMj.jpg</thumbnail>
	<fanart>https://image.tmdb.org/t/p/w1280//cAhCDpAq80QCeQvHytY9JkBalpH.jpg</fanart>
</item>
<item>
	<title>Up</title>
	<meta>
		<content>movie</content>
		<imdb>tt1049413</imdb>
		<title>Up</title>
		<year>2009</year>
	</meta>
	<link>
		<sublink>search</sublink>
		<sublink>searchsd</sublink>
	</link>
	<thumbnail>https://image.tmdb.org/t/p/w1280//nk11pvocdb5zbFhX5oq5YiLPYMo.jpg</thumbnail>
	<fanart>https://image.tmdb.org/t/p/w1280//owByaQiAlauEZy6hLd6dwsY4QHf.jpg</fanart>
</item>
<item>
	<title>WALL*E</title>
	<meta>
		<content>movie</content>
		<imdb>tt0910970</imdb>
		<title>WALL*E</title>
		<year>2008</year>
	</meta>
	<link>
		<sublink>search</sublink>
		<sublink>searchsd</sublink>
	</link>
	<thumbnail>https://image.tmdb.org/t/p/w1280//9cJETuLMc6R0bTWRA5i7ctY9bxk.jpg</thumbnail>
	<fanart>https://image.tmdb.org/t/p/w1280//2nFyTvssbtJMLC6eyYwwZ88gALD.jpg</fanart>
</item>
<item>
	<title>Despicable Me</title>
	<meta>
		<content>movie</content>
		<imdb>tt1323594</imdb>
		<title>Despicable Me</title>
		<year>2010</year>
	</meta>
	<link>
		<sublink>search</sublink>
		<sublink>searchsd</sublink>
	</link>
	<thumbnail>https://image.tmdb.org/t/p/w1280//4zHJhBSY4kNZXfhTlmy2TzXD51M.jpg</thumbnail>
	<fanart>https://image.tmdb.org/t/p/w1280//yo1ef57MEPkEE4BDZKTZGH9uDcX.jpg</fanart>
</item>
<item>
	<title>Back to the Future</title>
	<meta>
		<content>movie</content>
		<imdb>tt0088763</imdb>
		<title>Back to the Future</title>
		<year>1985</year>
	</meta>
	<link>
		<sublink>search</sublink>
		<sublink>searchsd</sublink>
	</link>
	<thumbnail>https://image.tmdb.org/t/p/w1280//pTpxQB1N0waaSc3OSn0e9oc8kx9.jpg</thumbnail>
	<fanart>https://image.tmdb.org/t/p/w1280//x4N74cycZvKu5k3KDERJay4ajR3.jpg</fanart>
</item>
<item>
	<title>Monsters, Inc.</title>
	<meta>
		<content>movie</content>
		<imdb>tt0198781</imdb>
		<title>Monsters, Inc.</title>
		<year>2001</year>
	</meta>
	<link>
		<sublink>search</sublink>
		<sublink>searchsd</sublink>
	</link>
	<thumbnail>https://image.tmdb.org/t/p/w1280//93Y9BGx8blzmZOPSoivkFfaifqU.jpg</thumbnail>
	<fanart>https://image.tmdb.org/t/p/w1280//eKBUYeSgGVvztO2MZxD5YMcz6kv.jpg</fanart>
</item>
<item>
	<title>Toy Story</title>
	<meta>
		<content>movie</content>
		<imdb>tt0114709</imdb>
		<title>Toy Story</title>
		<year>1995</year>
	</meta>
	<link>
		<sublink>search</sublink>
		<sublink>searchsd</sublink>
	</link>
	<thumbnail>https://image.tmdb.org/t/p/w1280//rhIRbceoE9lR4veEXuwCC2wARtG.jpg</thumbnail>
	<fanart>https://image.tmdb.org/t/p/w1280//dji4Fm0gCDVb9DQQMRvAI8YNnTz.jpg</fanart>
</item>
<item>
	<title>How to Train Your Dragon</title>
	<meta>
		<content>movie</content>
		<imdb>tt0892769</imdb>
		<title>How to Train Your Dragon</title>
		<year>2010</year>
	</meta>
	<link>
		<sublink>search</sublink>
		<sublink>searchsd</sublink>
	</link>
	<thumbnail>https://image.tmdb.org/t/p/w1280//hIXX3IRFy0InUOmYeWjvhCAgQNj.jpg</thumbnail>
	<fanart>https://image.tmdb.org/t/p/w1280//3eR9HOkPZUbrGWDRdKHeKoiMLc4.jpg</fanart>
</item>
<item>
	<title>The Lion King</title>
	<meta>
		<content>movie</content>
		<imdb>tt0110357</imdb>
		<title>The Lion King</title>
		<year>1994</year>
	</meta>
	<link>
		<sublink>search</sublink>
		<sublink>searchsd</sublink>
	</link>
	<thumbnail>https://image.tmdb.org/t/p/w1280//bKPtXn9n4M4s8vvZrbw40mYsefB.jpg</thumbnail>
	<fanart>https://image.tmdb.org/t/p/w1280//klI0K4oQMsLhHdjA9Uw8WLugk9v.jpg</fanart>
</item>
<item>
	<title>Despicable Me 2</title>
	<meta>
		<content>movie</content>
		<imdb>tt1690953</imdb>
		<title>Despicable Me 2</title>
		<year>2013</year>
	</meta>
	<link>
		<sublink>search</sublink>
		<sublink>searchsd</sublink>
	</link>
	<thumbnail>https://image.tmdb.org/t/p/w1280//kQrYyZQHkwkUg2KlUDyvymj9FAp.jpg</thumbnail>
	<fanart>https://image.tmdb.org/t/p/w1280//rmgxcw8tGTmdhsWqdjGBS9uI1tO.jpg</fanart>
</item>
<item>
	<title>Harry Potter and the Philosopher's Stone</title>
	<meta>
		<content>movie</content>
		<imdb>tt0241527</imdb>
		<title>Harry Potter and the Philosopher's Stone</title>
		<year>2001</year>
	</meta>
	<link>
		<sublink>search</sublink>
		<sublink>searchsd</sublink>
	</link>
	<thumbnail>https://image.tmdb.org/t/p/w1280//dCtFvscYcXQKTNvyyaQr2g2UacJ.jpg</thumbnail>
	<fanart>https://image.tmdb.org/t/p/w1280//vYZvThuxWBmjXOyRK5IoY9kOSq9.jpg</fanart>
</item>
<item>
	<title>Big Hero 6</title>
	<meta>
		<content>movie</content>
		<imdb>tt2245084</imdb>
		<title>Big Hero 6</title>
		<year>2014</year>
	</meta>
	<link>
		<sublink>search</sublink>
		<sublink>searchsd</sublink>
	</link>
	<thumbnail>https://image.tmdb.org/t/p/w1280//9gLu47Zw5ertuFTZaxXOvNfy78T.jpg</thumbnail>
	<fanart>https://image.tmdb.org/t/p/w1280//2BXd0t9JdVqCp9sKf6kzMkr7QjB.jpg</fanart>
</item>
<item>
	<title>The Incredibles</title>
	<meta>
		<content>movie</content>
		<imdb>tt0317705</imdb>
		<title>The Incredibles</title>
		<year>2004</year>
	</meta>
	<link>
		<sublink>search</sublink>
		<sublink>searchsd</sublink>
	</link>
	<thumbnail>https://image.tmdb.org/t/p/w1280//huGDgQRB24IzkJLNqe5zq1pdvEE.jpg</thumbnail>
	<fanart>https://image.tmdb.org/t/p/w1280//iGknrkEyebPFmpQoLGy5L0utVxz.jpg</fanart>
</item>
<item>
	<title>Wreck-It Ralph</title>
	<meta>
		<content>movie</content>
		<imdb>tt1772341</imdb>
		<title>Wreck-It Ralph</title>
		<year>2012</year>
	</meta>
	<link>
		<sublink>search</sublink>
		<sublink>searchsd</sublink>
	</link>
	<thumbnail>https://image.tmdb.org/t/p/w1280//93FsllrXXWncp7BQYTdOU1XMRXo.jpg</thumbnail>
	<fanart>https://image.tmdb.org/t/p/w1280//1HjKgkIdR2qw8ihM6MTxgdST2kM.jpg</fanart>
</item>
<item>
	<title>Harry Potter and the Deathly Hallows: Part 2</title>
	<meta>
		<content>movie</content>
		<imdb>tt1201607</imdb>
		<title>Harry Potter and the Deathly Hallows: Part 2</title>
		<year>2011</year>
	</meta>
	<link>
		<sublink>search</sublink>
		<sublink>searchsd</sublink>
	</link>
	<thumbnail>https://image.tmdb.org/t/p/w1280//fTplI1NCSuEDP4ITLcTps739fcC.jpg</thumbnail>
	<fanart>https://image.tmdb.org/t/p/w1280//6n0DAcyjTHS6888mt8U9ZsLy9nR.jpg</fanart>
</item>
<item>
	<title>Toy Story 3</title>
	<meta>
		<content>movie</content>
		<imdb>tt0435761</imdb>
		<title>Toy Story 3</title>
		<year>2010</year>
	</meta>
	<link>
		<sublink>search</sublink>
		<sublink>searchsd</sublink>
	</link>
	<thumbnail>https://image.tmdb.org/t/p/w1280//AqYmOBxLjASrj5UtybIh7Axyv77.jpg</thumbnail>
	<fanart>https://image.tmdb.org/t/p/w1280//y2qAjM37QgatWeG84DDtwsZuMW.jpg</fanart>
</item>
<item>
	<title>Harry Potter and the Prisoner of Azkaban</title>
	<meta>
		<content>movie</content>
		<imdb>tt0304141</imdb>
		<title>Harry Potter and the Prisoner of Azkaban</title>
		<year>2004</year>
	</meta>
	<link>
		<sublink>search</sublink>
		<sublink>searchsd</sublink>
	</link>
	<thumbnail>https://image.tmdb.org/t/p/w1280//jUFjMoLh8T2CWzHUSjKCojI5SHu.jpg</thumbnail>
	<fanart>https://image.tmdb.org/t/p/w1280//wWdlIBxn9xCmySxnSWtI2BjZZkF.jpg</fanart>
</item>
<item>
	<title>The Lego Movie</title>
	<meta>
		<content>movie</content>
		<imdb>tt1490017</imdb>
		<title>The Lego Movie</title>
		<year>2014</year>
	</meta>
	<link>
		<sublink>search</sublink>
		<sublink>searchsd</sublink>
	</link>
	<thumbnail>https://image.tmdb.org/t/p/w1280//lMHbadNmznKs5vgBAkHxKGHulOa.jpg</thumbnail>
	<fanart>https://image.tmdb.org/t/p/w1280//wPRiV4TVpRCV2es81q0S1eRaUbm.jpg</fanart>
</item>
<item>
	<title>Harry Potter and the Chamber of Secrets</title>
	<meta>
		<content>movie</content>
		<imdb>tt0295297</imdb>
		<title>Harry Potter and the Chamber of Secrets</title>
		<year>2002</year>
	</meta>
	<link>
		<sublink>search</sublink>
		<sublink>searchsd</sublink>
	</link>
	<thumbnail>https://image.tmdb.org/t/p/w1280//sdEOH0992YZ0QSxgXNIGLq1ToUi.jpg</thumbnail>
	<fanart>https://image.tmdb.org/t/p/w1280//2grHB4caPBmOyDW9x7NAwldtk8Y.jpg</fanart>
</item>
<item>
	<title>Back to the Future Part II</title>
	<meta>
		<content>movie</content>
		<imdb>tt0096874</imdb>
		<title>Back to the Future Part II</title>
		<year>1989</year>
	</meta>
	<link>
		<sublink>search</sublink>
		<sublink>searchsd</sublink>
	</link>
	<thumbnail>https://image.tmdb.org/t/p/w1280//k5dzvCQkXU2CAhLtlj9BHE7xmyK.jpg</thumbnail>
	<fanart>https://image.tmdb.org/t/p/w1280//snLFUFzWUZCdYkAbhZlaGJxiY3I.jpg</fanart>
</item>
<item>
	<title>Inside Out</title>
	<meta>
		<content>movie</content>
		<imdb>tt2096673</imdb>
		<title>Inside Out</title>
		<year>2015</year>
	</meta>
	<link>
		<sublink>search</sublink>
		<sublink>searchsd</sublink>
	</link>
	<thumbnail>https://image.tmdb.org/t/p/w1280//aAmfIX3TT40zUHGcCKrlOZRKC7u.jpg</thumbnail>
	<fanart>https://image.tmdb.org/t/p/w1280//szytSpLAyBh3ULei3x663mAv5ZT.jpg</fanart>
</item>
<item>
	<title>Harry Potter and the Deathly Hallows: Part 1</title>
	<meta>
		<content>movie</content>
		<imdb>tt0926084</imdb>
		<title>Harry Potter and the Deathly Hallows: Part 1</title>
		<year>2010</year>
	</meta>
	<link>
		<sublink>search</sublink>
		<sublink>searchsd</sublink>
	</link>
	<thumbnail>https://image.tmdb.org/t/p/w1280//maP4MTfPCeVD2FZbKTLUgriOW4R.jpg</thumbnail>
	<fanart>https://image.tmdb.org/t/p/w1280//8YA36faYlkpfp6aozcGsqq68pZ9.jpg</fanart>
</item>
<item>
	<title>Brave</title>
	<meta>
		<content>movie</content>
		<imdb>tt1217209</imdb>
		<title>Brave</title>
		<year>2012</year>
	</meta>
	<link>
		<sublink>search</sublink>
		<sublink>searchsd</sublink>
	</link>
	<thumbnail>https://image.tmdb.org/t/p/w1280//qhABv2d4NZLhsOOA4iBFM4rfuJC.jpg</thumbnail>
	<fanart>https://image.tmdb.org/t/p/w1280//sfRCA9g3CunpnZO3QurHSIRcsUq.jpg</fanart>
</item>
<item>
	<title>Harry Potter and the Goblet of Fire</title>
	<meta>
		<content>movie</content>
		<imdb>tt0330373</imdb>
		<title>Harry Potter and the Goblet of Fire</title>
		<year>2005</year>
	</meta>
	<link>
		<sublink>search</sublink>
		<sublink>searchsd</sublink>
	</link>
	<thumbnail>https://image.tmdb.org/t/p/w1280//6sASqcdrEHXxUhA3nFpjrRecPD2.jpg</thumbnail>
	<fanart>https://image.tmdb.org/t/p/w1280//gzKW3emulMxIHzuXxZoyDB1lei9.jpg</fanart>
</item>
<item>
	<title>Shrek</title>
	<meta>
		<content>movie</content>
		<imdb>tt0126029</imdb>
		<title>Shrek</title>
		<year>2001</year>
	</meta>
	<link>
		<sublink>search</sublink>
		<sublink>searchsd</sublink>
	</link>
	<thumbnail>https://image.tmdb.org/t/p/w1280//140ewbWv8qHStD3mlBDvvGd0Zvu.jpg</thumbnail>
	<fanart>https://image.tmdb.org/t/p/w1280//wBG4kHfhwm3bLwKUFNRByXXv4r2.jpg</fanart>
</item>
<item>
	<title>Harry Potter and the Half-Blood Prince</title>
	<meta>
		<content>movie</content>
		<imdb>tt0417741</imdb>
		<title>Harry Potter and the Half-Blood Prince</title>
		<year>2009</year>
	</meta>
	<link>
		<sublink>search</sublink>
		<sublink>searchsd</sublink>
	</link>
	<thumbnail>https://image.tmdb.org/t/p/w1280//bFXys2nhALwDvpkF3dP3Vvdfn8b.jpg</thumbnail>
	<fanart>https://image.tmdb.org/t/p/w1280//kRyojLYtWPsBKfDhphhhl1FdM5a.jpg</fanart>
</item>
<item>
	<title>Harry Potter and the Order of the Phoenix</title>
	<meta>
		<content>movie</content>
		<imdb>tt0373889</imdb>
		<title>Harry Potter and the Order of the Phoenix</title>
		<year>2007</year>
	</meta>
	<link>
		<sublink>search</sublink>
		<sublink>searchsd</sublink>
	</link>
	<thumbnail>https://image.tmdb.org/t/p/w1280//4YnLxYLHhT4UQ8i9jxAXWy46Xuw.jpg</thumbnail>
	<fanart>https://image.tmdb.org/t/p/w1280//gGt4ePOhD8ilxd3FYhKB06L2CyG.jpg</fanart>
</item>
<item>
	<title>Ratatouille</title>
	<meta>
		<content>movie</content>
		<imdb>tt0382932</imdb>
		<title>Ratatouille</title>
		<year>2007</year>
	</meta>
	<link>
		<sublink>search</sublink>
		<sublink>searchsd</sublink>
	</link>
	<thumbnail>https://image.tmdb.org/t/p/w1280//y8y6Fv0k068OnHBZtu949A1t6pj.jpg</thumbnail>
	<fanart>https://image.tmdb.org/t/p/w1280//sFpGI08aeHIRKlLi9SxLyYrRyZ8.jpg</fanart>
</item>
<item>
	<title>Tangled</title>
	<meta>
		<content>movie</content>
		<imdb>tt0398286</imdb>
		<title>Tangled</title>
		<year>2010</year>
	</meta>
	<link>
		<sublink>search</sublink>
		<sublink>searchsd</sublink>
	</link>
	<thumbnail>https://image.tmdb.org/t/p/w1280//re6AOJbhBk9FIK3knwU6rYlbPDx.jpg</thumbnail>
	<fanart>https://image.tmdb.org/t/p/w1280//uFg02Gt69UM6Ouam4slMdD0s029.jpg</fanart>
</item>
<item>
	<title>Monsters University</title>
	<meta>
		<content>movie</content>
		<imdb>tt1453405</imdb>
		<title>Monsters University</title>
		<year>2013</year>
	</meta>
	<link>
		<sublink>search</sublink>
		<sublink>searchsd</sublink>
	</link>
	<thumbnail>https://image.tmdb.org/t/p/w1280//a05xQU9huY3P5uurLcGGHmsf2Vh.jpg</thumbnail>
	<fanart>https://image.tmdb.org/t/p/w1280//5mDCKKS7M8aUZKdShnCa7lLbzmH.jpg</fanart>
</item>
<item>
	<title>Toy Story 2</title>
	<meta>
		<content>movie</content>
		<imdb>tt0120363</imdb>
		<title>Toy Story 2</title>
		<year>1999</year>
	</meta>
	<link>
		<sublink>search</sublink>
		<sublink>searchsd</sublink>
	</link>
	<thumbnail>https://image.tmdb.org/t/p/w1280//3CmK3XurcLeUyMifCR28ibzupbB.jpg</thumbnail>
	<fanart>https://image.tmdb.org/t/p/w1280//9Kjxr4VCU0Y4DAuXkzR2moAy7DK.jpg</fanart>
</item>
<item>
	<title>Maleficent</title>
	<meta>
		<content>movie</content>
		<imdb>tt1587310</imdb>
		<title>Maleficent</title>
		<year>2014</year>
	</meta>
	<link>
		<sublink>search</sublink>
		<sublink>searchsd</sublink>
	</link>
	<thumbnail>https://image.tmdb.org/t/p/w1280//4FYu1AAu14tuBU0lns0hbKiHUcH.jpg</thumbnail>
	<fanart>https://image.tmdb.org/t/p/w1280//o9KEAy25RS6gXxlQU5yJnLOQ2d.jpg</fanart>
</item>
<item>
	<title>Cars</title>
	<meta>
		<content>movie</content>
		<imdb>tt0317219</imdb>
		<title>Cars</title>
		<year>2006</year>
	</meta>
	<link>
		<sublink>search</sublink>
		<sublink>searchsd</sublink>
	</link>
	<thumbnail>https://image.tmdb.org/t/p/w1280//5damnMcRFKSjhCirgX3CMa88MBj.jpg</thumbnail>
	<fanart>https://image.tmdb.org/t/p/w1280//a1MlbLBk5Sy6YvMbSuKfwGlDVlb.jpg</fanart>
</item>
<item>
	<title>Ice Age</title>
	<meta>
		<content>movie</content>
		<imdb>tt0268380</imdb>
		<title>Ice Age</title>
		<year>2002</year>
	</meta>
	<link>
		<sublink>search</sublink>
		<sublink>searchsd</sublink>
	</link>
	<thumbnail>https://image.tmdb.org/t/p/w1280//zpaQwR0YViPd83bx1e559QyZ35i.jpg</thumbnail>
	<fanart>https://image.tmdb.org/t/p/w1280//oDqbewoFuIEWA7UWurole6MzDGn.jpg</fanart>
</item>
<item>
	<title>How to Train Your Dragon 2</title>
	<meta>
		<content>movie</content>
		<imdb>tt1646971</imdb>
		<title>How to Train Your Dragon 2</title>
		<year>2014</year>
	</meta>
	<link>
		<sublink>search</sublink>
		<sublink>searchsd</sublink>
	</link>
	<thumbnail>https://image.tmdb.org/t/p/w1280//lRjOR4uclMQijUav4OjeZprlehu.jpg</thumbnail>
	<fanart>https://image.tmdb.org/t/p/w1280//cHTJxPcq3hlshzOgHDRMCF8Wb9K.jpg</fanart>
</item>
<item>
	<title>Back to the Future Part III</title>
	<meta>
		<content>movie</content>
		<imdb>tt0099088</imdb>
		<title>Back to the Future Part III</title>
		<year>1990</year>
	</meta>
	<link>
		<sublink>search</sublink>
		<sublink>searchsd</sublink>
	</link>
	<thumbnail>https://image.tmdb.org/t/p/w1280//6DmgPTZYaug7QNDjOhUDWyjOQDl.jpg</thumbnail>
	<fanart>https://image.tmdb.org/t/p/w1280//pP2a4MBQbIeZMbErBWMjxTT5Npb.jpg</fanart>
</item>
<item>
	<title>Aladdin</title>
	<meta>
		<content>movie</content>
		<imdb>tt0103639</imdb>
		<title>Aladdin</title>
		<year>1992</year>
	</meta>
	<link>
		<sublink>search</sublink>
		<sublink>searchsd</sublink>
	</link>
	<thumbnail>https://image.tmdb.org/t/p/w1280//7f53XAE4nPiGe9XprpGAeWHuKPw.jpg</thumbnail>
	<fanart>https://image.tmdb.org/t/p/w1280//oZN5w508NSlrmcMql1wohhsQGIg.jpg</fanart>
</item>
<item>
	<title>Ghostbusters</title>
	<meta>
		<content>movie</content>
		<imdb>tt0087332</imdb>
		<title>Ghostbusters</title>
		<year>1984</year>
	</meta>
	<link>
		<sublink>search</sublink>
		<sublink>searchsd</sublink>
	</link>
	<thumbnail>https://image.tmdb.org/t/p/w1280//3FS3oBdorgczgfCkFi2u8ZTFfpS.jpg</thumbnail>
	<fanart>https://image.tmdb.org/t/p/w1280//qmDy6Rdom8d8UFj9GeAAtVIjTRT.jpg</fanart>
</item>
<item>
	<title>Kung Fu Panda</title>
	<meta>
		<content>movie</content>
		<imdb>tt0441773</imdb>
		<title>Kung Fu Panda</title>
		<year>2008</year>
	</meta>
	<link>
		<sublink>search</sublink>
		<sublink>searchsd</sublink>
	</link>
	<thumbnail>https://image.tmdb.org/t/p/w1280//2Paj1nufT0jeSY0G4u3RC31HIGT.jpg</thumbnail>
	<fanart>https://image.tmdb.org/t/p/w1280//UJwhgwAxU42cm9XKncO9boFAEV.jpg</fanart>
</item>
<item>
	<title>Minions</title>
	<meta>
		<content>movie</content>
		<imdb>tt2293640</imdb>
		<title>Minions</title>
		<year>2015</year>
	</meta>
	<link>
		<sublink>search</sublink>
		<sublink>searchsd</sublink>
	</link>
	<thumbnail>https://image.tmdb.org/t/p/w1280//q0R4crx2SehcEEQEkYObktdeFy.jpg</thumbnail>
	<fanart>https://image.tmdb.org/t/p/w1280//wiSIfl9FnXYGXzUKji7Muc3Oj3o.jpg</fanart>
</item>
<item>
	<title>Shrek 2</title>
	<meta>
		<content>movie</content>
		<imdb>tt0298148</imdb>
		<title>Shrek 2</title>
		<year>2004</year>
	</meta>
	<link>
		<sublink>search</sublink>
		<sublink>searchsd</sublink>
	</link>
	<thumbnail>https://image.tmdb.org/t/p/w1280//akWDA0BMVYK4OTM92T5i91DYnsT.jpg</thumbnail>
	<fanart>https://image.tmdb.org/t/p/w1280//nJ0TsLEeht6y30AMryc4ElQ8gzp.jpg</fanart>
</item>
<item>
	<title>A Bug's Life</title>
	<meta>
		<content>movie</content>
		<imdb>tt0120623</imdb>
		<title>A Bug's Life</title>
		<year>1998</year>
	</meta>
	<link>
		<sublink>search</sublink>
		<sublink>searchsd</sublink>
	</link>
	<thumbnail>https://image.tmdb.org/t/p/w1280//u9qGMRwcPwP0WETxulS5hKUsEum.jpg</thumbnail>
	<fanart>https://image.tmdb.org/t/p/w1280//gOvW00ZMoEiyRwXVkHPfBictPAl.jpg</fanart>
</item>
<item>
	<title>Beauty and the Beast</title>
	<meta>
		<content>movie</content>
		<imdb>tt0101414</imdb>
		<title>Beauty and the Beast</title>
		<year>1991</year>
	</meta>
	<link>
		<sublink>search</sublink>
		<sublink>searchsd</sublink>
	</link>
	<thumbnail>https://image.tmdb.org/t/p/w1280//b9QJr2oblOu1grgOMUZF1xkUJdh.jpg</thumbnail>
	<fanart>https://image.tmdb.org/t/p/w1280//9BQIYKXc0HMSeK2kl3h3YxX66ZN.jpg</fanart>
</item>
<item>
	<title>Alice in Wonderland</title>
	<meta>
		<content>movie</content>
		<imdb>tt1014759</imdb>
		<title>Alice in Wonderland</title>
		<year>2010</year>
	</meta>
	<link>
		<sublink>search</sublink>
		<sublink>searchsd</sublink>
	</link>
	<thumbnail>https://image.tmdb.org/t/p/w1280//pvEE5EN5N1yjmHmldfL4aJWm56l.jpg</thumbnail>
	<fanart>https://image.tmdb.org/t/p/w1280//aBCjJWQkEsn3Y3nbx1IOKRLalqa.jpg</fanart>
</item>
<item>
	<title>Madagascar</title>
	<meta>
		<content>movie</content>
		<imdb>tt0351283</imdb>
		<title>Madagascar</title>
		<year>2005</year>
	</meta>
	<link>
		<sublink>search</sublink>
		<sublink>searchsd</sublink>
	</link>
	<thumbnail>https://image.tmdb.org/t/p/w1280//2YiESGB68BGQSAFvfJxBi774sc4.jpg</thumbnail>
	<fanart>https://image.tmdb.org/t/p/w1280//wUetiqu2EFhHW94yTP0pWABfyUG.jpg</fanart>
</item>
<item>
	<title>The Croods</title>
	<meta>
		<content>movie</content>
		<imdb>tt0481499</imdb>
		<title>The Croods</title>
		<year>2013</year>
	</meta>
	<link>
		<sublink>search</sublink>
		<sublink>searchsd</sublink>
	</link>
	<thumbnail>https://image.tmdb.org/t/p/w1280//eHi3Nbgh6Cs2KiIyEMF4Ig4CdjX.jpg</thumbnail>
	<fanart>https://image.tmdb.org/t/p/w1280//vg2hf8eAZhULxtQRS87CbrH2WMQ.jpg</fanart>
</item>
<item>
	<title>Megamind</title>
	<meta>
		<content>movie</content>
		<imdb>tt1001526</imdb>
		<title>Megamind</title>
		<year>2010</year>
	</meta>
	<link>
		<sublink>search</sublink>
		<sublink>searchsd</sublink>
	</link>
	<thumbnail>https://image.tmdb.org/t/p/w1280//amXAUSAUrnGuLGEyc1ZNhBvgbnF.jpg</thumbnail>
	<fanart>https://image.tmdb.org/t/p/w1280//o6anuGPog9853CPiaPQEMmdBVT0.jpg</fanart>
</item>
<item>
	<title>The Nightmare Before Christmas</title>
	<meta>
		<content>movie</content>
		<imdb>tt0107688</imdb>
		<title>The Nightmare Before Christmas</title>
		<year>1993</year>
	</meta>
	<link>
		<sublink>search</sublink>
		<sublink>searchsd</sublink>
	</link>
	<thumbnail>https://image.tmdb.org/t/p/w1280//6oxkO1VgKCq74fNILKAg6t2dVEt.jpg</thumbnail>
	<fanart>https://image.tmdb.org/t/p/w1280//8MzrNA4WMwgKnGzOzqFZpa9gEhm.jpg</fanart>
</item>
<item>
	<title>Hotel Transylvania</title>
	<meta>
		<content>movie</content>
		<imdb>tt0837562</imdb>
		<title>Hotel Transylvania</title>
		<year>2012</year>
	</meta>
	<link>
		<sublink>search</sublink>
		<sublink>searchsd</sublink>
	</link>
	<thumbnail>https://image.tmdb.org/t/p/w1280//9qugesYpAWHUpdrw2w8URSGkAPt.jpg</thumbnail>
	<fanart>https://image.tmdb.org/t/p/w1280//pQPRp30zd0BSaefterJnLmh4Rs9.jpg</fanart>
</item>
<item>
	<title>Rio</title>
	<meta>
		<content>movie</content>
		<imdb>tt1436562</imdb>
		<title>Rio</title>
		<year>2011</year>
	</meta>
	<link>
		<sublink>search</sublink>
		<sublink>searchsd</sublink>
	</link>
	<thumbnail>https://image.tmdb.org/t/p/w1280//isQ9BSjdF8IrSm2g4WPHSJYN5s9.jpg</thumbnail>
	<fanart>https://image.tmdb.org/t/p/w1280//odbEuhGUgSkeWWD1sPoylXTZMUa.jpg</fanart>
</item>
<item>
	<title>The Adventures of Tintin</title>
	<meta>
		<content>movie</content>
		<imdb>tt0983193</imdb>
		<title>The Adventures of Tintin</title>
		<year>2011</year>
	</meta>
	<link>
		<sublink>search</sublink>
		<sublink>searchsd</sublink>
	</link>
	<thumbnail>https://image.tmdb.org/t/p/w1280//3XOaHJARdZIXcd7sgJV24Txp3gf.jpg</thumbnail>
	<fanart>https://image.tmdb.org/t/p/w1280//m3xgF9JiTlfN1rO9hcvTd4PTIQy.jpg</fanart>
</item>
<item>
	<title>Charlie and the Chocolate Factory</title>
	<meta>
		<content>movie</content>
		<imdb>tt0367594</imdb>
		<title>Charlie and the Chocolate Factory</title>
		<year>2005</year>
	</meta>
	<link>
		<sublink>search</sublink>
		<sublink>searchsd</sublink>
	</link>
	<thumbnail>https://image.tmdb.org/t/p/w1280//dvHl1dYvaZRhj9Gk0ITcCHr4DIJ.jpg</thumbnail>
	<fanart>https://image.tmdb.org/t/p/w1280//mrRAx1OsNVEKJv0ktQprspieqnS.jpg</fanart>
</item>
<item>
	<title>Cloudy with a Chance of Meatballs</title>
	<meta>
		<content>movie</content>
		<imdb>tt0844471</imdb>
		<title>Cloudy with a Chance of Meatballs</title>
		<year>2009</year>
	</meta>
	<link>
		<sublink>search</sublink>
		<sublink>searchsd</sublink>
	</link>
	<thumbnail>https://image.tmdb.org/t/p/w1280//75QV0rNm6QHpMnpIGrZK0ev08rH.jpg</thumbnail>
	<fanart>https://image.tmdb.org/t/p/w1280//vYovS909jUV3wxms4DmHGjZ1lhw.jpg</fanart>
</item>
<item>
	<title>Cars 2</title>
	<meta>
		<content>movie</content>
		<imdb>tt1216475</imdb>
		<title>Cars 2</title>
		<year>2011</year>
	</meta>
	<link>
		<sublink>search</sublink>
		<sublink>searchsd</sublink>
	</link>
	<thumbnail>https://image.tmdb.org/t/p/w1280//AblhtULOVtrkSnFxRPQ8gBemxw9.jpg</thumbnail>
	<fanart>https://image.tmdb.org/t/p/w1280//jEcmZhtJkZQc6ta2vzBd9CU7GIx.jpg</fanart>
</item>
<item>
	<title>Pixels</title>
	<meta>
		<content>movie</content>
		<imdb>tt2120120</imdb>
		<title>Pixels</title>
		<year>2015</year>
	</meta>
	<link>
		<sublink>search</sublink>
		<sublink>searchsd</sublink>
	</link>
	<thumbnail>https://image.tmdb.org/t/p/w1280//ktyVmIqfoaJ8w0gDSZyjhhOPpD6.jpg</thumbnail>
	<fanart>https://image.tmdb.org/t/p/w1280//nvZVu6inpwLHKqRXZhye3S4uqei.jpg</fanart>
</item>
<item>
	<title>Ice Age: Dawn of the Dinosaurs</title>
	<meta>
		<content>movie</content>
		<imdb>tt1080016</imdb>
		<title>Ice Age: Dawn of the Dinosaurs</title>
		<year>2009</year>
	</meta>
	<link>
		<sublink>search</sublink>
		<sublink>searchsd</sublink>
	</link>
	<thumbnail>https://image.tmdb.org/t/p/w1280//crAf8b9gFpcdvY7majL8xWzTbem.jpg</thumbnail>
	<fanart>https://image.tmdb.org/t/p/w1280//2ZkYXWejAwpkFkNnOY6nQYcJSPn.jpg</fanart>
</item>
<item>
	<title>Oz: The Great and Powerful</title>
	<meta>
		<content>movie</content>
		<imdb>tt1623205</imdb>
		<title>Oz: The Great and Powerful</title>
		<year>2013</year>
	</meta>
	<link>
		<sublink>search</sublink>
		<sublink>searchsd</sublink>
	</link>
	<thumbnail>https://image.tmdb.org/t/p/w1280//7qzLIcYR7ev7iXngY8NKHBZHwwT.jpg</thumbnail>
	<fanart>https://image.tmdb.org/t/p/w1280//4jv4TsBccZt60ltlPYmL8vaG8cu.jpg</fanart>
</item>
<item>
	<title>The Hitchhiker's Guide to the Galaxy</title>
	<meta>
		<content>movie</content>
		<imdb>tt0371724</imdb>
		<title>The Hitchhiker's Guide to the Galaxy</title>
		<year>2005</year>
	</meta>
	<link>
		<sublink>search</sublink>
		<sublink>searchsd</sublink>
	</link>
	<thumbnail>https://image.tmdb.org/t/p/w1280//fOb4cJMhnZ11BoHNUii3Vcfo3XU.jpg</thumbnail>
	<fanart>https://image.tmdb.org/t/p/w1280//kMf3ewax3ZeiSESaPQxBAReQzDD.jpg</fanart>
</item>
<item>
	<title>Bolt</title>
	<meta>
		<content>movie</content>
		<imdb>tt0397892</imdb>
		<title>Bolt</title>
		<year>2008</year>
	</meta>
	<link>
		<sublink>search</sublink>
		<sublink>searchsd</sublink>
	</link>
	<thumbnail>https://image.tmdb.org/t/p/w1280//pGA75RbbIDXlUJtzJogAtS0KyxL.jpg</thumbnail>
	<fanart>https://image.tmdb.org/t/p/w1280//lwI40taKaCKHK9mUeSBP2tQz8dS.jpg</fanart>
</item>
<item>
	<title>Hugo</title>
	<meta>
		<content>movie</content>
		<imdb>tt0970179</imdb>
		<title>Hugo</title>
		<year>2011</year>
	</meta>
	<link>
		<sublink>search</sublink>
		<sublink>searchsd</sublink>
	</link>
	<thumbnail>https://image.tmdb.org/t/p/w1280//fkeaJr29ypea1n24gzspsc7qK44.jpg</thumbnail>
	<fanart>https://image.tmdb.org/t/p/w1280//jc3qQh8FV2YOJc8z7JQlXmv33Zs.jpg</fanart>
</item>
<item>
	<title>Mulan</title>
	<meta>
		<content>movie</content>
		<imdb>tt0120762</imdb>
		<title>Mulan</title>
		<year>1998</year>
	</meta>
	<link>
		<sublink>search</sublink>
		<sublink>searchsd</sublink>
	</link>
	<thumbnail>https://image.tmdb.org/t/p/w1280//eruhq6kmjV7wopA7GjNDHrmAl89.jpg</thumbnail>
	<fanart>https://image.tmdb.org/t/p/w1280//sYydx5Q6qxdATbrj7imghCz0KEj.jpg</fanart>
</item>
<item>
	<title>Rise of the Guardians</title>
	<meta>
		<content>movie</content>
		<imdb>tt1446192</imdb>
		<title>Rise of the Guardians</title>
		<year>2012</year>
	</meta>
	<link>
		<sublink>search</sublink>
		<sublink>searchsd</sublink>
	</link>
	<thumbnail>https://image.tmdb.org/t/p/w1280//sIZr3pWcnLTjMkOaTkBrV967lTK.jpg</thumbnail>
	<fanart>https://image.tmdb.org/t/p/w1280//uLAzeXooxaCJvxltbEqZQHLxniP.jpg</fanart>
</item>
<item>
	<title>The Little Mermaid</title>
	<meta>
		<content>movie</content>
		<imdb>tt0097757</imdb>
		<title>The Little Mermaid</title>
		<year>1989</year>
	</meta>
	<link>
		<sublink>search</sublink>
		<sublink>searchsd</sublink>
	</link>
	<thumbnail>https://image.tmdb.org/t/p/w1280//ivdzLXCVgPUyjphKbbB40z8FQp8.jpg</thumbnail>
	<fanart>https://image.tmdb.org/t/p/w1280//gJBGcnhGhxoOpcqK29kZNq3UR6i.jpg</fanart>
</item>
<item>
	<title>The Goonies</title>
	<meta>
		<content>movie</content>
		<imdb>tt0089218</imdb>
		<title>The Goonies</title>
		<year>1985</year>
	</meta>
	<link>
		<sublink>search</sublink>
		<sublink>searchsd</sublink>
	</link>
	<thumbnail>https://image.tmdb.org/t/p/w1280//bZUbpjwnarSHJK40W9sGpyedWhx.jpg</thumbnail>
	<fanart>https://image.tmdb.org/t/p/w1280//qKeyO9gXaaK0g87tvvqOPK1siwc.jpg</fanart>
</item>
<item>
	<title>Rango</title>
	<meta>
		<content>movie</content>
		<imdb>tt1192628</imdb>
		<title>Rango</title>
		<year>2011</year>
	</meta>
	<link>
		<sublink>search</sublink>
		<sublink>searchsd</sublink>
	</link>
	<thumbnail>https://image.tmdb.org/t/p/w1280//afxRbCwwKjrWgGJtsVNs1BW1Dk5.jpg</thumbnail>
	<fanart>https://image.tmdb.org/t/p/w1280//fX6o5DCdGVEEZ1OT1IourOUkQMb.jpg</fanart>
</item>
<item>
	<title>Jumanji</title>
	<meta>
		<content>movie</content>
		<imdb>tt0113497</imdb>
		<title>Jumanji</title>
		<year>1995</year>
	</meta>
	<link>
		<sublink>search</sublink>
		<sublink>searchsd</sublink>
	</link>
	<thumbnail>https://image.tmdb.org/t/p/w1280//vgpXmVaVyUL7GGiDeiK1mKEKzcX.jpg</thumbnail>
	<fanart>https://image.tmdb.org/t/p/w1280//52lVqTDhIeNTjT7EiJuovXgw6iE.jpg</fanart>
</item>
<item>
	<title>Kung Fu Panda 2</title>
	<meta>
		<content>movie</content>
		<imdb>tt1302011</imdb>
		<title>Kung Fu Panda 2</title>
		<year>2011</year>
	</meta>
	<link>
		<sublink>search</sublink>
		<sublink>searchsd</sublink>
	</link>
	<thumbnail>https://image.tmdb.org/t/p/w1280//Fzyy2dauoKxjUzUPYYo3kJkJAW.jpg</thumbnail>
	<fanart>https://image.tmdb.org/t/p/w1280//eyiE1vuizMKVu8MoZkg2xsramFl.jpg</fanart>
</item>
<item>
	<title>Ice Age: The Meltdown</title>
	<meta>
		<content>movie</content>
		<imdb>tt0438097</imdb>
		<title>Ice Age: The Meltdown</title>
		<year>2006</year>
	</meta>
	<link>
		<sublink>search</sublink>
		<sublink>searchsd</sublink>
	</link>
	<thumbnail>https://image.tmdb.org/t/p/w1280//isRuztu5Ch7FJdtSBLcG8QSOpEI.jpg</thumbnail>
	<fanart>https://image.tmdb.org/t/p/w1280//lxNCa4FifUuLeUkWUQl2yuf9JnJ.jpg</fanart>
</item>
<item>
	<title>The Chronicles of Narnia: The Lion, the Witch and the Wardrobe</title>
	<meta>
		<content>movie</content>
		<imdb>tt0363771</imdb>
		<title>The Chronicles of Narnia: The Lion, the Witch and the Wardrobe</title>
		<year>2005</year>
	</meta>
	<link>
		<sublink>search</sublink>
		<sublink>searchsd</sublink>
	</link>
	<thumbnail>https://image.tmdb.org/t/p/w1280//l8RKDgjl9co0IgFZblxhtIOi5Uj.jpg</thumbnail>
	<fanart>https://image.tmdb.org/t/p/w1280//4ZwXJcUT3KdE8Kan9TJ7l0Rg5LG.jpg</fanart>
</item>
<item>
	<title>Shrek the Third</title>
	<meta>
		<content>movie</content>
		<imdb>tt0413267</imdb>
		<title>Shrek the Third</title>
		<year>2007</year>
	</meta>
	<link>
		<sublink>search</sublink>
		<sublink>searchsd</sublink>
	</link>
	<thumbnail>https://image.tmdb.org/t/p/w1280//lA17Mlz8hXVZsW5Y3WuUa8KPilQ.jpg</thumbnail>
	<fanart>https://image.tmdb.org/t/p/w1280//7fT1IogBbxM6S7SOIGSe7BXLEMq.jpg</fanart>
</item>
<item>
	<title>Cinderella</title>
	<meta>
		<content>movie</content>
		<imdb>tt1661199</imdb>
		<title>Cinderella</title>
		<year>2015</year>
	</meta>
	<link>
		<sublink>search</sublink>
		<sublink>searchsd</sublink>
	</link>
	<thumbnail>https://image.tmdb.org/t/p/w1280//o1F2aloaOUufHHOsV0laA9aw9N0.jpg</thumbnail>
	<fanart>https://image.tmdb.org/t/p/w1280//aUYcExsGuRaw7PLGmAmXubt1dfG.jpg</fanart>
</item>
<item>
	<title>Epic</title>
	<meta>
		<content>movie</content>
		<imdb>tt0848537</imdb>
		<title>Epic</title>
		<year>2013</year>
	</meta>
	<link>
		<sublink>search</sublink>
		<sublink>searchsd</sublink>
	</link>
	<thumbnail>https://image.tmdb.org/t/p/w1280//dUeXOJCpfWmZd9KaPkq2122J1ji.jpg</thumbnail>
	<fanart>https://image.tmdb.org/t/p/w1280//v6w2o3ji8aVLph6zNgR5yDGQfmS.jpg</fanart>
</item>
<item>
	<title>The Jungle Book</title>
	<meta>
		<content>movie</content>
		<imdb>tt0061852</imdb>
		<title>The Jungle Book</title>
		<year>1967</year>
	</meta>
	<link>
		<sublink>search</sublink>
		<sublink>searchsd</sublink>
	</link>
	<thumbnail>https://image.tmdb.org/t/p/w1280//1AreNcL9s24Qfghbzomy0IlzCFk.jpg</thumbnail>
	<fanart>https://image.tmdb.org/t/p/w1280//pfSLaXhojt0cNU6lWRGxvbQ2HWi.jpg</fanart>
</item>
<item>
	<title>Tarzan</title>
	<meta>
		<content>movie</content>
		<imdb>tt0120855</imdb>
		<title>Tarzan</title>
		<year>1999</year>
	</meta>
	<link>
		<sublink>search</sublink>
		<sublink>searchsd</sublink>
	</link>
	<thumbnail>https://image.tmdb.org/t/p/w1280//hnTrfKJmnPLMTajHw2RDgv6hVyH.jpg</thumbnail>
	<fanart>https://image.tmdb.org/t/p/w1280//vwS3vyNaD94h4BjLjNvbVOCNfsJ.jpg</fanart>
</item>
<item>
	<title>Hercules</title>
	<meta>
		<content>movie</content>
		<imdb>tt0119282</imdb>
		<title>Hercules</title>
		<year>1997</year>
	</meta>
	<link>
		<sublink>search</sublink>
		<sublink>searchsd</sublink>
	</link>
	<thumbnail>https://image.tmdb.org/t/p/w1280//yds93kIrmH1aNN0YKAcHLyOkNEV.jpg</thumbnail>
	<fanart>https://image.tmdb.org/t/p/w1280//lxLnW7rV0Xs1HijLEVoOlTMrjKu.jpg</fanart>
</item>
<item>
	<title>The Emperor's New Groove</title>
	<meta>
		<content>movie</content>
		<imdb>tt0120917</imdb>
		<title>The Emperor's New Groove</title>
		<year>2000</year>
	</meta>
	<link>
		<sublink>search</sublink>
		<sublink>searchsd</sublink>
	</link>
	<thumbnail>https://image.tmdb.org/t/p/w1280//rbgOxT446Wb0c4dJC4iLKgxtW1U.jpg</thumbnail>
	<fanart>https://image.tmdb.org/t/p/w1280//wWzZUuvl17RU7rlPwTsG5y1wgxi.jpg</fanart>
</item>
<item>
	<title>One Hundred and One Dalmatians</title>
	<meta>
		<content>movie</content>
		<imdb>tt0055254</imdb>
		<title>One Hundred and One Dalmatians</title>
		<year>1961</year>
	</meta>
	<link>
		<sublink>search</sublink>
		<sublink>searchsd</sublink>
	</link>
	<thumbnail>https://image.tmdb.org/t/p/w1280//vo5j5OZIdnfMIZSkVfSvh8cJUU.jpg</thumbnail>
	<fanart>https://image.tmdb.org/t/p/w1280//vHBYOUjt04iI0COvMtPAMa2pC9y.jpg</fanart>
</item>
<item>
	<title>The Lorax</title>
	<meta>
		<content>movie</content>
		<imdb>tt1482459</imdb>
		<title>The Lorax</title>
		<year>2012</year>
	</meta>
	<link>
		<sublink>search</sublink>
		<sublink>searchsd</sublink>
	</link>
	<thumbnail>https://image.tmdb.org/t/p/w1280//6FuYtjegxaUv7n7C733hUEOQytR.jpg</thumbnail>
	<fanart>https://image.tmdb.org/t/p/w1280//7CuXAFUWcOlR5kt07ln1fZDxdHX.jpg</fanart>
</item>
<item>
	<title>The Polar Express</title>
	<meta>
		<content>movie</content>
		<imdb>tt0338348</imdb>
		<title>The Polar Express</title>
		<year>2004</year>
	</meta>
	<link>
		<sublink>search</sublink>
		<sublink>searchsd</sublink>
	</link>
	<thumbnail>https://image.tmdb.org/t/p/w1280//2NETsNUxcfBdKtq3W5YbT9O03Ak.jpg</thumbnail>
	<fanart>https://image.tmdb.org/t/p/w1280//AcXCaPRB037DZoZZ2cJzRSxrNBP.jpg</fanart>
</item>
<item>
	<title>The NeverEnding Story</title>
	<meta>
		<content>movie</content>
		<imdb>tt0088323</imdb>
		<title>The NeverEnding Story</title>
		<year>1984</year>
	</meta>
	<link>
		<sublink>search</sublink>
		<sublink>searchsd</sublink>
	</link>
	<thumbnail>https://image.tmdb.org/t/p/w1280//xnOK0p3PHwLw6C5tEkYY8xJR8zK.jpg</thumbnail>
	<fanart>https://image.tmdb.org/t/p/w1280//sG3Du3Ha6rGeSzFfXme1nh8S2Jl.jpg</fanart>
</item>
<item>
	<title>Pocahontas</title>
	<meta>
		<content>movie</content>
		<imdb>tt0114148</imdb>
		<title>Pocahontas</title>
		<year>1995</year>
	</meta>
	<link>
		<sublink>search</sublink>
		<sublink>searchsd</sublink>
	</link>
	<thumbnail>https://image.tmdb.org/t/p/w1280//qk95miOV8wDABbO5gyCpCrvbVFu.jpg</thumbnail>
	<fanart>https://image.tmdb.org/t/p/w1280//dm6NraLaLOCvGfzYPl7puMvvxfr.jpg</fanart>
</item>
<item>
	<title>The Iron Giant</title>
	<meta>
		<content>movie</content>
		<imdb>tt0129167</imdb>
		<title>The Iron Giant</title>
		<year>1999</year>
	</meta>
	<link>
		<sublink>search</sublink>
		<sublink>searchsd</sublink>
	</link>
	<thumbnail>https://image.tmdb.org/t/p/w1280//rdN6IjV4xlDDhrT8ewkkJfPvp2e.jpg</thumbnail>
	<fanart>https://image.tmdb.org/t/p/w1280//11XLucJQvdgtchSfO0ZTbo966pp.jpg</fanart>
</item>
<item>
	<title>The Princess and the Frog</title>
	<meta>
		<content>movie</content>
		<imdb>tt0780521</imdb>
		<title>The Princess and the Frog</title>
		<year>2009</year>
	</meta>
	<link>
		<sublink>search</sublink>
		<sublink>searchsd</sublink>
	</link>
	<thumbnail>https://image.tmdb.org/t/p/w1280//bVRHirC6uIZL9VtRqYRxdedYnOG.jpg</thumbnail>
	<fanart>https://image.tmdb.org/t/p/w1280//wC5xdlg6WceCWUXQzS3pIwTfkEJ.jpg</fanart>
</item>
<item>
	<title>Lady and the Tramp</title>
	<meta>
		<content>movie</content>
		<imdb>tt0048280</imdb>
		<title>Lady and the Tramp</title>
		<year>1955</year>
	</meta>
	<link>
		<sublink>search</sublink>
		<sublink>searchsd</sublink>
	</link>
	<thumbnail>https://image.tmdb.org/t/p/w1280//AqQpqEn33UYExlAoWA02Hizb2lc.jpg</thumbnail>
	<fanart>https://image.tmdb.org/t/p/w1280//osSsQ4QWXS7Flu3y39QqP924Lud.jpg</fanart>
</item>
<item>
	<title>Bambi</title>
	<meta>
		<content>movie</content>
		<imdb>tt0034492</imdb>
		<title>Bambi</title>
		<year>1942</year>
	</meta>
	<link>
		<sublink>search</sublink>
		<sublink>searchsd</sublink>
	</link>
	<thumbnail>https://image.tmdb.org/t/p/w1280//wV9e2y4myJ4KMFsyFfWYcUOawyK.jpg</thumbnail>
	<fanart>https://image.tmdb.org/t/p/w1280//zM2Rdsh4kiTEXPkkO9lWBzZpwAH.jpg</fanart>
</item>
<item>
	<title>Dumbo</title>
	<meta>
		<content>movie</content>
		<imdb>tt0033563</imdb>
		<title>Dumbo</title>
		<year>1941</year>
	</meta>
	<link>
		<sublink>search</sublink>
		<sublink>searchsd</sublink>
	</link>
	<thumbnail>https://image.tmdb.org/t/p/w1280//hKDdllslMtsU9JixAv5HR9biXlp.jpg</thumbnail>
	<fanart>https://image.tmdb.org/t/p/w1280//sa5vHfu5n4NFqZbVf2hzqGr6bim.jpg</fanart>
</item>
<item>
	<title>Space Jam</title>
	<meta>
		<content>movie</content>
		<imdb>tt0117705</imdb>
		<title>Space Jam</title>
		<year>1996</year>
	</meta>
	<link>
		<sublink>search</sublink>
		<sublink>searchsd</sublink>
	</link>
	<thumbnail>https://image.tmdb.org/t/p/w1280//bJhVLribUKCrKv1h1WFqv4QmRWM.jpg</thumbnail>
	<fanart>https://image.tmdb.org/t/p/w1280//kBTdPNTAzagAY6UiwY957KCDGuu.jpg</fanart>
</item>
<item>
	<title>The Aristocats</title>
	<meta>
		<content>movie</content>
		<imdb>tt0065421</imdb>
		<title>The Aristocats</title>
		<year>1970</year>
	</meta>
	<link>
		<sublink>search</sublink>
		<sublink>searchsd</sublink>
	</link>
	<thumbnail>https://image.tmdb.org/t/p/w1280//3LudCahifOrueMklYBxAXY2wpBg.jpg</thumbnail>
	<fanart>https://image.tmdb.org/t/p/w1280//wdAFkYTSxdzbQx35aZdfv4Nm9l.jpg</fanart>
</item>
<item>
	<title>Mr. Peabody & Sherman</title>
	<meta>
		<content>movie</content>
		<imdb>tt0864835</imdb>
		<title>Mr. Peabody & Sherman</title>
		<year>2014</year>
	</meta>
	<link>
		<sublink>search</sublink>
		<sublink>searchsd</sublink>
	</link>
	<thumbnail>https://image.tmdb.org/t/p/w1280//wGRWVfhMdGIThSDld2965oUkJ5E.jpg</thumbnail>
	<fanart>https://image.tmdb.org/t/p/w1280//obKkOgdvV7kOFUuIOBd2dZ85p4k.jpg</fanart>
</item>
<item>
	<title>Enchanted</title>
	<meta>
		<content>movie</content>
		<imdb>tt0461770</imdb>
		<title>Enchanted</title>
		<year>2007</year>
	</meta>
	<link>
		<sublink>search</sublink>
		<sublink>searchsd</sublink>
	</link>
	<thumbnail>https://image.tmdb.org/t/p/w1280//8KCNzCArLlvLdQoHx6npua2VSVc.jpg</thumbnail>
	<fanart>https://image.tmdb.org/t/p/w1280//9l5Nzo1qbEslfCu2NYWimpZ1Vkc.jpg</fanart>
</item>
<item>
	<title>Paddington</title>
	<meta>
		<content>movie</content>
		<imdb>tt1109624</imdb>
		<title>Paddington</title>
		<year>2014</year>
	</meta>
	<link>
		<sublink>search</sublink>
		<sublink>searchsd</sublink>
	</link>
	<thumbnail>https://image.tmdb.org/t/p/w1280//hfjfjYsTBHgfogLWWiTm5OP7KpD.jpg</thumbnail>
	<fanart>https://image.tmdb.org/t/p/w1280//zwMEMIo1j5TjP9oUG89aWCKDjYt.jpg</fanart>
</item>
<item>
	<title>Pinocchio</title>
	<meta>
		<content>movie</content>
		<imdb>tt0032910</imdb>
		<title>Pinocchio</title>
		<year>1940</year>
	</meta>
	<link>
		<sublink>search</sublink>
		<sublink>searchsd</sublink>
	</link>
	<thumbnail>https://image.tmdb.org/t/p/w1280//hu9sn5kHTXZsafNQYQf4qQ16BGI.jpg</thumbnail>
	<fanart>https://image.tmdb.org/t/p/w1280//rma1Rc12ogaCuqlu3e9rU1ma6My.jpg</fanart>
</item>
<item>
	<title>Over the Hedge</title>
	<meta>
		<content>movie</content>
		<imdb>tt0327084</imdb>
		<title>Over the Hedge</title>
		<year>2006</year>
	</meta>
	<link>
		<sublink>search</sublink>
		<sublink>searchsd</sublink>
	</link>
	<thumbnail>https://image.tmdb.org/t/p/w1280//fGvoD6n6blbFprgbl3BJ2U8YHSF.jpg</thumbnail>
	<fanart>https://image.tmdb.org/t/p/w1280//lNABYZx4BLt97dinPV4iRegGVfa.jpg</fanart>
</item>
<item>
	<title>The Hunchback of Notre Dame</title>
	<meta>
		<content>movie</content>
		<imdb>tt0116583</imdb>
		<title>The Hunchback of Notre Dame</title>
		<year>1996</year>
	</meta>
	<link>
		<sublink>search</sublink>
		<sublink>searchsd</sublink>
	</link>
	<thumbnail>https://image.tmdb.org/t/p/w1280//gpMXF2Bp7GHTT8GbMgf7yuBEyuV.jpg</thumbnail>
	<fanart>https://image.tmdb.org/t/p/w1280//cHada6eEf0hCOr25paU9YEt6N6l.jpg</fanart>
</item>
<item>
	<title>Robin Hood</title>
	<meta>
		<content>movie</content>
		<imdb>tt0070608</imdb>
		<title>Robin Hood</title>
		<year>1973</year>
	</meta>
	<link>
		<sublink>search</sublink>
		<sublink>searchsd</sublink>
	</link>
	<thumbnail>https://image.tmdb.org/t/p/w1280//yMdpnj5fh4NP39B3YrXyLjpZUBt.jpg</thumbnail>
	<fanart>https://image.tmdb.org/t/p/w1280//gidtawc8Mne3Dc5UrkvXhoIZqCZ.jpg</fanart>
</item>
<item>
	<title>The Book of Life</title>
	<meta>
		<content>movie</content>
		<imdb>tt2262227</imdb>
		<title>The Book of Life</title>
		<year>2014</year>
	</meta>
	<link>
		<sublink>search</sublink>
		<sublink>searchsd</sublink>
	</link>
	<thumbnail>https://image.tmdb.org/t/p/w1280//5B4lKHSQAtT1FSEfbjJkQ8ylxAY.jpg</thumbnail>
	<fanart>https://image.tmdb.org/t/p/w1280//lVshZpxU5EB8zXJrnXxblaDps6m.jpg</fanart>
</item>
<item>
	<title>Horton Hears a Who!</title>
	<meta>
		<content>movie</content>
		<imdb>tt0451079</imdb>
		<title>Horton Hears a Who!</title>
		<year>2008</year>
	</meta>
	<link>
		<sublink>search</sublink>
		<sublink>searchsd</sublink>
	</link>
	<thumbnail>https://image.tmdb.org/t/p/w1280//cYc2MbsXsDbMcf3tZDSiuNLn7kn.jpg</thumbnail>
	<fanart>https://image.tmdb.org/t/p/w1280//jft2L1Jhe9xhKhB5uYBzYIjGXkw.jpg</fanart>
</item>
<item>
	<title>Atlantis: The Lost Empire</title>
	<meta>
		<content>movie</content>
		<imdb>tt0230011</imdb>
		<title>Atlantis: The Lost Empire</title>
		<year>2001</year>
	</meta>
	<link>
		<sublink>search</sublink>
		<sublink>searchsd</sublink>
	</link>
	<thumbnail>https://image.tmdb.org/t/p/w1280//9kbLIQEj99g5Hb9g1IG3VNdtt3h.jpg</thumbnail>
	<fanart>https://image.tmdb.org/t/p/w1280//fYr0fqT9NImOuaN1QgnDHgGh4Ci.jpg</fanart>
</item>
<item>
	<title>The Last Airbender</title>
	<meta>
		<content>movie</content>
		<imdb>tt0938283</imdb>
		<title>The Last Airbender</title>
		<year>2010</year>
	</meta>
	<link>
		<sublink>search</sublink>
		<sublink>searchsd</sublink>
	</link>
	<thumbnail>https://image.tmdb.org/t/p/w1280//zgwRTYWEEPivTwjB9S03HtmMcbM.jpg</thumbnail>
	<fanart>https://image.tmdb.org/t/p/w1280//fuINagU2N0RxoQWenf00txtXfV5.jpg</fanart>
</item>
<item>
	<title>The Sound of Music</title>
	<meta>
		<content>movie</content>
		<imdb>tt0059742</imdb>
		<title>The Sound of Music</title>
		<year>1965</year>
	</meta>
	<link>
		<sublink>search</sublink>
		<sublink>searchsd</sublink>
	</link>
	<thumbnail>https://image.tmdb.org/t/p/w1280//459fPVvI4lkEV0piSfcq0irKHi8.jpg</thumbnail>
	<fanart>https://image.tmdb.org/t/p/w1280//weiACHVZa0lQ10cd3BhJm9d8YUF.jpg</fanart>
</item>
<item>
	<title>Anastasia</title>
	<meta>
		<content>movie</content>
		<imdb>tt0118617</imdb>
		<title>Anastasia</title>
		<year>1997</year>
	</meta>
	<link>
		<sublink>search</sublink>
		<sublink>searchsd</sublink>
	</link>
	<thumbnail>https://image.tmdb.org/t/p/w1280//dKJ6OOYlHGPARKidvP1kYJjXW29.jpg</thumbnail>
	<fanart>https://image.tmdb.org/t/p/w1280//hxU2uN1qUp8nptZcHqju5Byk7FQ.jpg</fanart>
</item>
<item>
	<title>Lemony Snicket's A Series of Unfortunate Events</title>
	<meta>
		<content>movie</content>
		<imdb>tt0339291</imdb>
		<title>Lemony Snicket's A Series of Unfortunate Events</title>
		<year>2004</year>
	</meta>
	<link>
		<sublink>search</sublink>
		<sublink>searchsd</sublink>
	</link>
	<thumbnail>https://image.tmdb.org/t/p/w1280//dHQMAj9E2G2ewjN1aCOPubsZaj1.jpg</thumbnail>
	<fanart>https://image.tmdb.org/t/p/w1280//iH65TTlQtDKCFZ9FZI04jz6xKPF.jpg</fanart>
</item>
<item>
	<title>Treasure Planet</title>
	<meta>
		<content>movie</content>
		<imdb>tt0133240</imdb>
		<title>Treasure Planet</title>
		<year>2002</year>
	</meta>
	<link>
		<sublink>search</sublink>
		<sublink>searchsd</sublink>
	</link>
	<thumbnail>https://image.tmdb.org/t/p/w1280//yfcoA7q9n852yVnYa0VcAchgA72.jpg</thumbnail>
	<fanart>https://image.tmdb.org/t/p/w1280//3HVvtFm9NvOfn1u3yfeEugh2ZWj.jpg</fanart>
</item>
<item>
	<title>Brother Bear</title>
	<meta>
		<content>movie</content>
		<imdb>tt0328880</imdb>
		<title>Brother Bear</title>
		<year>2003</year>
	</meta>
	<link>
		<sublink>search</sublink>
		<sublink>searchsd</sublink>
	</link>
	<thumbnail>https://image.tmdb.org/t/p/w1280//otptPbEY0vBostmo95xwiiumMJm.jpg</thumbnail>
	<fanart>https://image.tmdb.org/t/p/w1280//mDgZ8aLCrH4NcUJIvF0W5B8qa4G.jpg</fanart>
</item>
<item>
	<title>Legend of the Guardians: The Owls of Ga'Hoole</title>
	<meta>
		<content>movie</content>
		<imdb>tt1219342</imdb>
		<title>Legend of the Guardians: The Owls of Ga'Hoole</title>
		<year>2010</year>
	</meta>
	<link>
		<sublink>search</sublink>
		<sublink>searchsd</sublink>
	</link>
	<thumbnail>https://image.tmdb.org/t/p/w1280//mgkRaVtdrOAZT2cFZi9Ihh9QpuL.jpg</thumbnail>
	<fanart>https://image.tmdb.org/t/p/w1280//6lwiZ1v5n3F0oY9ouCLlI9LgRRm.jpg</fanart>
</item>
<item>
	<title>The Sword in the Stone</title>
	<meta>
		<content>movie</content>
		<imdb>tt0057546</imdb>
		<title>The Sword in the Stone</title>
		<year>1963</year>
	</meta>
	<link>
		<sublink>search</sublink>
		<sublink>searchsd</sublink>
	</link>
	<thumbnail>https://image.tmdb.org/t/p/w1280//wZyRYmYrAWNiFhXohp4Ly8svpJH.jpg</thumbnail>
	<fanart>https://image.tmdb.org/t/p/w1280//nFM5i0ur7XstB9WvvkPX6QGPq86.jpg</fanart>
</item>
<item>
	<title>Chicken Little</title>
	<meta>
		<content>movie</content>
		<imdb>tt0371606</imdb>
		<title>Chicken Little</title>
		<year>2005</year>
	</meta>
	<link>
		<sublink>search</sublink>
		<sublink>searchsd</sublink>
	</link>
	<thumbnail>https://image.tmdb.org/t/p/w1280//iLMALbInUmbNn1tHmxJEWm5MyjP.jpg</thumbnail>
	<fanart>https://image.tmdb.org/t/p/w1280//tsuO7UaOZGY1Lm6LeQgpSuJq0Y.jpg</fanart>
</item>
<item>
	<title>The Addams Family</title>
	<meta>
		<content>movie</content>
		<imdb>tt0101272</imdb>
		<title>The Addams Family</title>
		<year>1991</year>
	</meta>
	<link>
		<sublink>search</sublink>
		<sublink>searchsd</sublink>
	</link>
	<thumbnail>https://image.tmdb.org/t/p/w1280//ajiQj0jbacMAmPxDU3fP9TeIfTi.jpg</thumbnail>
	<fanart>https://image.tmdb.org/t/p/w1280//QF8QdGN6SJm6A2dvFG0pA3SBV6.jpg</fanart>
</item>
<item>
	<title>The Fox and the Hound</title>
	<meta>
		<content>movie</content>
		<imdb>tt0082406</imdb>
		<title>The Fox and the Hound</title>
		<year>1981</year>
	</meta>
	<link>
		<sublink>search</sublink>
		<sublink>searchsd</sublink>
	</link>
	<thumbnail>https://image.tmdb.org/t/p/w1280//hDXg3U4eCxuqvrb7BEDXj2tAsdK.jpg</thumbnail>
	<fanart>https://image.tmdb.org/t/p/w1280//i6JYzuTiCDLF1gC3oufEalwJAQ9.jpg</fanart>
</item>
<item>
	<title>101 Dalmatians</title>
	<meta>
		<content>movie</content>
		<imdb>tt0115433</imdb>
		<title>101 Dalmatians</title>
		<year>1996</year>
	</meta>
	<link>
		<sublink>search</sublink>
		<sublink>searchsd</sublink>
	</link>
	<thumbnail>https://image.tmdb.org/t/p/w1280//pdVFUWxxDB5qt1RhcMp9A88IcGU.jpg</thumbnail>
	<fanart>https://image.tmdb.org/t/p/w1280//hm6ohX7n6xAfhVQIxnAiyrIIb9w.jpg</fanart>
</item>
<item>
	<title>The Good Dinosaur</title>
	<meta>
		<content>movie</content>
		<imdb>tt1979388</imdb>
		<title>The Good Dinosaur</title>
		<year>2015</year>
	</meta>
	<link>
		<sublink>search</sublink>
		<sublink>searchsd</sublink>
	</link>
	<thumbnail>https://image.tmdb.org/t/p/w1280//2ZckiMTfSkCep2JTtZbr73tnQbN.jpg</thumbnail>
	<fanart>https://image.tmdb.org/t/p/w1280//pDuD96Fz0ZZXf9buEvRu1UQsmFT.jpg</fanart>
</item>
<item>
	<title>The Land Before Time</title>
	<meta>
		<content>movie</content>
		<imdb>tt0095489</imdb>
		<title>The Land Before Time</title>
		<year>1988</year>
	</meta>
	<link>
		<sublink>search</sublink>
		<sublink>searchsd</sublink>
	</link>
	<thumbnail>https://image.tmdb.org/t/p/w1280//hkKSmDRnbKUBAyZszz9b4kcQhvt.jpg</thumbnail>
	<fanart>https://image.tmdb.org/t/p/w1280//t9svFw203MlNfgWb62HEHsrUxTt.jpg</fanart>
</item>
<item>
	<title>The Road to El Dorado</title>
	<meta>
		<content>movie</content>
		<imdb>tt0138749</imdb>
		<title>The Road to El Dorado</title>
		<year>2000</year>
	</meta>
	<link>
		<sublink>search</sublink>
		<sublink>searchsd</sublink>
	</link>
	<thumbnail>https://image.tmdb.org/t/p/w1280//lQnNNjT4yW3i2rmQhGibiPBnc6e.jpg</thumbnail>
	<fanart>https://image.tmdb.org/t/p/w1280//wO94ht5j5LpFoXeQomW0ItbOfsE.jpg</fanart>
</item>
<item>
	<title>The Nut Job</title>
	<meta>
		<content>movie</content>
		<imdb>tt1821658</imdb>
		<title>The Nut Job</title>
		<year>2014</year>
	</meta>
	<link>
		<sublink>search</sublink>
		<sublink>searchsd</sublink>
	</link>
	<thumbnail>https://image.tmdb.org/t/p/w1280//rXdSfDu08cs0fU9S6l3AK1bJqy8.jpg</thumbnail>
	<fanart>https://image.tmdb.org/t/p/w1280//TCtQLLO9PRqCcPCFgpx77a3Pct.jpg</fanart>
</item>
<item>
	<title>The Lion King 11/2</title>
	<meta>
		<content>movie</content>
		<imdb>tt0318403</imdb>
		<title>The Lion King 11/2</title>
		<year>2004</year>
	</meta>
	<link>
		<sublink>search</sublink>
		<sublink>searchsd</sublink>
	</link>
	<thumbnail>https://image.tmdb.org/t/p/w1280//nCSu6jqZXqbXW1HeeveMYNOU02H.jpg</thumbnail>
	<fanart>https://image.tmdb.org/t/p/w1280//pql1l2FPU5e4nPxoY2TbYaPwjLj.jpg</fanart>
</item>
<item>
	<title>Titan A.E.</title>
	<meta>
		<content>movie</content>
		<imdb>tt0120913</imdb>
		<title>Titan A.E.</title>
		<year>2000</year>
	</meta>
	<link>
		<sublink>search</sublink>
		<sublink>searchsd</sublink>
	</link>
	<thumbnail>https://image.tmdb.org/t/p/w1280//huI8CYyxY0BhzJSLn6XAP4nWAv.jpg</thumbnail>
	<fanart>https://image.tmdb.org/t/p/w1280//gb1EB2iKOPvA3OTPLTXHAsPb7ek.jpg</fanart>
</item>
<item>
	<title>Dinosaur</title>
	<meta>
		<content>movie</content>
		<imdb>tt0130623</imdb>
		<title>Dinosaur</title>
		<year>2000</year>
	</meta>
	<link>
		<sublink>search</sublink>
		<sublink>searchsd</sublink>
	</link>
	<thumbnail>https://image.tmdb.org/t/p/w1280//jZDp3C5howi40aCeqXDJliodXk9.jpg</thumbnail>
	<fanart>https://image.tmdb.org/t/p/w1280//vBFjYCEQHlGrMgASt7cenGmMlNG.jpg</fanart>
</item>
<item>
	<title>Open Season</title>
	<meta>
		<content>movie</content>
		<imdb>tt0400717</imdb>
		<title>Open Season</title>
		<year>2006</year>
	</meta>
	<link>
		<sublink>search</sublink>
		<sublink>searchsd</sublink>
	</link>
	<thumbnail>https://image.tmdb.org/t/p/w1280//9TY3wQPNhZ60Mng0JetKEOfXqxU.jpg</thumbnail>
	<fanart>https://image.tmdb.org/t/p/w1280//7bmzhqOJ9TGXUU5d4pqYUWl3YZ8.jpg</fanart>
</item>
<item>
	<title>An American Tail</title>
	<meta>
		<content>movie</content>
		<imdb>tt0090633</imdb>
		<title>An American Tail</title>
		<year>1986</year>
	</meta>
	<link>
		<sublink>search</sublink>
		<sublink>searchsd</sublink>
	</link>
	<thumbnail>https://image.tmdb.org/t/p/w1280//glZNfxN4cef0pJeD08xru7ZVWlI.jpg</thumbnail>
	<fanart>https://image.tmdb.org/t/p/w1280//bl42TZnTrT1b9bGcE153ZYWZmDw.jpg</fanart>
</item>
<item>
	<title>Mulan II</title>
	<meta>
		<content>movie</content>
		<imdb>tt0279967</imdb>
		<title>Mulan II</title>
		<year>2004</year>
	</meta>
	<link>
		<sublink>search</sublink>
		<sublink>searchsd</sublink>
	</link>
	<thumbnail>https://image.tmdb.org/t/p/w1280//ebuRP7g3tJlLxeejylu4Wx4Qsjv.jpg</thumbnail>
	<fanart>https://image.tmdb.org/t/p/w1280//7qzlrqvvXvl4SYbjTErZ0x8uZxA.jpg</fanart>
</item>
<item>
	<title>Eight Below</title>
	<meta>
		<content>movie</content>
		<imdb>tt0397313</imdb>
		<title>Eight Below</title>
		<year>2006</year>
	</meta>
	<link>
		<sublink>search</sublink>
		<sublink>searchsd</sublink>
	</link>
	<thumbnail>https://image.tmdb.org/t/p/w1280//b25TensrtHJNGeYFFtI86GMO27a.jpg</thumbnail>
	<fanart>https://image.tmdb.org/t/p/w1280//kHRrE2xAMe3JdPTwY4wXgOhlfmv.jpg</fanart>
</item>
<dir>
	<title>Next Page >></title>
	<trakt>https://api.trakt.tv/users/alienstream/lists/kids/items?page=2</trakt>
	<summary>Go To Page 2</summary>
</dir>
