<item>
	<title>Inception</title>
	<meta>
		<content>movie</content>
		<imdb>tt1375666</imdb>
		<title>Inception</title>
		<year>2010</year>
	</meta>
	<link>
		<sublink>search</sublink>
		<sublink>searchsd</sublink>
	</link>
	<thumbnail>https://image.tmdb.org/t/p/w1280//qmDpIHrmpJINaRKAfWQfftjCdyi.jpg</thumbnail>
	<fanart>https://image.tmdb.org/t/p/w1280//s2bT29y0ngXxxu2IA8AOzzXTRhd.jpg</fanart>
</item>
<dir>
	<title>Lost</title>
	<meta>
		<content>tvshow</content>
		<imdb>tt0411008</imdb>
		<tvshowtitle>Lost</tvshowtitle>
		<year>2004</year>
	</meta>
	<link>trakt_tv_show(4583, 2004, Lost, 4607, tt0411008)</link>
	<thumbnail>https://image.tmdb.org/t/p/w1280//jyGspygDXJMydTOJj7iWNx9Elyd.jpg</thumbnail>
	<fanart>https://image.tmdb.org/t/p/w1280/pRPJj3oczSIxo8L80qNweXaWnrp.jpg</fanart>
</dir>
<item>
	<title>Fight Club</title>
	<meta>
		<content>movie</content>
		<imdb>tt0137523</imdb>
		<title>Fight Club</title>
		<year>1999</year>
	</meta>
	<link>
		<sublink>search</sublink>
		<sublink>searchsd</sublink>
	</link>
	<thumbnail>https://image.tmdb.org/t/p/w1280//adw6Lq9FiC9zjYEpOqfq03ituwp.jpg</thumbnail>
	<fanart>https://image.tmdb.org/t/p/w1280//mMZRKb3NVo5ZeSPEIaNW9buLWQ0.jpg</fanart>
</item>
<item>
	<title>The Sixth Sense</title>
	<meta>
		<content>movie</content>
		<imdb>tt0167404</imdb>
		<title>The Sixth Sense</title>
		<year>1999</year>
	</meta>
	<link>
		<sublink>search</sublink>
		<sublink>searchsd</sublink>
	</link>
	<thumbnail>https://image.tmdb.org/t/p/w1280//imps263dHNe3SuoaAJORZyNTdDT.jpg</thumbnail>
	<fanart>https://image.tmdb.org/t/p/w1280//y67X8DSDEAVcfo9aqX6yipsTsrX.jpg</fanart>
</item>
<item>
	<title>Memento</title>
	<meta>
		<content>movie</content>
		<imdb>tt0209144</imdb>
		<title>Memento</title>
		<year>2000</year>
	</meta>
	<link>
		<sublink>search</sublink>
		<sublink>searchsd</sublink>
	</link>
	<thumbnail>https://image.tmdb.org/t/p/w1280//fQMSaP88cf1nz4qwuNEEFtazuDM.jpg</thumbnail>
	<fanart>https://image.tmdb.org/t/p/w1280//oBUznaSdjkY3HtQUzAxgdIZqh4w.jpg</fanart>
</item>
<item>
	<title>Brainscan</title>
	<meta>
		<content>movie</content>
		<imdb>tt0109327</imdb>
		<title>Brainscan</title>
		<year>1994</year>
	</meta>
	<link>
		<sublink>search</sublink>
		<sublink>searchsd</sublink>
	</link>
	<thumbnail>https://image.tmdb.org/t/p/w1280//mNNJ3bFfthv651n3eOZlM68w1KO.jpg</thumbnail>
	<fanart>https://image.tmdb.org/t/p/w1280//45GJlmIa386ZE2TDtgv1IKG2Lg.jpg</fanart>
</item>
<item>
	<title>A Beautiful Mind</title>
	<meta>
		<content>movie</content>
		<imdb>tt0268978</imdb>
		<title>A Beautiful Mind</title>
		<year>2001</year>
	</meta>
	<link>
		<sublink>search</sublink>
		<sublink>searchsd</sublink>
	</link>
	<thumbnail>https://image.tmdb.org/t/p/w1280//4SFqHDZ1NvWdysucWbgnYlobdxC.jpg</thumbnail>
	<fanart>https://image.tmdb.org/t/p/w1280//5YF6MwuuKBRKLUE2dz3wetkgxAE.jpg</fanart>
</item>
<item>
	<title>The Prestige</title>
	<meta>
		<content>movie</content>
		<imdb>tt0482571</imdb>
		<title>The Prestige</title>
		<year>2006</year>
	</meta>
	<link>
		<sublink>search</sublink>
		<sublink>searchsd</sublink>
	</link>
	<thumbnail>https://image.tmdb.org/t/p/w1280//5MXyQfz8xUP3dIFPTubhTsbFY6N.jpg</thumbnail>
	<fanart>https://image.tmdb.org/t/p/w1280//c5o7FN2vzI7xlU6IF1y64mgcH9E.jpg</fanart>
</item>
<item>
	<title>The Illusionist</title>
	<meta>
		<content>movie</content>
		<imdb>tt0443543</imdb>
		<title>The Illusionist</title>
		<year>2006</year>
	</meta>
	<link>
		<sublink>search</sublink>
		<sublink>searchsd</sublink>
	</link>
	<thumbnail>https://image.tmdb.org/t/p/w1280//sRYw9oAiporMpq1GWcYHqmpdeAO.jpg</thumbnail>
	<fanart>https://image.tmdb.org/t/p/w1280//dJl5xLVNoIUOyeQdrrc2W9cl88m.jpg</fanart>
</item>
<item>
	<title>Shutter Island</title>
	<meta>
		<content>movie</content>
		<imdb>tt1130884</imdb>
		<title>Shutter Island</title>
		<year>2010</year>
	</meta>
	<link>
		<sublink>search</sublink>
		<sublink>searchsd</sublink>
	</link>
	<thumbnail>https://image.tmdb.org/t/p/w1280//zumLrxQmbpqhGcjpYcmZ1YXCCvI.jpg</thumbnail>
	<fanart>https://image.tmdb.org/t/p/w1280//fmLWuAfDPaUa3Vi5nO1YUUyZaX6.jpg</fanart>
</item>
<item>
	<title>The Devil's Advocate</title>
	<meta>
		<content>movie</content>
		<imdb>tt0118971</imdb>
		<title>The Devil's Advocate</title>
		<year>1997</year>
	</meta>
	<link>
		<sublink>search</sublink>
		<sublink>searchsd</sublink>
	</link>
	<thumbnail>https://image.tmdb.org/t/p/w1280//eSivb4EyOAyEum70mOSHtAWiUe3.jpg</thumbnail>
	<fanart>https://image.tmdb.org/t/p/w1280//uprkH1mXqPZQXyl19VShgw9YMTf.jpg</fanart>
</item>
<item>
	<title>Black Swan</title>
	<meta>
		<content>movie</content>
		<imdb>tt0947798</imdb>
		<title>Black Swan</title>
		<year>2010</year>
	</meta>
	<link>
		<sublink>search</sublink>
		<sublink>searchsd</sublink>
	</link>
	<thumbnail>https://image.tmdb.org/t/p/w1280//dQ7uxvsVTspVIsqjfgQj8usJpwX.jpg</thumbnail>
	<fanart>https://image.tmdb.org/t/p/w1280//t8jFs6cOl1YVSfXXZivWtEb14tF.jpg</fanart>
</item>
<item>
	<title>The Matrix</title>
	<meta>
		<content>movie</content>
		<imdb>tt0133093</imdb>
		<title>The Matrix</title>
		<year>1999</year>
	</meta>
	<link>
		<sublink>search</sublink>
		<sublink>searchsd</sublink>
	</link>
	<thumbnail>https://image.tmdb.org/t/p/w1280//hEpWvX6Bp79eLxY1kX5ZZJcme5U.jpg</thumbnail>
	<fanart>https://image.tmdb.org/t/p/w1280//dbBwK83VsgkDPvDLk9FcpzTDExh.jpg</fanart>
</item>
<item>
	<title>The Shining</title>
	<meta>
		<content>movie</content>
		<imdb>tt0081505</imdb>
		<title>The Shining</title>
		<year>1980</year>
	</meta>
	<link>
		<sublink>search</sublink>
		<sublink>searchsd</sublink>
	</link>
	<thumbnail>https://image.tmdb.org/t/p/w1280//9fgh3Ns1iRzlQNYuJyK0ARQZU7w.jpg</thumbnail>
	<fanart>https://image.tmdb.org/t/p/w1280//h4DcDCOkQBENWBJZjNlPv3adQfM.jpg</fanart>
</item>
<item>
	<title>The Machinist</title>
	<meta>
		<content>movie</content>
		<imdb>tt0361862</imdb>
		<title>The Machinist</title>
		<year>2004</year>
	</meta>
	<link>
		<sublink>search</sublink>
		<sublink>searchsd</sublink>
	</link>
	<thumbnail>https://image.tmdb.org/t/p/w1280//2tYr40n1ZjbMfYq20ieiAPsSe5.jpg</thumbnail>
	<fanart>https://image.tmdb.org/t/p/w1280//kDZYmt7tapNiaw8JfaUCDCKVYH5.jpg</fanart>
</item>
<item>
	<title>Donnie Darko</title>
	<meta>
		<content>movie</content>
		<imdb>tt0246578</imdb>
		<title>Donnie Darko</title>
		<year>2001</year>
	</meta>
	<link>
		<sublink>search</sublink>
		<sublink>searchsd</sublink>
	</link>
	<thumbnail>https://image.tmdb.org/t/p/w1280//nmb4QhCRmdfNP6rgb81yUFgI83l.jpg</thumbnail>
	<fanart>https://image.tmdb.org/t/p/w1280//mqMGZIMKg2tGEkcuSduAxWAL7UF.jpg</fanart>
</item>
<item>
	<title>Vanilla Sky</title>
	<meta>
		<content>movie</content>
		<imdb>tt0259711</imdb>
		<title>Vanilla Sky</title>
		<year>2001</year>
	</meta>
	<link>
		<sublink>search</sublink>
		<sublink>searchsd</sublink>
	</link>
	<thumbnail>https://image.tmdb.org/t/p/w1280//ujMy9P4VczTW9YSpAM31uqdOMpz.jpg</thumbnail>
	<fanart>https://image.tmdb.org/t/p/w1280//6XwX3HzKhlBUbTy2qZx0THQOu2T.jpg</fanart>
</item>
<item>
	<title>The Game</title>
	<meta>
		<content>movie</content>
		<imdb>tt0119174</imdb>
		<title>The Game</title>
		<year>1997</year>
	</meta>
	<link>
		<sublink>search</sublink>
		<sublink>searchsd</sublink>
	</link>
	<thumbnail>https://image.tmdb.org/t/p/w1280//4b7QXyDJsDFXrwVHUNlrmezCZJC.jpg</thumbnail>
	<fanart>https://image.tmdb.org/t/p/w1280//qmeLOI0Dkb49yZARVFT2Vqc9bf5.jpg</fanart>
</item>
<item>
	<title>1408</title>
	<meta>
		<content>movie</content>
		<imdb>tt0450385</imdb>
		<title>1408</title>
		<year>2007</year>
	</meta>
	<link>
		<sublink>search</sublink>
		<sublink>searchsd</sublink>
	</link>
	<thumbnail>https://image.tmdb.org/t/p/w1280//4onX7UF2MPUgIpkUerLC3dpVfNZ.jpg</thumbnail>
	<fanart>https://image.tmdb.org/t/p/w1280//om5m4YIDzHC5nEQkyLUUxIwcXZa.jpg</fanart>
</item>
<item>
	<title>American Psycho</title>
	<meta>
		<content>movie</content>
		<imdb>tt0144084</imdb>
		<title>American Psycho</title>
		<year>2000</year>
	</meta>
	<link>
		<sublink>search</sublink>
		<sublink>searchsd</sublink>
	</link>
	<thumbnail>https://image.tmdb.org/t/p/w1280//qXsylPM4Lr5397R3eHrfqHhTUNc.jpg</thumbnail>
	<fanart>https://image.tmdb.org/t/p/w1280//zf7L87ZS2cXjaRT5d3ibIUaJvoo.jpg</fanart>
</item>
<item>
	<title>The Usual Suspects</title>
	<meta>
		<content>movie</content>
		<imdb>tt0114814</imdb>
		<title>The Usual Suspects</title>
		<year>1995</year>
	</meta>
	<link>
		<sublink>search</sublink>
		<sublink>searchsd</sublink>
	</link>
	<thumbnail>https://image.tmdb.org/t/p/w1280//jgJoRWltoS17nD5MAQ1yK2Ztefw.jpg</thumbnail>
	<fanart>https://image.tmdb.org/t/p/w1280//c7e3nH3wtSBDrHRB63onrGptl6D.jpg</fanart>
</item>
<item>
	<title>Unbreakable</title>
	<meta>
		<content>movie</content>
		<imdb>tt0217869</imdb>
		<title>Unbreakable</title>
		<year>2000</year>
	</meta>
	<link>
		<sublink>search</sublink>
		<sublink>searchsd</sublink>
	</link>
	<thumbnail>https://image.tmdb.org/t/p/w1280//pvL37V88plePxFSszCbV3wRHiBm.jpg</thumbnail>
	<fanart>https://image.tmdb.org/t/p/w1280//r6CPXyNjuuqE0HNP4DBX4poQtda.jpg</fanart>
</item>
<item>
	<title>Saw</title>
	<meta>
		<content>movie</content>
		<imdb>tt0387564</imdb>
		<title>Saw</title>
		<year>2004</year>
	</meta>
	<link>
		<sublink>search</sublink>
		<sublink>searchsd</sublink>
	</link>
	<thumbnail>https://image.tmdb.org/t/p/w1280//dHYvIgsax8ZFgkz1OslE4V6Pnf5.jpg</thumbnail>
	<fanart>https://image.tmdb.org/t/p/w1280//wXZB5DV0sgdSlFRUrZdE7fBLGEH.jpg</fanart>
</item>
<item>
	<title>Cube</title>
	<meta>
		<content>movie</content>
		<imdb>tt0123755</imdb>
		<title>Cube</title>
		<year>1997</year>
	</meta>
	<link>
		<sublink>search</sublink>
		<sublink>searchsd</sublink>
	</link>
	<thumbnail>https://image.tmdb.org/t/p/w1280//u50r6chJGO2iqxVAvtQ07obiCkB.jpg</thumbnail>
	<fanart>https://image.tmdb.org/t/p/w1280//7BtMwHuHCgi0oE0SuITgfWOmPTu.jpg</fanart>
</item>
<item>
	<title>Moon</title>
	<meta>
		<content>movie</content>
		<imdb>tt1182345</imdb>
		<title>Moon</title>
		<year>2009</year>
	</meta>
	<link>
		<sublink>search</sublink>
		<sublink>searchsd</sublink>
	</link>
	<thumbnail>https://image.tmdb.org/t/p/w1280//2tgl9q3ZaVQUfSsbftqhRxXCElB.jpg</thumbnail>
	<fanart>https://image.tmdb.org/t/p/w1280//go6jnBNw2iNJKYTazt22SvxVI09.jpg</fanart>
</item>
<item>
	<title>Requiem for a Dream</title>
	<meta>
		<content>movie</content>
		<imdb>tt0180093</imdb>
		<title>Requiem for a Dream</title>
		<year>2000</year>
	</meta>
	<link>
		<sublink>search</sublink>
		<sublink>searchsd</sublink>
	</link>
	<thumbnail>https://image.tmdb.org/t/p/w1280//muym4jTjdLx7E6as09d1wlC3sOB.jpg</thumbnail>
	<fanart>https://image.tmdb.org/t/p/w1280//4xwwVbTyEqzFdiX2kop1rSTX9dR.jpg</fanart>
</item>
<item>
	<title>Total Recall</title>
	<meta>
		<content>movie</content>
		<imdb>tt1386703</imdb>
		<title>Total Recall</title>
		<year>2012</year>
	</meta>
	<link>
		<sublink>search</sublink>
		<sublink>searchsd</sublink>
	</link>
	<thumbnail>https://image.tmdb.org/t/p/w1280//tWBo7aZk3I1dLxmMj7ZJcN8uke5.jpg</thumbnail>
	<fanart>https://image.tmdb.org/t/p/w1280//orFQbyZ6g7kPFaJXmgty0M88wJ0.jpg</fanart>
</item>
<item>
	<title>Event Horizon</title>
	<meta>
		<content>movie</content>
		<imdb>tt0119081</imdb>
		<title>Event Horizon</title>
		<year>1997</year>
	</meta>
	<link>
		<sublink>search</sublink>
		<sublink>searchsd</sublink>
	</link>
	<thumbnail>https://image.tmdb.org/t/p/w1280//vo02iJLsem3VCJ2TNvSzRiJMpAE.jpg</thumbnail>
	<fanart>https://image.tmdb.org/t/p/w1280//u2hltGUbjJLD9DnmpTNp0Ywly2I.jpg</fanart>
</item>
<item>
	<title>Source Code</title>
	<meta>
		<content>movie</content>
		<imdb>tt0945513</imdb>
		<title>Source Code</title>
		<year>2011</year>
	</meta>
	<link>
		<sublink>search</sublink>
		<sublink>searchsd</sublink>
	</link>
	<thumbnail>https://image.tmdb.org/t/p/w1280//cpl7R5d3qwWvykRRSxdhQ0htstU.jpg</thumbnail>
	<fanart>https://image.tmdb.org/t/p/w1280//fJtMFp8J0w7OYZBt1Vsp1eAv5Wy.jpg</fanart>
</item>
<item>
	<title>Awake</title>
	<meta>
		<content>movie</content>
		<imdb>tt0211933</imdb>
		<title>Awake</title>
		<year>2007</year>
	</meta>
	<link>
		<sublink>search</sublink>
		<sublink>searchsd</sublink>
	</link>
	<thumbnail>https://image.tmdb.org/t/p/w1280//yW2LVppyMyutKrZJNqRUVf4nPON.jpg</thumbnail>
	<fanart>https://image.tmdb.org/t/p/w1280//lDGr5MEZjUP1s6rNLQIJAvZzBeN.jpg</fanart>
</item>
<item>
	<title>Repo Men</title>
	<meta>
		<content>movie</content>
		<imdb>tt1053424</imdb>
		<title>Repo Men</title>
		<year>2010</year>
	</meta>
	<link>
		<sublink>search</sublink>
		<sublink>searchsd</sublink>
	</link>
	<thumbnail>https://image.tmdb.org/t/p/w1280//owCZCoKCutG7cf3Gu2ykrbfyRnl.jpg</thumbnail>
	<fanart>https://image.tmdb.org/t/p/w1280//25Zi1tkl1X2vUkbV9HXTVYu38er.jpg</fanart>
</item>
<item>
	<title>Twelve Monkeys</title>
	<meta>
		<content>movie</content>
		<imdb>tt0114746</imdb>
		<title>Twelve Monkeys</title>
		<year>1995</year>
	</meta>
	<link>
		<sublink>search</sublink>
		<sublink>searchsd</sublink>
	</link>
	<thumbnail>https://image.tmdb.org/t/p/w1280//6Sj9wDu3YugthXsU0Vry5XFAZGg.jpg</thumbnail>
	<fanart>https://image.tmdb.org/t/p/w1280//6KXbhaxkgExC5EdDqAzRinhmoZ8.jpg</fanart>
</item>
<item>
	<title>eXistenZ</title>
	<meta>
		<content>movie</content>
		<imdb>tt0120907</imdb>
		<title>eXistenZ</title>
		<year>1999</year>
	</meta>
	<link>
		<sublink>search</sublink>
		<sublink>searchsd</sublink>
	</link>
	<thumbnail>https://image.tmdb.org/t/p/w1280//jvuRnlZvfUnleAZj8g75q4VZedm.jpg</thumbnail>
	<fanart>https://image.tmdb.org/t/p/w1280//xaDt9P9OGpXTHmr1MidcF4dh5tH.jpg</fanart>
</item>
<item>
	<title>The Cell</title>
	<meta>
		<content>movie</content>
		<imdb>tt0209958</imdb>
		<title>The Cell</title>
		<year>2000</year>
	</meta>
	<link>
		<sublink>search</sublink>
		<sublink>searchsd</sublink>
	</link>
	<thumbnail>https://image.tmdb.org/t/p/w1280//tu2rPoVBhEp9fZfOahkqbXSNsxS.jpg</thumbnail>
	<fanart>https://image.tmdb.org/t/p/w1280//46aAskiXtvdtAR9ryEOXJPazKpL.jpg</fanart>
</item>
<item>
	<title>The Jacket</title>
	<meta>
		<content>movie</content>
		<imdb>tt0366627</imdb>
		<title>The Jacket</title>
		<year>2005</year>
	</meta>
	<link>
		<sublink>search</sublink>
		<sublink>searchsd</sublink>
	</link>
	<thumbnail>https://image.tmdb.org/t/p/w1280//ts5hSSpgHEcPFpdfk6gmLLgx5k4.jpg</thumbnail>
	<fanart>https://image.tmdb.org/t/p/w1280//pZx3n8TT0Pe9AU66MytUHL7jzlF.jpg</fanart>
</item>
<item>
	<title>The Others</title>
	<meta>
		<content>movie</content>
		<imdb>tt0230600</imdb>
		<title>The Others</title>
		<year>2001</year>
	</meta>
	<link>
		<sublink>search</sublink>
		<sublink>searchsd</sublink>
	</link>
	<thumbnail>https://image.tmdb.org/t/p/w1280//k9GpVK2dyMMzjciQiMdoaL1WUlS.jpg</thumbnail>
	<fanart>https://image.tmdb.org/t/p/w1280//sLZULNJbQ4ZlomXzFIKKzqr4dte.jpg</fanart>
</item>
<item>
	<title>Identity</title>
	<meta>
		<content>movie</content>
		<imdb>tt0309698</imdb>
		<title>Identity</title>
		<year>2003</year>
	</meta>
	<link>
		<sublink>search</sublink>
		<sublink>searchsd</sublink>
	</link>
	<thumbnail>https://image.tmdb.org/t/p/w1280//xSNSp2wmCUwFavxdkMF417hBc39.jpg</thumbnail>
	<fanart>https://image.tmdb.org/t/p/w1280//arcpWGGnUkGkakOwZo7xfPsaz7h.jpg</fanart>
</item>
<item>
	<title>Flightplan</title>
	<meta>
		<content>movie</content>
		<imdb>tt0408790</imdb>
		<title>Flightplan</title>
		<year>2005</year>
	</meta>
	<link>
		<sublink>search</sublink>
		<sublink>searchsd</sublink>
	</link>
	<thumbnail>https://image.tmdb.org/t/p/w1280//pZetr5lKqN12sRLDvgW7UUxfYtj.jpg</thumbnail>
	<fanart>https://image.tmdb.org/t/p/w1280//qSewyN6JIqlmI3HMjKX8Lbfw8T8.jpg</fanart>
</item>
<item>
	<title>The Manchurian Candidate</title>
	<meta>
		<content>movie</content>
		<imdb>tt0368008</imdb>
		<title>The Manchurian Candidate</title>
		<year>2004</year>
	</meta>
	<link>
		<sublink>search</sublink>
		<sublink>searchsd</sublink>
	</link>
	<thumbnail>https://image.tmdb.org/t/p/w1280//7gZZ6Qk2TZf4bEXHYbBEFlH8emJ.jpg</thumbnail>
	<fanart>https://image.tmdb.org/t/p/w1280//2EK85HcE4qNdpRHkUWNC1CjNsTW.jpg</fanart>
</item>
<item>
	<title>Breakdown</title>
	<meta>
		<content>movie</content>
		<imdb>tt0118771</imdb>
		<title>Breakdown</title>
		<year>1997</year>
	</meta>
	<link>
		<sublink>search</sublink>
		<sublink>searchsd</sublink>
	</link>
	<thumbnail>https://image.tmdb.org/t/p/w1280//uj5VmM4jrn3HHeuFfEH8XQizA2g.jpg</thumbnail>
	<fanart>https://image.tmdb.org/t/p/w1280//zw456uWnzoDszr3zurpdZCAHa0N.jpg</fanart>
</item>
<item>
	<title>K-PAX</title>
	<meta>
		<content>movie</content>
		<imdb>tt0272152</imdb>
		<title>K-PAX</title>
		<year>2001</year>
	</meta>
	<link>
		<sublink>search</sublink>
		<sublink>searchsd</sublink>
	</link>
	<thumbnail>https://image.tmdb.org/t/p/w1280//pCZxl9Si7i46nduSqUSzFdHYiEO.jpg</thumbnail>
	<fanart>https://image.tmdb.org/t/p/w1280//yrPhUxZcTo68CFjsVCdHXYm8emP.jpg</fanart>
</item>
<item>
	<title>Paycheck</title>
	<meta>
		<content>movie</content>
		<imdb>tt0338337</imdb>
		<title>Paycheck</title>
		<year>2003</year>
	</meta>
	<link>
		<sublink>search</sublink>
		<sublink>searchsd</sublink>
	</link>
	<thumbnail>https://image.tmdb.org/t/p/w1280//fvp8I0d21MMbpd0Z8HMeGZXMKGU.jpg</thumbnail>
	<fanart>https://image.tmdb.org/t/p/w1280//7GyIzZImsBTAH0teL1XKG6Nz3OL.jpg</fanart>
</item>
<item>
	<title>Total Recall</title>
	<meta>
		<content>movie</content>
		<imdb>tt0100802</imdb>
		<title>Total Recall</title>
		<year>1990</year>
	</meta>
	<link>
		<sublink>search</sublink>
		<sublink>searchsd</sublink>
	</link>
	<thumbnail>https://image.tmdb.org/t/p/w1280//ikYpJ0AjGBNnAYFnPJDUVIOcduR.jpg</thumbnail>
	<fanart>https://image.tmdb.org/t/p/w1280//rPqCxVXBD89jeWMgJU3MeFA6GDV.jpg</fanart>
</item>
<item>
	<title>Jackie Brown</title>
	<meta>
		<content>movie</content>
		<imdb>tt0119396</imdb>
		<title>Jackie Brown</title>
		<year>1997</year>
	</meta>
	<link>
		<sublink>search</sublink>
		<sublink>searchsd</sublink>
	</link>
	<thumbnail>https://image.tmdb.org/t/p/w1280//4XVPYOdMAizdNMSwS0SK3fPJcvR.jpg</thumbnail>
	<fanart>https://image.tmdb.org/t/p/w1280//oT8RNPVSaZzEhimXcWihQxQPxKy.jpg</fanart>
</item>
<item>
	<title>Pan's Labyrinth</title>
	<meta>
		<content>movie</content>
		<imdb>tt0457430</imdb>
		<title>Pan's Labyrinth</title>
		<year>2006</year>
	</meta>
	<link>
		<sublink>search</sublink>
		<sublink>searchsd</sublink>
	</link>
	<thumbnail>https://image.tmdb.org/t/p/w1280//t0TDsqbCTgSi0AL7k4baZrOYYhi.jpg</thumbnail>
	<fanart>https://image.tmdb.org/t/p/w1280//haDThaiRnJIwzLzpcayNeE4nI69.jpg</fanart>
</item>
<item>
	<title>Gothika</title>
	<meta>
		<content>movie</content>
		<imdb>tt0348836</imdb>
		<title>Gothika</title>
		<year>2003</year>
	</meta>
	<link>
		<sublink>search</sublink>
		<sublink>searchsd</sublink>
	</link>
	<thumbnail>https://image.tmdb.org/t/p/w1280//jwTiVNi21EhaP8QbkJkVUn2SYsa.jpg</thumbnail>
	<fanart>https://image.tmdb.org/t/p/w1280//vrUZrhCyTrw5MkQBD2AWyIAoGRS.jpg</fanart>
</item>
<item>
	<title>Solaris</title>
	<meta>
		<content>movie</content>
		<imdb>tt0307479</imdb>
		<title>Solaris</title>
		<year>2002</year>
	</meta>
	<link>
		<sublink>search</sublink>
		<sublink>searchsd</sublink>
	</link>
	<thumbnail>https://image.tmdb.org/t/p/w1280//8TTniVKEjUWs3DnAMEWMXP6V1ct.jpg</thumbnail>
	<fanart>https://image.tmdb.org/t/p/w1280//qHo4hRPJMlcLrtehK9d1m2MTrj9.jpg</fanart>
</item>
<item>
	<title>Frailty</title>
	<meta>
		<content>movie</content>
		<imdb>tt0264616</imdb>
		<title>Frailty</title>
		<year>2001</year>
	</meta>
	<link>
		<sublink>search</sublink>
		<sublink>searchsd</sublink>
	</link>
	<thumbnail>https://image.tmdb.org/t/p/w1280//z5EhMVaY7lVzNjYp8rK7Y3IJ11s.jpg</thumbnail>
	<fanart>https://image.tmdb.org/t/p/w1280//bhYsiT8V2yV4ZcnxxbIiJUKlRB2.jpg</fanart>
</item>
<item>
	<title>Open Your Eyes</title>
	<meta>
		<content>movie</content>
		<imdb>tt0125659</imdb>
		<title>Open Your Eyes</title>
		<year>1997</year>
	</meta>
	<link>
		<sublink>search</sublink>
		<sublink>searchsd</sublink>
	</link>
	<thumbnail>https://image.tmdb.org/t/p/w1280//vREkQPEO2M1WdtYfwPUTH2M4XQJ.jpg</thumbnail>
	<fanart>https://image.tmdb.org/t/p/w1280//u0mIwLdcJvJpG4ol24FtB75XWRB.jpg</fanart>
</item>
<item>
	<title>Jacob's Ladder</title>
	<meta>
		<content>movie</content>
		<imdb>tt0099871</imdb>
		<title>Jacob's Ladder</title>
		<year>1990</year>
	</meta>
	<link>
		<sublink>search</sublink>
		<sublink>searchsd</sublink>
	</link>
	<thumbnail>https://image.tmdb.org/t/p/w1280//2Byg7AV91LF7pfByz4ZMvnkZnH7.jpg</thumbnail>
	<fanart>https://image.tmdb.org/t/p/w1280//xahHn2vJFHgqXUdFcG83rE7crFh.jpg</fanart>
</item>
<item>
	<title>Swordfish</title>
	<meta>
		<content>movie</content>
		<imdb>tt0244244</imdb>
		<title>Swordfish</title>
		<year>2001</year>
	</meta>
	<link>
		<sublink>search</sublink>
		<sublink>searchsd</sublink>
	</link>
	<thumbnail>https://image.tmdb.org/t/p/w1280//uJdI3eau8BHgTsrUbAeccnKn0ez.jpg</thumbnail>
	<fanart>https://image.tmdb.org/t/p/w1280//oWhb3sneCHxM01ubreFNdoiYVDO.jpg</fanart>
</item>
<item>
	<title>Basic</title>
	<meta>
		<content>movie</content>
		<imdb>tt0264395</imdb>
		<title>Basic</title>
		<year>2003</year>
	</meta>
	<link>
		<sublink>search</sublink>
		<sublink>searchsd</sublink>
	</link>
	<thumbnail>https://image.tmdb.org/t/p/w1280//9Q2SBtfA3pceh5rjB8CfQImY78H.jpg</thumbnail>
	<fanart>https://image.tmdb.org/t/p/w1280//s1LPq7UWL18JN8bWVgAPJLl43pw.jpg</fanart>
</item>
<item>
	<title>Perfect Stranger</title>
	<meta>
		<content>movie</content>
		<imdb>tt0457433</imdb>
		<title>Perfect Stranger</title>
		<year>2007</year>
	</meta>
	<link>
		<sublink>search</sublink>
		<sublink>searchsd</sublink>
	</link>
	<thumbnail>https://image.tmdb.org/t/p/w1280//fKkabVcVNKTTgsR4ElklI5bXDU1.jpg</thumbnail>
	<fanart>https://image.tmdb.org/t/p/w1280//pV2lgUmt1lheXdyb4uOryjiicOa.jpg</fanart>
</item>
<item>
	<title>Insomnia</title>
	<meta>
		<content>movie</content>
		<imdb>tt0278504</imdb>
		<title>Insomnia</title>
		<year>2002</year>
	</meta>
	<link>
		<sublink>search</sublink>
		<sublink>searchsd</sublink>
	</link>
	<thumbnail>https://image.tmdb.org/t/p/w1280//zb0D3vfjcPFvuyHp1mFPOIcYJWH.jpg</thumbnail>
	<fanart>https://image.tmdb.org/t/p/w1280//5ezMAWNO5ybkrEnxrgCy74krBa6.jpg</fanart>
</item>
<item>
	<title>Changeling</title>
	<meta>
		<content>movie</content>
		<imdb>tt0824747</imdb>
		<title>Changeling</title>
		<year>2008</year>
	</meta>
	<link>
		<sublink>search</sublink>
		<sublink>searchsd</sublink>
	</link>
	<thumbnail>https://image.tmdb.org/t/p/w1280//qtte2n6ygA1zVG5kLrjUGui28TJ.jpg</thumbnail>
	<fanart>https://image.tmdb.org/t/p/w1280//mYNXGr8HNS1TO7wrQVSywrlduk9.jpg</fanart>
</item>
<item>
	<title>The Island</title>
	<meta>
		<content>movie</content>
		<imdb>tt0399201</imdb>
		<title>The Island</title>
		<year>2005</year>
	</meta>
	<link>
		<sublink>search</sublink>
		<sublink>searchsd</sublink>
	</link>
	<thumbnail>https://image.tmdb.org/t/p/w1280//zE9OTe7JvcX1jyFXs0GEL2f3RkZ.jpg</thumbnail>
	<fanart>https://image.tmdb.org/t/p/w1280//7gckgf6lmlKsjtkmS8O0oT3iEev.jpg</fanart>
</item>
<item>
	<title>The Butterfly Effect</title>
	<meta>
		<content>movie</content>
		<imdb>tt0289879</imdb>
		<title>The Butterfly Effect</title>
		<year>2004</year>
	</meta>
	<link>
		<sublink>search</sublink>
		<sublink>searchsd</sublink>
	</link>
	<thumbnail>https://image.tmdb.org/t/p/w1280//3PAQy3CyNNJPES772OFMx47lFEE.jpg</thumbnail>
	<fanart>https://image.tmdb.org/t/p/w1280//zXTUrm0BIrrZn3nEhybg0hlY275.jpg</fanart>
</item>
<item>
	<title>Being John Malkovich</title>
	<meta>
		<content>movie</content>
		<imdb>tt0120601</imdb>
		<title>Being John Malkovich</title>
		<year>1999</year>
	</meta>
	<link>
		<sublink>search</sublink>
		<sublink>searchsd</sublink>
	</link>
	<thumbnail>https://image.tmdb.org/t/p/w1280//gLhl4MBEC6yHTInwV7TxV1D3FLp.jpg</thumbnail>
	<fanart>https://image.tmdb.org/t/p/w1280//86xWKTTGM0Bq4PIlRgIo5gxRcr5.jpg</fanart>
</item>
<item>
	<title>The Animatrix</title>
	<meta>
		<content>movie</content>
		<imdb>tt0328832</imdb>
		<title>The Animatrix</title>
		<year>2003</year>
	</meta>
	<link>
		<sublink>search</sublink>
		<sublink>searchsd</sublink>
	</link>
	<thumbnail>https://image.tmdb.org/t/p/w1280//1ISkdhJ48PDvETdxjllQ1AswTGv.jpg</thumbnail>
	<fanart>https://image.tmdb.org/t/p/w1280//2xudmFFYabaap82va87odz8FCuG.jpg</fanart>
</item>
<item>
	<title>Mind Game</title>
	<meta>
		<content>movie</content>
		<imdb>tt0452039</imdb>
		<title>Mind Game</title>
		<year>2004</year>
	</meta>
	<link>
		<sublink>search</sublink>
		<sublink>searchsd</sublink>
	</link>
	<thumbnail>https://image.tmdb.org/t/p/w1280//yG195r5lEfYN7HCf5XtDT050a9o.jpg</thumbnail>
	<fanart>https://image.tmdb.org/t/p/w1280//AfL1s4mxQbhR19P7Vm1tQVYcy1z.jpg</fanart>
</item>
<item>
	<title>Mulholland Drive</title>
	<meta>
		<content>movie</content>
		<imdb>tt0166924</imdb>
		<title>Mulholland Drive</title>
		<year>2001</year>
	</meta>
	<link>
		<sublink>search</sublink>
		<sublink>searchsd</sublink>
	</link>
	<thumbnail>https://image.tmdb.org/t/p/w1280//oKyY4TFaLjQTgyX8oRde82GinOw.jpg</thumbnail>
	<fanart>https://image.tmdb.org/t/p/w1280//ihkQywNs6Si24WssdmT1rNHuAYy.jpg</fanart>
</item>
<item>
	<title>Eternal Sunshine of the Spotless Mind</title>
	<meta>
		<content>movie</content>
		<imdb>tt0338013</imdb>
		<title>Eternal Sunshine of the Spotless Mind</title>
		<year>2004</year>
	</meta>
	<link>
		<sublink>search</sublink>
		<sublink>searchsd</sublink>
	</link>
	<thumbnail>https://image.tmdb.org/t/p/w1280//7y3eYvTsGjxPYDtSnumCLIMDkrV.jpg</thumbnail>
	<fanart>https://image.tmdb.org/t/p/w1280//1dXTsaFxHoF9cas08UjAqE8NqOW.jpg</fanart>
</item>
<item>
	<title>The Adjustment Bureau</title>
	<meta>
		<content>movie</content>
		<imdb>tt1385826</imdb>
		<title>The Adjustment Bureau</title>
		<year>2011</year>
	</meta>
	<link>
		<sublink>search</sublink>
		<sublink>searchsd</sublink>
	</link>
	<thumbnail>https://image.tmdb.org/t/p/w1280//g87PqGH9Oo3d3Tbczcfk7ZMAIEk.jpg</thumbnail>
	<fanart>https://image.tmdb.org/t/p/w1280//iE2WiPdF7a0s5glgXQBBmZQ6mUd.jpg</fanart>
</item>
<item>
	<title>2001: A Space Odyssey</title>
	<meta>
		<content>movie</content>
		<imdb>tt0062622</imdb>
		<title>2001: A Space Odyssey</title>
		<year>1968</year>
	</meta>
	<link>
		<sublink>search</sublink>
		<sublink>searchsd</sublink>
	</link>
	<thumbnail>https://image.tmdb.org/t/p/w1280//90T7b2LIrL07ndYQBmSm09yqVEH.jpg</thumbnail>
	<fanart>https://image.tmdb.org/t/p/w1280//pckdZ29bHj11hBsV3SbVVfmCB6C.jpg</fanart>
</item>
<item>
	<title>Eyes Wide Shut</title>
	<meta>
		<content>movie</content>
		<imdb>tt0120663</imdb>
		<title>Eyes Wide Shut</title>
		<year>1999</year>
	</meta>
	<link>
		<sublink>search</sublink>
		<sublink>searchsd</sublink>
	</link>
	<thumbnail>https://image.tmdb.org/t/p/w1280//zTuqPq1PBsIoG2DV9NgKPgdaoSX.jpg</thumbnail>
	<fanart>https://image.tmdb.org/t/p/w1280//nTBRgAF4lWzGZ1GWOqsKkbBNWT.jpg</fanart>
</item>
<item>
	<title>Lost Highway</title>
	<meta>
		<content>movie</content>
		<imdb>tt0116922</imdb>
		<title>Lost Highway</title>
		<year>1997</year>
	</meta>
	<link>
		<sublink>search</sublink>
		<sublink>searchsd</sublink>
	</link>
	<thumbnail>https://image.tmdb.org/t/p/w1280//z6yhgEzGUJaBBgAxoyggRzwLnVM.jpg</thumbnail>
	<fanart>https://image.tmdb.org/t/p/w1280//zXSnRqXzM4OR9yNtenZ3dn6AFts.jpg</fanart>
</item>
<item>
	<title>In the Mouth of Madness</title>
	<meta>
		<content>movie</content>
		<imdb>tt0113409</imdb>
		<title>In the Mouth of Madness</title>
		<year>1994</year>
	</meta>
	<link>
		<sublink>search</sublink>
		<sublink>searchsd</sublink>
	</link>
	<thumbnail>https://image.tmdb.org/t/p/w1280//xgrCUFFimv5gom3X01KpLIPVt1E.jpg</thumbnail>
	<fanart>https://image.tmdb.org/t/p/w1280//sSaSuZ9A9MAKyEs3jdyFwEHgzvO.jpg</fanart>
</item>
<item>
	<title>I, Robot</title>
	<meta>
		<content>movie</content>
		<imdb>tt0343818</imdb>
		<title>I, Robot</title>
		<year>2004</year>
	</meta>
	<link>
		<sublink>search</sublink>
		<sublink>searchsd</sublink>
	</link>
	<thumbnail>https://image.tmdb.org/t/p/w1280//2mkFzf168xJrV6Leqq0bjqOlJCK.jpg</thumbnail>
	<fanart>https://image.tmdb.org/t/p/w1280//iNeKWgcTqUJhBToaosUXgca2nSY.jpg</fanart>
</item>
<item>
	<title>Mindhunters</title>
	<meta>
		<content>movie</content>
		<imdb>tt0297284</imdb>
		<title>Mindhunters</title>
		<year>2004</year>
	</meta>
	<link>
		<sublink>search</sublink>
		<sublink>searchsd</sublink>
	</link>
	<thumbnail>https://image.tmdb.org/t/p/w1280//bnGrgK00xeMs85ae5BTOlJjnKTR.jpg</thumbnail>
	<fanart>https://image.tmdb.org/t/p/w1280//xJtHIxZ8gga6OYuQ4QEx8ZwjcD0.jpg</fanart>
</item>
<item>
	<title>Resolution</title>
	<meta>
		<content>movie</content>
		<imdb>tt1977895</imdb>
		<title>Resolution</title>
		<year>2012</year>
	</meta>
	<link>
		<sublink>search</sublink>
		<sublink>searchsd</sublink>
	</link>
	<thumbnail>https://image.tmdb.org/t/p/w1280//3aSPNKARW911kNiX9fmmwMG3bWH.jpg</thumbnail>
	<fanart>https://image.tmdb.org/t/p/w1280//vBkIrxG3O0sDGfUDLTbOF6Rmscg.jpg</fanart>
</item>
<item>
	<title>Enter the Void</title>
	<meta>
		<content>movie</content>
		<imdb>tt1191111</imdb>
		<title>Enter the Void</title>
		<year>2009</year>
	</meta>
	<link>
		<sublink>search</sublink>
		<sublink>searchsd</sublink>
	</link>
	<thumbnail>https://image.tmdb.org/t/p/w1280//AvD7oAOit8FZYG1fH2GA5SPLDst.jpg</thumbnail>
	<fanart>https://image.tmdb.org/t/p/w1280//tb6rRzvBuVwGBYCED9VFu31c0XV.jpg</fanart>
</item>
<item>
	<title>The Nines</title>
	<meta>
		<content>movie</content>
		<imdb>tt0810988</imdb>
		<title>The Nines</title>
		<year>2007</year>
	</meta>
	<link>
		<sublink>search</sublink>
		<sublink>searchsd</sublink>
	</link>
	<thumbnail>https://image.tmdb.org/t/p/w1280//aGHzwUrgUUmPvWIhuzvvQVDkRfk.jpg</thumbnail>
	<fanart>https://image.tmdb.org/t/p/w1280//o6zox4CsqZxBsbuGSZYKbLxqUfG.jpg</fanart>
</item>
<item>
	<title>Triangle</title>
	<meta>
		<content>movie</content>
		<imdb>tt1187064</imdb>
		<title>Triangle</title>
		<year>2009</year>
	</meta>
	<link>
		<sublink>search</sublink>
		<sublink>searchsd</sublink>
	</link>
	<thumbnail>https://image.tmdb.org/t/p/w1280//hjC00Wus7IoCywVTHt68W8QxcyW.jpg</thumbnail>
	<fanart>https://image.tmdb.org/t/p/w1280//cL1R5nz7BUVU3d2shLDTaDcU0Ga.jpg</fanart>
</item>
<item>
	<title>The Bone Collector</title>
	<meta>
		<content>movie</content>
		<imdb>tt0145681</imdb>
		<title>The Bone Collector</title>
		<year>1999</year>
	</meta>
	<link>
		<sublink>search</sublink>
		<sublink>searchsd</sublink>
	</link>
	<thumbnail>https://image.tmdb.org/t/p/w1280//dCTuPRukbDs3mOSx9SD0PCMRd2g.jpg</thumbnail>
	<fanart>https://image.tmdb.org/t/p/w1280//hLxwlRHk1vYvfyftlpOSsHBxL88.jpg</fanart>
</item>
<item>
	<title>Along Came a Spider</title>
	<meta>
		<content>movie</content>
		<imdb>tt0164334</imdb>
		<title>Along Came a Spider</title>
		<year>2001</year>
	</meta>
	<link>
		<sublink>search</sublink>
		<sublink>searchsd</sublink>
	</link>
	<thumbnail>https://image.tmdb.org/t/p/w1280//1ZjDmPKMUtout8hR77qmK1llgls.jpg</thumbnail>
	<fanart>https://image.tmdb.org/t/p/w1280//pk45TvvJSDJXxzNCUJg2d8embYg.jpg</fanart>
</item>
<item>
	<title>Trance</title>
	<meta>
		<content>movie</content>
		<imdb>tt1924429</imdb>
		<title>Trance</title>
		<year>2013</year>
	</meta>
	<link>
		<sublink>search</sublink>
		<sublink>searchsd</sublink>
	</link>
	<thumbnail>https://image.tmdb.org/t/p/w1280//cr1vVtymoiW23ETEycUgiAZYMur.jpg</thumbnail>
	<fanart>https://image.tmdb.org/t/p/w1280//bsa7cusK4Uw7wX7szy8ilXiJavN.jpg</fanart>
</item>
<item>
	<title>Kiss the Girls</title>
	<meta>
		<content>movie</content>
		<imdb>tt0119468</imdb>
		<title>Kiss the Girls</title>
		<year>1997</year>
	</meta>
	<link>
		<sublink>search</sublink>
		<sublink>searchsd</sublink>
	</link>
	<thumbnail>https://image.tmdb.org/t/p/w1280//m9CyzlwbXhfUPooRIAcBoE63Frg.jpg</thumbnail>
	<fanart>https://image.tmdb.org/t/p/w1280//nepqAk218e5Kk6rKAmtpNeCX8sb.jpg</fanart>
</item>
<item>
	<title>Alex Cross</title>
	<meta>
		<content>movie</content>
		<imdb>tt1712170</imdb>
		<title>Alex Cross</title>
		<year>2012</year>
	</meta>
	<link>
		<sublink>search</sublink>
		<sublink>searchsd</sublink>
	</link>
	<thumbnail>https://image.tmdb.org/t/p/w1280//aaxWTwrsv7PqC0tKpZl0tRPiYDV.jpg</thumbnail>
	<fanart>https://image.tmdb.org/t/p/w1280//szxGcE0e6YjpKjcGFPsydA0WKer.jpg</fanart>
</item>
<item>
	<title>High Tension</title>
	<meta>
		<content>movie</content>
		<imdb>tt0338095</imdb>
		<title>High Tension</title>
		<year>2003</year>
	</meta>
	<link>
		<sublink>search</sublink>
		<sublink>searchsd</sublink>
	</link>
	<thumbnail>https://image.tmdb.org/t/p/w1280//oyyhw5Ph9p5M4pargwN2aE9OLCO.jpg</thumbnail>
	<fanart>https://image.tmdb.org/t/p/w1280//kmjHWTujBgdUXsS1hFB0lPwfccU.jpg</fanart>
</item>
<item>
	<title>Martyrs</title>
	<meta>
		<content>movie</content>
		<imdb>tt1029234</imdb>
		<title>Martyrs</title>
		<year>2008</year>
	</meta>
	<link>
		<sublink>search</sublink>
		<sublink>searchsd</sublink>
	</link>
	<thumbnail>https://image.tmdb.org/t/p/w1280//fC2Uld8qZ6waCuo71oTKzJTscaN.jpg</thumbnail>
	<fanart>https://image.tmdb.org/t/p/w1280//6ZGUYAhUvhJ54HrSPliTzoZ8evy.jpg</fanart>
</item>
<item>
	<title>Primer</title>
	<meta>
		<content>movie</content>
		<imdb>tt0390384</imdb>
		<title>Primer</title>
		<year>2004</year>
	</meta>
	<link>
		<sublink>search</sublink>
		<sublink>searchsd</sublink>
	</link>
	<thumbnail>https://image.tmdb.org/t/p/w1280//pYiAYDn3ltw9Fq7izODuq7oWYwX.jpg</thumbnail>
	<fanart>https://image.tmdb.org/t/p/w1280//dG7Booc7C2HoVmAZjqAzp2NcTGd.jpg</fanart>
</item>
<item>
	<title>Brazil</title>
	<meta>
		<content>movie</content>
		<imdb>tt0088846</imdb>
		<title>Brazil</title>
		<year>1985</year>
	</meta>
	<link>
		<sublink>search</sublink>
		<sublink>searchsd</sublink>
	</link>
	<thumbnail>https://image.tmdb.org/t/p/w1280//55Vfc1beLn3pJF4Lw83TRKHenK6.jpg</thumbnail>
	<fanart>https://image.tmdb.org/t/p/w1280//pVlZBKp8v3Jzd0ahPmrBGlbeQ2s.jpg</fanart>
</item>
<item>
	<title>Now You See Me</title>
	<meta>
		<content>movie</content>
		<imdb>tt1670345</imdb>
		<title>Now You See Me</title>
		<year>2013</year>
	</meta>
	<link>
		<sublink>search</sublink>
		<sublink>searchsd</sublink>
	</link>
	<thumbnail>https://image.tmdb.org/t/p/w1280//A06e9YJ5ry3WXEIFIAD1mKBxcuZ.jpg</thumbnail>
	<fanart>https://image.tmdb.org/t/p/w1280//9wbXqcx6rHhoZ9Esp03C7amQzom.jpg</fanart>
</item>
<item>
	<title>Deja Vu</title>
	<meta>
		<content>movie</content>
		<imdb>tt0453467</imdb>
		<title>Deja Vu</title>
		<year>2006</year>
	</meta>
	<link>
		<sublink>search</sublink>
		<sublink>searchsd</sublink>
	</link>
	<thumbnail>https://image.tmdb.org/t/p/w1280//abqvTL8xYQLgAtQGmyN7UxvCRGN.jpg</thumbnail>
	<fanart>https://image.tmdb.org/t/p/w1280//pGyEMPwTcrCpRQpjJMiq9bUu7nz.jpg</fanart>
</item>
<item>
	<title>Minority Report</title>
	<meta>
		<content>movie</content>
		<imdb>tt0181689</imdb>
		<title>Minority Report</title>
		<year>2002</year>
	</meta>
	<link>
		<sublink>search</sublink>
		<sublink>searchsd</sublink>
	</link>
	<thumbnail>https://image.tmdb.org/t/p/w1280//h3lpltSn7Rj1eYTPQO1lYGdw4Bz.jpg</thumbnail>
	<fanart>https://image.tmdb.org/t/p/w1280//u8BvwuiiQ0uLFuXviKJU0cCHXIW.jpg</fanart>
</item>
<item>
	<title>Paprika</title>
	<meta>
		<content>movie</content>
		<imdb>tt0851578</imdb>
		<title>Paprika</title>
		<year>2006</year>
	</meta>
	<link>
		<sublink>search</sublink>
		<sublink>searchsd</sublink>
	</link>
	<thumbnail>https://image.tmdb.org/t/p/w1280//dJI2FSs3qfEPW82cWYfIaV8cVmN.jpg</thumbnail>
	<fanart>https://image.tmdb.org/t/p/w1280//5hWaV1JrT0GLA8Yfnh8DYwQC72X.jpg</fanart>
</item>
<item>
	<title>Perfect Blue</title>
	<meta>
		<content>movie</content>
		<imdb>tt0156887</imdb>
		<title>Perfect Blue</title>
		<year>1997</year>
	</meta>
	<link>
		<sublink>search</sublink>
		<sublink>searchsd</sublink>
	</link>
	<thumbnail>https://image.tmdb.org/t/p/w1280//qDLeGIVhni3bRDunByBzhgY4wKZ.jpg</thumbnail>
	<fanart>https://image.tmdb.org/t/p/w1280//jVbWGvA7Rjip6qyavSbklilUFp.jpg</fanart>
</item>
<item>
	<title>The Man from Earth</title>
	<meta>
		<content>movie</content>
		<imdb>tt0756683</imdb>
		<title>The Man from Earth</title>
		<year>2007</year>
	</meta>
	<link>
		<sublink>search</sublink>
		<sublink>searchsd</sublink>
	</link>
	<thumbnail>https://image.tmdb.org/t/p/w1280//iMpsEbJ86IICI2qgADYtP9HvWTL.jpg</thumbnail>
	<fanart>https://image.tmdb.org/t/p/w1280//o1ZTgHib2hL13L1ucSVygYSFs7o.jpg</fanart>
</item>
<item>
	<title>Cannon Fodder</title>
	<meta>
		<content>movie</content>
		<imdb>tt6264824</imdb>
		<title>Cannon Fodder</title>
		<year>1995</year>
	</meta>
	<link>
		<sublink>search</sublink>
		<sublink>searchsd</sublink>
	</link>
	<thumbnail>https://image.tmdb.org/t/p/w1280//oJdlkTtDvvpgagO2JWBBxGq5mMN.jpg</thumbnail>
	<fanart>https://image.tmdb.org/t/p/w1280//9FF31wgbyFM1zeBNsRzhjGHMMaS.jpg</fanart>
</item>
<item>
	<title>Stay</title>
	<meta>
		<content>movie</content>
		<imdb>tt0371257</imdb>
		<title>Stay</title>
		<year>2005</year>
	</meta>
	<link>
		<sublink>search</sublink>
		<sublink>searchsd</sublink>
	</link>
	<thumbnail>https://image.tmdb.org/t/p/w1280//gseatc9N1a4zsaHC4cda7txOiAZ.jpg</thumbnail>
	<fanart>https://image.tmdb.org/t/p/w1280//dpo2SgBttTkiWwqdjsC74lv0lOO.jpg</fanart>
</item>
<item>
	<title>Oblivion</title>
	<meta>
		<content>movie</content>
		<imdb>tt1483013</imdb>
		<title>Oblivion</title>
		<year>2013</year>
	</meta>
	<link>
		<sublink>search</sublink>
		<sublink>searchsd</sublink>
	</link>
	<thumbnail>https://image.tmdb.org/t/p/w1280//hmOzkHlkGvi8x24fYpFSnXvjklv.jpg</thumbnail>
	<fanart>https://image.tmdb.org/t/p/w1280//8TE77jL2e4zdERpv8hnBAHUmFRx.jpg</fanart>
</item>
<item>
	<title>Midnight in Paris</title>
	<meta>
		<content>movie</content>
		<imdb>tt1605783</imdb>
		<title>Midnight in Paris</title>
		<year>2011</year>
	</meta>
	<link>
		<sublink>search</sublink>
		<sublink>searchsd</sublink>
	</link>
	<thumbnail>https://image.tmdb.org/t/p/w1280//xxSopLYATHXSepXcEaBh9Gazv6p.jpg</thumbnail>
	<fanart>https://image.tmdb.org/t/p/w1280//7sIDEHnw51k7Him2fEtA70I1OBw.jpg</fanart>
</item>
<item>
	<title>The Thirteenth Floor</title>
	<meta>
		<content>movie</content>
		<imdb>tt0139809</imdb>
		<title>The Thirteenth Floor</title>
		<year>1999</year>
	</meta>
	<link>
		<sublink>search</sublink>
		<sublink>searchsd</sublink>
	</link>
	<thumbnail>https://image.tmdb.org/t/p/w1280//7cm1xHOkzcqo2ienFgTl17qa35U.jpg</thumbnail>
	<fanart>https://image.tmdb.org/t/p/w1280//yT0FxS7LogdVEJz3FcdzPetzDTK.jpg</fanart>
</item>
<item>
	<title>Dark City</title>
	<meta>
		<content>movie</content>
		<imdb>tt0118929</imdb>
		<title>Dark City</title>
		<year>1998</year>
	</meta>
	<link>
		<sublink>search</sublink>
		<sublink>searchsd</sublink>
	</link>
	<thumbnail>https://image.tmdb.org/t/p/w1280//yR7rapBFxBoBT0vkZQIXhLBr726.jpg</thumbnail>
	<fanart>https://image.tmdb.org/t/p/w1280//rIWui0S2ugwTWlhna6CTS3RYW9q.jpg</fanart>
</item>
<item>
	<title>Coherence</title>
	<meta>
		<content>movie</content>
		<imdb>tt2866360</imdb>
		<title>Coherence</title>
		<year>2013</year>
	</meta>
	<link>
		<sublink>search</sublink>
		<sublink>searchsd</sublink>
	</link>
	<thumbnail>https://image.tmdb.org/t/p/w1280//8OIsK5Mlkieeqf5ejZOKFiyH5mM.jpg</thumbnail>
	<fanart>https://image.tmdb.org/t/p/w1280//cwGT5BSPk4K9bH5JgoMTCjK2QJ2.jpg</fanart>
</item>
<item>
	<title>Mr. Nobody</title>
	<meta>
		<content>movie</content>
		<imdb>tt0485947</imdb>
		<title>Mr. Nobody</title>
		<year>2009</year>
	</meta>
	<link>
		<sublink>search</sublink>
		<sublink>searchsd</sublink>
	</link>
	<thumbnail>https://image.tmdb.org/t/p/w1280//jxd2XSsnUHHUbo50nzVnVnHRPVJ.jpg</thumbnail>
	<fanart>https://image.tmdb.org/t/p/w1280//r9jAdQDK1tYq2wlFPBJBH9UX5TX.jpg</fanart>
</item>
<item>
	<title>Oculus</title>
	<meta>
		<content>movie</content>
		<imdb>tt2388715</imdb>
		<title>Oculus</title>
		<year>2013</year>
	</meta>
	<link>
		<sublink>search</sublink>
		<sublink>searchsd</sublink>
	</link>
	<thumbnail>https://image.tmdb.org/t/p/w1280//ic8C94ylSfcoLkXqPOKzL6DqPcH.jpg</thumbnail>
	<fanart>https://image.tmdb.org/t/p/w1280//fiHOt3Te7LTfQmApychxYwx7Bry.jpg</fanart>
</item>
<item>
	<title>Exam</title>
	<meta>
		<content>movie</content>
		<imdb>tt1258197</imdb>
		<title>Exam</title>
		<year>2009</year>
	</meta>
	<link>
		<sublink>search</sublink>
		<sublink>searchsd</sublink>
	</link>
	<thumbnail>https://image.tmdb.org/t/p/w1280//i1J2zBCyOQJKsQipqJ0qXERC1Ma.jpg</thumbnail>
	<fanart>https://image.tmdb.org/t/p/w1280//AtLHKulhe6VTsnU3pe4i0As5zOb.jpg</fanart>
</item>
<item>
	<title>The Tall Man</title>
	<meta>
		<content>movie</content>
		<imdb>tt1658837</imdb>
		<title>The Tall Man</title>
		<year>2012</year>
	</meta>
	<link>
		<sublink>search</sublink>
		<sublink>searchsd</sublink>
	</link>
	<thumbnail>https://image.tmdb.org/t/p/w1280//1fc87E3ppCq6xBnZJ63Sa9FKRUd.jpg</thumbnail>
	<fanart>https://image.tmdb.org/t/p/w1280//6a5keKsnRickHy6TImQ9b3RsTQQ.jpg</fanart>
</item>
<item>
	<title>Primal Fear</title>
	<meta>
		<content>movie</content>
		<imdb>tt0117381</imdb>
		<title>Primal Fear</title>
		<year>1996</year>
	</meta>
	<link>
		<sublink>search</sublink>
		<sublink>searchsd</sublink>
	</link>
	<thumbnail>https://image.tmdb.org/t/p/w1280//qJf2TzE8nRTFbFMPJNW6c8mI0KU.jpg</thumbnail>
	<fanart>https://image.tmdb.org/t/p/w1280//zCibMaYNkS0JhOZaQXtYWImv8nt.jpg</fanart>
</item>
<item>
	<title>Revolver</title>
	<meta>
		<content>movie</content>
		<imdb>tt0365686</imdb>
		<title>Revolver</title>
		<year>2005</year>
	</meta>
	<link>
		<sublink>search</sublink>
		<sublink>searchsd</sublink>
	</link>
	<thumbnail>https://image.tmdb.org/t/p/w1280//jscEs0gtxoAwKcF4509oYAFDXIw.jpg</thumbnail>
	<fanart>https://image.tmdb.org/t/p/w1280//61Kpt3kubCNNY3xFdv20Jon3Axc.jpg</fanart>
</item>
<item>
	<title>11:14</title>
	<meta>
		<content>movie</content>
		<imdb>tt0331811</imdb>
		<title>11:14</title>
		<year>2003</year>
	</meta>
	<link>
		<sublink>search</sublink>
		<sublink>searchsd</sublink>
	</link>
	<thumbnail>https://image.tmdb.org/t/p/w1280//pRHGz9UL3i4wktMOZhMnxgTvCWp.jpg</thumbnail>
	<fanart>https://image.tmdb.org/t/p/w1280//iUgzBi3PKmBy3hySCy5GRGHoOim.jpg</fanart>
</item>
<item>
	<title>Irreversible</title>
	<meta>
		<content>movie</content>
		<imdb>tt0290673</imdb>
		<title>Irreversible</title>
		<year>2002</year>
	</meta>
	<link>
		<sublink>search</sublink>
		<sublink>searchsd</sublink>
	</link>
	<thumbnail>https://image.tmdb.org/t/p/w1280//xxgJJmReMLg01aaEIGLUC8JIjmh.jpg</thumbnail>
	<fanart>https://image.tmdb.org/t/p/w1280//tvrxVtkXXpzcYvvuxOWyjslNvy0.jpg</fanart>
</item>
<item>
	<title>Altered States</title>
	<meta>
		<content>movie</content>
		<imdb>tt0080360</imdb>
		<title>Altered States</title>
		<year>1980</year>
	</meta>
	<link>
		<sublink>search</sublink>
		<sublink>searchsd</sublink>
	</link>
	<thumbnail>https://image.tmdb.org/t/p/w1280//wJuBAkVbd2xaauodX3Ronqvw06O.jpg</thumbnail>
	<fanart>https://image.tmdb.org/t/p/w1280//wQyOsZxJAng5KVtbOnr2RGOD5Wv.jpg</fanart>
</item>
<item>
	<title>21 Grams</title>
	<meta>
		<content>movie</content>
		<imdb>tt0315733</imdb>
		<title>21 Grams</title>
		<year>2003</year>
	</meta>
	<link>
		<sublink>search</sublink>
		<sublink>searchsd</sublink>
	</link>
	<thumbnail>https://image.tmdb.org/t/p/w1280//Aps7GzrYiJZKHNT524Rsg4jaXej.jpg</thumbnail>
	<fanart>https://image.tmdb.org/t/p/w1280//lSPsevGgWT3Rqc9OMTyeEsZsOpf.jpg</fanart>
</item>
<item>
	<title>The Cabin in the Woods</title>
	<meta>
		<content>movie</content>
		<imdb>tt1259521</imdb>
		<title>The Cabin in the Woods</title>
		<year>2012</year>
	</meta>
	<link>
		<sublink>search</sublink>
		<sublink>searchsd</sublink>
	</link>
	<thumbnail>https://image.tmdb.org/t/p/w1280//utfJuX6DfR28Mv2FMfnPFAYOmTU.jpg</thumbnail>
	<fanart>https://image.tmdb.org/t/p/w1280//214TKe8WBBbFXVrBRV9RECeE4oW.jpg</fanart>
</item>
<item>
	<title>Nothing</title>
	<meta>
		<content>movie</content>
		<imdb>tt0298482</imdb>
		<title>Nothing</title>
		<year>2003</year>
	</meta>
	<link>
		<sublink>search</sublink>
		<sublink>searchsd</sublink>
	</link>
	<thumbnail>https://image.tmdb.org/t/p/w1280//wgHcU0xp1txh21S9qdUUUr0d65x.jpg</thumbnail>
	<fanart>https://image.tmdb.org/t/p/w1280//xoJygTKiPgFC7tRWw1wvAolOEhz.jpg</fanart>
</item>
<item>
	<title>Adaptation.</title>
	<meta>
		<content>movie</content>
		<imdb>tt0268126</imdb>
		<title>Adaptation.</title>
		<year>2002</year>
	</meta>
	<link>
		<sublink>search</sublink>
		<sublink>searchsd</sublink>
	</link>
	<thumbnail>https://image.tmdb.org/t/p/w1280//5trb1V5f3IsjpZx2GiuUylowl3W.jpg</thumbnail>
	<fanart>https://image.tmdb.org/t/p/w1280//nL9o28hfjYogauJUBmMzBXbp32T.jpg</fanart>
</item>
<item>
	<title>Angel Heart</title>
	<meta>
		<content>movie</content>
		<imdb>tt0092563</imdb>
		<title>Angel Heart</title>
		<year>1987</year>
	</meta>
	<link>
		<sublink>search</sublink>
		<sublink>searchsd</sublink>
	</link>
	<thumbnail>https://image.tmdb.org/t/p/w1280//xFtrVJWygDiK2iZluUxNwuQZ6Sm.jpg</thumbnail>
	<fanart>https://image.tmdb.org/t/p/w1280//NtQjMSMinCFcejZyfhtVYBV1x0.jpg</fanart>
</item>
<item>
	<title>Run Lola Run</title>
	<meta>
		<content>movie</content>
		<imdb>tt0130827</imdb>
		<title>Run Lola Run</title>
		<year>1998</year>
	</meta>
	<link>
		<sublink>search</sublink>
		<sublink>searchsd</sublink>
	</link>
	<thumbnail>https://image.tmdb.org/t/p/w1280//3L8QhF5IkZOnEnBFdpj6GVkkp7d.jpg</thumbnail>
	<fanart>https://image.tmdb.org/t/p/w1280//xzbAey8RrRNKOe6JZMuxbIRc1UE.jpg</fanart>
</item>
<item>
	<title>Rosemary's Baby</title>
	<meta>
		<content>movie</content>
		<imdb>tt0063522</imdb>
		<title>Rosemary's Baby</title>
		<year>1968</year>
	</meta>
	<link>
		<sublink>search</sublink>
		<sublink>searchsd</sublink>
	</link>
	<thumbnail>https://image.tmdb.org/t/p/w1280//kqA1pt9ovovArgJZi2Lu4Unf6He.jpg</thumbnail>
	<fanart>https://image.tmdb.org/t/p/w1280//3THF7D3uPqhV6k7iKsr2EyjqVPK.jpg</fanart>
</item>
<item>
	<title>Psycho</title>
	<meta>
		<content>movie</content>
		<imdb>tt0054215</imdb>
		<title>Psycho</title>
		<year>1960</year>
	</meta>
	<link>
		<sublink>search</sublink>
		<sublink>searchsd</sublink>
	</link>
	<thumbnail>https://image.tmdb.org/t/p/w1280//81d8oyEFgj7FlxJqSDXWr8JH8kV.jpg</thumbnail>
	<fanart>https://image.tmdb.org/t/p/w1280//3md49VBCeqY6MSNyAVY6d5eC6bA.jpg</fanart>
</item>
<item>
	<title>Blue Velvet</title>
	<meta>
		<content>movie</content>
		<imdb>tt0090756</imdb>
		<title>Blue Velvet</title>
		<year>1986</year>
	</meta>
	<link>
		<sublink>search</sublink>
		<sublink>searchsd</sublink>
	</link>
	<thumbnail>https://image.tmdb.org/t/p/w1280//pxC4YsYIL4eSg1zDwrQQuxJegjA.jpg</thumbnail>
	<fanart>https://image.tmdb.org/t/p/w1280//eWzEX02Pw9TN8nCsCASPdtBHXo6.jpg</fanart>
</item>
<item>
	<title>Inland Empire</title>
	<meta>
		<content>movie</content>
		<imdb>tt0460829</imdb>
		<title>Inland Empire</title>
		<year>2006</year>
	</meta>
	<link>
		<sublink>search</sublink>
		<sublink>searchsd</sublink>
	</link>
	<thumbnail>https://image.tmdb.org/t/p/w1280//xQKF94NvqsHCuGUjgvJ5Etgnryu.jpg</thumbnail>
	<fanart>https://image.tmdb.org/t/p/w1280//85uNq0R2uGEW90SDnWnCH8bfqs7.jpg</fanart>
</item>
<item>
	<title>Birdman</title>
	<meta>
		<content>movie</content>
		<imdb>tt2562232</imdb>
		<title>Birdman</title>
		<year>2014</year>
	</meta>
	<link>
		<sublink>search</sublink>
		<sublink>searchsd</sublink>
	</link>
	<thumbnail>https://image.tmdb.org/t/p/w1280//rSZs93P0LLxqlVEbI001UKoeCQC.jpg</thumbnail>
	<fanart>https://image.tmdb.org/t/p/w1280//pLMRBAKD9Nc9zjWRpqLXasNcf4F.jpg</fanart>
</item>
<item>
	<title>Predestination</title>
	<meta>
		<content>movie</content>
		<imdb>tt2397535</imdb>
		<title>Predestination</title>
		<year>2014</year>
	</meta>
	<link>
		<sublink>search</sublink>
		<sublink>searchsd</sublink>
	</link>
	<thumbnail>https://image.tmdb.org/t/p/w1280//kDdUtDsGMQ3OYwoBtEQyJIGPz4V.jpg</thumbnail>
	<fanart>https://image.tmdb.org/t/p/w1280//s9DKwK5fXzaqFOzkZkidkOk4KR9.jpg</fanart>
</item>
<dir>
	<title>Next Page >></title>
	<trakt>https://api.trakt.tv/users/benfranklin/lists/best-mindfucks/items?page=2</trakt>
	<summary>Go To Page 2</summary>
</dir>
