<dir>
    <title>#RichKids of Beverly Hills</title>
    <meta>
        <content>tvshow</content>
        <imdb>tt3485248</imdb>
        <tvshowtitle>#RichKids of Beverly Hills</tvshowtitle>
        <year>2014</year>
    </meta>
    <link>trakt_tv_show(75279, 2014, #RichKids of Beverly Hills, 62535, tt3485248)</link>
    <thumbnail>https://image.tmdb.org/t/p/w1280//96ndwEaXN6mftZfOkaO6LPYrOXo.jpg</thumbnail>
    <fanart>https://image.tmdb.org/t/p/w1280/31Hfvr2cXhekcmP8OHaP68su24q.jpg</fanart>
</dir>
<dir>
    <title>60 Days In</title>
    <meta>
        <content>tvshow</content>
        <imdb>tt5564124</imdb>
        <tvshowtitle>60 Days In</tvshowtitle>
        <year>2016</year>
    </meta>
    <link>trakt_tv_show(105840, 2016, 60 Days In, 65854, tt5564124)</link>
    <thumbnail>https://image.tmdb.org/t/p/w1280//hXVRsIgf9d7u62Sccfq5h93JSS5.jpg</thumbnail>
    <fanart>https://image.tmdb.org/t/p/w1280/k223JEI1PeA7aALUlWBgCtL5k9g.jpg</fanart>
</dir>
<dir>
    <title>90 Day Fiance</title>
    <meta>
        <content>tvshow</content>
        <imdb>tt3469050</imdb>
        <tvshowtitle>90 Day Fiance</tvshowtitle>
        <year>2014</year>
    </meta>
    <link>trakt_tv_show(75268, 2014, 90 Day Fiance, 61575, tt3469050)</link>
    <thumbnail>https://image.tmdb.org/t/p/w1280//ow7uKyk4ks8H41jeXDw2fgH46fw.jpg</thumbnail>
    <fanart>https://image.tmdb.org/t/p/w1280/tDAU4xgZGXsxJOsTCNtMvjsAbNq.jpg</fanart>
</dir>
<dir>
    <title>America's Next Top Model</title>
    <meta>
        <content>tvshow</content>
        <imdb>tt0363307</imdb>
        <tvshowtitle>America's Next Top Model</tvshowtitle>
        <year>2003</year>
    </meta>
    <link>trakt_tv_show(330, 2003, America's Next Top Model, 331, tt0363307)</link>
    <thumbnail>https://image.tmdb.org/t/p/w1280//47EIfjYrT80AOfpAIkvSxdpwGOv.jpg</thumbnail>
    <fanart>https://image.tmdb.org/t/p/w1280/qT9O4Qfcc5v2YAgFmcuCow02Aai.jpg</fanart>
</dir>
<dir>
    <title>Bad Girls Club</title>
    <meta>
        <content>tvshow</content>
        <imdb>tt0914829</imdb>
        <tvshowtitle>Bad Girls Club</tvshowtitle>
        <year>2006</year>
    </meta>
    <link>trakt_tv_show(4914, 2006, Bad Girls Club, 4940, tt0914829)</link>
    <thumbnail>https://image.tmdb.org/t/p/w1280//5NZkzLqH5eDL7JjHVXxEFpp5kM5.jpg</thumbnail>
    <fanart>https://image.tmdb.org/t/p/w1280/8SaCHxWQ18qvXX9OnrVYaNd6VPD.jpg</fanart>
</dir>
<dir>
    <title>Basketball Wives LA</title>
    <meta>
        <content>tvshow</content>
        <imdb>tt2057544</imdb>
        <tvshowtitle>Basketball Wives LA</tvshowtitle>
        <year>2011</year>
    </meta>
    <link>trakt_tv_show(39394, 2011, Basketball Wives LA, 39567, tt2057544)</link>
    <thumbnail>https://image.tmdb.org/t/p/w1280//g0obcl7WIjvziFDZK6xztQ0TrCf.jpg</thumbnail>
    <fanart>https://image.tmdb.org/t/p/w1280/eOsn5R4E5fkxMoHTwNw5aduhhKb.jpg</fanart>
</dir>
<dir>
    <title>Black Ink Crew</title>
    <meta>
        <content>tvshow</content>
        <imdb>tt2738096</imdb>
        <tvshowtitle>Black Ink Crew</tvshowtitle>
        <year>2013</year>
    </meta>
    <link>trakt_tv_show(58409, 2013, Black Ink Crew, 58796, tt2738096)</link>
    <thumbnail>https://image.tmdb.org/t/p/w1280//vLrnc8DCnAPIyOBobvE9CDB7Rtx.jpg</thumbnail>
    <fanart>https://image.tmdb.org/t/p/w1280/pmpzTRkwgg2E1GlbmPKmvgVlLN1.jpg</fanart>
</dir>
<dir>
    <title>Black Ink Crew: Chicago</title>
    <meta>
        <content>tvshow</content>
        <imdb>None</imdb>
        <tvshowtitle>Black Ink Crew: Chicago</tvshowtitle>
        <year>2015</year>
    </meta>
    <link>trakt_tv_show(102921, 2015, Black Ink Crew: Chicago, 64751, None)</link>
    <thumbnail>https://image.tmdb.org/t/p/w1280//raAIZUModb5nvItzznCzzOH9rLo.jpg</thumbnail>
    <fanart>https://image.tmdb.org/t/p/w1280/7X24PhORyTdNwQwzho1kVma1Hn2.jpg</fanart>
</dir>
<dir>
    <title>Braxton Family Values</title>
    <meta>
        <content>tvshow</content>
        <imdb>tt1861510</imdb>
        <tvshowtitle>Braxton Family Values</tvshowtitle>
        <year>2011</year>
    </meta>
    <link>trakt_tv_show(38940, 2011, Braxton Family Values, 39103, tt1861510)</link>
    <thumbnail>https://image.tmdb.org/t/p/w1280//oEvOwtfoyTcrRqznPFZix7b9sSn.jpg</thumbnail>
    <fanart>https://image.tmdb.org/t/p/w1280/oQxhxZpbo6OspqzOvcWQjksyTbP.jpg</fanart>
</dir>
<dir>
    <title>The Challenge</title>
    <meta>
        <content>tvshow</content>
        <imdb>tt0176095</imdb>
        <tvshowtitle>The Challenge</tvshowtitle>
        <year>1997</year>
    </meta>
    <link>trakt_tv_show(61, 1997, The Challenge, 62, tt0176095)</link>
    <thumbnail>https://image.tmdb.org/t/p/w1280//4iurpArE7GlEmhM5avDKVEMg4IH.jpg</thumbnail>
    <fanart>https://image.tmdb.org/t/p/w1280/unOt8UyWJHpKRw59SpwZ5YkJlYO.jpg</fanart>
</dir>
<dir>
    <title>Chef's Table</title>
    <meta>
        <content>tvshow</content>
        <imdb>tt4295140</imdb>
        <tvshowtitle>Chef's Table</tvshowtitle>
        <year>2015</year>
    </meta>
    <link>trakt_tv_show(75731, 2015, Chef's Table, 62391, tt4295140)</link>
    <thumbnail>https://image.tmdb.org/t/p/w1280//ktavuXd053RDK65h1U0jJKry5u7.jpg</thumbnail>
    <fanart>https://image.tmdb.org/t/p/w1280/jxSsELdvvwHTkOMFZZunDyBivnn.jpg</fanart>
</dir>
<dir>
    <title>Chopped</title>
    <meta>
        <content>tvshow</content>
        <imdb>tt1353281</imdb>
        <tvshowtitle>Chopped</tvshowtitle>
        <year>2009</year>
    </meta>
    <link>trakt_tv_show(17326, 2009, Chopped, 17404, tt1353281)</link>
    <thumbnail>https://image.tmdb.org/t/p/w1280//k7L6blZVbpwpgL3HaF4WK5aBApD.jpg</thumbnail>
    <fanart>https://image.tmdb.org/t/p/w1280/otYQAtC2rJhCod1IGvoXdODNUdz.jpg</fanart>
</dir>
<dir>
    <title>Cutting It: In the ATL</title>
    <meta>
        <content>tvshow</content>
        <imdb>tt5034150</imdb>
        <tvshowtitle>Cutting It: In the ATL</tvshowtitle>
        <year>2015</year>
    </meta>
    <link>trakt_tv_show(100213, 2015, Cutting It: In the ATL, None, tt5034150)</link>
    <thumbnail/>
    <fanart/>
</dir>
<dir>
    <title>Fit to Fat to Fit</title>
    <meta>
        <content>tvshow</content>
        <imdb>tt5396408</imdb>
        <tvshowtitle>Fit to Fat to Fit</tvshowtitle>
        <year>2016</year>
    </meta>
    <link>trakt_tv_show(104853, 2016, Fit to Fat to Fit, None, tt5396408)</link>
    <thumbnail/>
    <fanart/>
</dir>
<dir>
    <title>Hollywood Divas</title>
    <meta>
        <content>tvshow</content>
        <imdb>tt4012936</imdb>
        <tvshowtitle>Hollywood Divas</tvshowtitle>
        <year>2014</year>
    </meta>
    <link>trakt_tv_show(81512, 2014, Hollywood Divas, None, tt4012936)</link>
    <thumbnail/>
    <fanart/>
</dir>
<dir>
    <title>Impractical Jokers</title>
    <meta>
        <content>tvshow</content>
        <imdb>tt2100976</imdb>
        <tvshowtitle>Impractical Jokers</tvshowtitle>
        <year>2011</year>
    </meta>
    <link>trakt_tv_show(58794, 2011, Impractical Jokers, 59186, tt2100976)</link>
    <thumbnail>https://image.tmdb.org/t/p/w1280//hEDkvaZZz2oHJCOLukjQvQP41ZG.jpg</thumbnail>
    <fanart>https://image.tmdb.org/t/p/w1280/ynAII8rayGpKPLFRVrwGP6PJBx6.jpg</fanart>
</dir>
<dir>
    <title>Ink, Paper, Scissors</title>
    <meta>
        <content>tvshow</content>
        <imdb>tt6070884</imdb>
        <tvshowtitle>Ink, Paper, Scissors</tvshowtitle>
        <year>2016</year>
    </meta>
    <link>trakt_tv_show(112335, 2016, Ink, Paper, Scissors, None, tt6070884)</link>
    <thumbnail/>
    <fanart/>
</dir>
<dir>
    <title>Keeping Up with the Kardashians</title>
    <meta>
        <content>tvshow</content>
        <imdb>tt1086761</imdb>
        <tvshowtitle>Keeping Up with the Kardashians</tvshowtitle>
        <year>2007</year>
    </meta>
    <link>trakt_tv_show(14750, 2007, Keeping Up with the Kardashians, 14814, tt1086761)</link>
    <thumbnail>https://image.tmdb.org/t/p/w1280//80boknbHjdsW9M8J2QBZi9XlofG.jpg</thumbnail>
    <fanart>https://image.tmdb.org/t/p/w1280/owSNPDu05ua7ihEBAfbWRSMLP2U.jpg</fanart>
</dir>
<dir>
    <title>Livin' Lozada</title>
    <meta>
        <content>tvshow</content>
        <imdb>tt4847092</imdb>
        <tvshowtitle>Livin' Lozada</tvshowtitle>
        <year>2015</year>
    </meta>
    <link>trakt_tv_show(100489, 2015, Livin' Lozada, 63368, tt4847092)</link>
    <thumbnail>https://image.tmdb.org/t/p/w1280//1ONLQ02lyn28bZONTvXGzoxS3Qg.jpg</thumbnail>
    <fanart>https://image.tmdb.org/t/p/w1280/t7Qu94i4cAAik67Ww64Jz8sK1qk.jpg</fanart>
</dir>
<dir>
    <title>Love & Hip Hop</title>
    <meta>
        <content>tvshow</content>
        <imdb>tt1718437</imdb>
        <tvshowtitle>Love & Hip Hop</tvshowtitle>
        <year>2011</year>
    </meta>
    <link>trakt_tv_show(38200, 2011, Love & Hip Hop, 38360, tt1718437)</link>
    <thumbnail>https://image.tmdb.org/t/p/w1280//7qyyAz1f5llOpFHiPDoW9utAp3r.jpg</thumbnail>
    <fanart>https://image.tmdb.org/t/p/w1280/d2XBBy0FSaLrbtUYCOZBhwwYzEf.jpg</fanart>
</dir>
<dir>
    <title>Love & Hip Hop Hollywood</title>
    <meta>
        <content>tvshow</content>
        <imdb>tt3706642</imdb>
        <tvshowtitle>Love & Hip Hop Hollywood</tvshowtitle>
        <year>2014</year>
    </meta>
    <link>trakt_tv_show(80282, 2014, Love & Hip Hop Hollywood, 61582, tt3706642)</link>
    <thumbnail>https://image.tmdb.org/t/p/w1280//gHclKLQvVM88xjPAYsz95byebE.jpg</thumbnail>
    <fanart>https://image.tmdb.org/t/p/w1280/rdYYE9Ivv5Fq5UzzQmxJIMS2Sut.jpg</fanart>
</dir>
<dir>
    <title>Love & Hip Hop: Atlanta</title>
    <meta>
        <content>tvshow</content>
        <imdb>tt2224452</imdb>
        <tvshowtitle>Love & Hip Hop: Atlanta</tvshowtitle>
        <year>2012</year>
    </meta>
    <link>trakt_tv_show(42684, 2012, Love & Hip Hop: Atlanta, 42910, tt2224452)</link>
    <thumbnail>https://image.tmdb.org/t/p/w1280//lQ6ay1NY5gI4oQtXefELfWfC06Z.jpg</thumbnail>
    <fanart>https://image.tmdb.org/t/p/w1280/xcyM6qC8zdhlkaM2oHLCjSM9iaz.jpg</fanart>
</dir>
<dir>
    <title>Love Games: Bad Girls Need Love Too</title>
    <meta>
        <content>tvshow</content>
        <imdb>None</imdb>
        <tvshowtitle>Love Games: Bad Girls Need Love Too</tvshowtitle>
        <year>2010</year>
    </meta>
    <link>trakt_tv_show(31722, 2010, Love Games: Bad Girls Need Love Too, 31862, None)</link>
    <thumbnail>https://image.tmdb.org/t/p/w1280//mxfg7bCkhrvOkcc94xgEYS8MlbR.jpg</thumbnail>
    <fanart/>
</dir>
<dir>
    <title>Marriage Boot Camp: Reality Stars</title>
    <meta>
        <content>tvshow</content>
        <imdb>tt3683038</imdb>
        <tvshowtitle>Marriage Boot Camp: Reality Stars</tvshowtitle>
        <year>2014</year>
    </meta>
    <link>trakt_tv_show(77791, 2014, Marriage Boot Camp: Reality Stars, 61841, tt3683038)</link>
    <thumbnail>https://image.tmdb.org/t/p/w1280//s16jQQ8OvrLtG66J9Cs21x4y89T.jpg</thumbnail>
    <fanart>https://image.tmdb.org/t/p/w1280/kCtDk7oOEt90BgzEspEyuzEL54x.jpg</fanart>
</dir>
<dir>
    <title>Mary Mary</title>
    <meta>
        <content>tvshow</content>
        <imdb>tt2118297</imdb>
        <tvshowtitle>Mary Mary</tvshowtitle>
        <year>2012</year>
    </meta>
    <link>trakt_tv_show(66189, 2012, Mary Mary, None, tt2118297)</link>
    <thumbnail/>
    <fanart/>
</dir>
<dir>
    <title>MasterChef</title>
    <meta>
        <content>tvshow</content>
        <imdb>tt1694423</imdb>
        <tvshowtitle>MasterChef</tvshowtitle>
        <year>2010</year>
    </meta>
    <link>trakt_tv_show(40105, 2010, MasterChef, 40290, tt1694423)</link>
    <thumbnail>https://image.tmdb.org/t/p/w1280//ePkPGT1d6BjHr5r6VpNDraY62Ty.jpg</thumbnail>
    <fanart>https://image.tmdb.org/t/p/w1280/yN2KqEkxWNovwJrUrB1O6ZdBE5y.jpg</fanart>
</dir>
<dir>
    <title>MasterChef Canada</title>
    <meta>
        <content>tvshow</content>
        <imdb>tt3219166</imdb>
        <tvshowtitle>MasterChef Canada</tvshowtitle>
        <year>2014</year>
    </meta>
    <link>trakt_tv_show(75069, 2014, MasterChef Canada, 64958, tt3219166)</link>
    <thumbnail>https://image.tmdb.org/t/p/w1280//znzdakPz78zZkCVG6Qlwi53tPuY.jpg</thumbnail>
    <fanart>https://image.tmdb.org/t/p/w1280/ysOheYOKQAyWDICBzCktapm4GBY.jpg</fanart>
</dir>
<dir>
    <title>Mob Wives</title>
    <meta>
        <content>tvshow</content>
        <imdb>tt1827163</imdb>
        <tvshowtitle>Mob Wives</tvshowtitle>
        <year>2011</year>
    </meta>
    <link>trakt_tv_show(39340, 2011, Mob Wives, 39513, tt1827163)</link>
    <thumbnail>https://image.tmdb.org/t/p/w1280//j3XC5dJq0GsWqES449tyZvniYWh.jpg</thumbnail>
    <fanart>https://image.tmdb.org/t/p/w1280/lNBphxXC8VClv6gBADpXT2zQYli.jpg</fanart>
</dir>
<dir>
    <title>Mob Wives Chicago</title>
    <meta>
        <content>tvshow</content>
        <imdb>tt2303803</imdb>
        <tvshowtitle>Mob Wives Chicago</tvshowtitle>
        <year>2012</year>
    </meta>
    <link>trakt_tv_show(41839, 2012, Mob Wives Chicago, 42056, tt2303803)</link>
    <thumbnail>https://image.tmdb.org/t/p/w1280//aUOARQConWhfdFVdghS1OBpbV5x.jpg</thumbnail>
    <fanart>https://image.tmdb.org/t/p/w1280/xCHEGIbFO9SBYaNMbuYWPGkE51R.jpg</fanart>
</dir>
<dir>
    <title>The Next :15</title>
    <meta>
        <content>tvshow</content>
        <imdb>None</imdb>
        <tvshowtitle>The Next :15</tvshowtitle>
        <year>2016</year>
    </meta>
    <link>trakt_tv_show(105783, 2016, The Next :15, None, None)</link>
    <thumbnail/>
    <fanart/>
</dir>
<dir>
    <title>Project Runway</title>
    <meta>
        <content>tvshow</content>
        <imdb>tt0437741</imdb>
        <tvshowtitle>Project Runway</tvshowtitle>
        <year>2004</year>
    </meta>
    <link>trakt_tv_show(1673, 2004, Project Runway, 1685, tt0437741)</link>
    <thumbnail>https://image.tmdb.org/t/p/w1280//a6ouHzPy2ynZpqysIKDJ1aqJWVD.jpg</thumbnail>
    <fanart>https://image.tmdb.org/t/p/w1280/m7KMXr2x4APMt7UqcncnkJxnPux.jpg</fanart>
</dir>
<dir>
    <title>Project Runway All Stars</title>
    <meta>
        <content>tvshow</content>
        <imdb>tt2076610</imdb>
        <tvshowtitle>Project Runway All Stars</tvshowtitle>
        <year>2012</year>
    </meta>
    <link>trakt_tv_show(65261, 2012, Project Runway All Stars, 42763, tt2076610)</link>
    <thumbnail>https://image.tmdb.org/t/p/w1280//twkiQzszcWSCxCaxIH780MxqPyO.jpg</thumbnail>
    <fanart>https://image.tmdb.org/t/p/w1280/sVL4SskMuyeMFLkkHjnuzGWWyao.jpg</fanart>
</dir>
<dir>
    <title>Project Runway Junior</title>
    <meta>
        <content>tvshow</content>
        <imdb>tt5095514</imdb>
        <tvshowtitle>Project Runway Junior</tvshowtitle>
        <year>2015</year>
    </meta>
    <link>trakt_tv_show(102038, 2015, Project Runway Junior, 64404, tt5095514)</link>
    <thumbnail>https://image.tmdb.org/t/p/w1280//9jXSyMSSKsYgYR78fy1MkRoje7.jpg</thumbnail>
    <fanart>https://image.tmdb.org/t/p/w1280/fAKG42fyosXXWrE9EfNy8ulUJt4.jpg</fanart>
</dir>
<dir>
    <title>Project Runway Under the Gunn</title>
    <meta>
        <content>tvshow</content>
        <imdb>tt3488086</imdb>
        <tvshowtitle>Project Runway Under the Gunn</tvshowtitle>
        <year>2014</year>
    </meta>
    <link>trakt_tv_show(76532, 2014, Project Runway Under the Gunn, None, tt3488086)</link>
    <thumbnail/>
    <fanart/>
</dir>
<dir>
    <title>R&B Divas</title>
    <meta>
        <content>tvshow</content>
        <imdb>tt2366526</imdb>
        <tvshowtitle>R&B Divas</tvshowtitle>
        <year>2012</year>
    </meta>
    <link>trakt_tv_show(58597, 2012, R&B Divas, 58986, tt2366526)</link>
    <thumbnail>https://image.tmdb.org/t/p/w1280//fLkEP7Vd4kRT9A2kL2VuHCtgUtj.jpg</thumbnail>
    <fanart/>
</dir>
<dir>
    <title>The Real Housewives of Atlanta</title>
    <meta>
        <content>tvshow</content>
        <imdb>tt1252370</imdb>
        <tvshowtitle>The Real Housewives of Atlanta</tvshowtitle>
        <year>2008</year>
    </meta>
    <link>trakt_tv_show(17302, 2008, The Real Housewives of Atlanta, 17380, tt1252370)</link>
    <thumbnail>https://image.tmdb.org/t/p/w1280//kDQMV8VgKMJa6sOunp6JZ9QVbC4.jpg</thumbnail>
    <fanart>https://image.tmdb.org/t/p/w1280/814B2kHpenJaj4xQ8WR5RHgr401.jpg</fanart>
</dir>
<dir>
    <title>The Real Housewives of Atlanta: Kandi's Wedding</title>
    <meta>
        <content>tvshow</content>
        <imdb>None</imdb>
        <tvshowtitle>The Real Housewives of Atlanta: Kandi's Wedding</tvshowtitle>
        <year>2014</year>
    </meta>
    <link>trakt_tv_show(77784, 2014, The Real Housewives of Atlanta: Kandi's Wedding, None, None)</link>
    <thumbnail/>
    <fanart/>
</dir>
<dir>
    <title>The Real Housewives of Beverly Hills</title>
    <meta>
        <content>tvshow</content>
        <imdb>tt1720601</imdb>
        <tvshowtitle>The Real Housewives of Beverly Hills</tvshowtitle>
        <year>2010</year>
    </meta>
    <link>trakt_tv_show(32250, 2010, The Real Housewives of Beverly Hills, 32390, tt1720601)</link>
    <thumbnail>https://image.tmdb.org/t/p/w1280//tZbJs8VdAqqy6zdXjQzZcCqaZaK.jpg</thumbnail>
    <fanart>https://image.tmdb.org/t/p/w1280/pmCWhMZm0fJ2YQDynG1iZ7ASPbO.jpg</fanart>
</dir>
<dir>
    <title>The Real Housewives of D.C.</title>
    <meta>
        <content>tvshow</content>
        <imdb>None</imdb>
        <tvshowtitle>The Real Housewives of D.C.</tvshowtitle>
        <year>2010</year>
    </meta>
    <link>trakt_tv_show(31356, 2010, The Real Housewives of D.C., 31493, None)</link>
    <thumbnail>https://image.tmdb.org/t/p/w1280//yoijiFNmkrYz3OmpUoaXrywEr5a.jpg</thumbnail>
    <fanart>https://image.tmdb.org/t/p/w1280/gAxTmJnI6wQFPds5DXpFg933BFk.jpg</fanart>
</dir>
<dir>
    <title>The Real Housewives of Miami</title>
    <meta>
        <content>tvshow</content>
        <imdb>tt1833558</imdb>
        <tvshowtitle>The Real Housewives of Miami</tvshowtitle>
        <year>2011</year>
    </meta>
    <link>trakt_tv_show(34121, 2011, The Real Housewives of Miami, 34268, tt1833558)</link>
    <thumbnail>https://image.tmdb.org/t/p/w1280//amRJociQWuh8RW2ue4UcVRCylA4.jpg</thumbnail>
    <fanart>https://image.tmdb.org/t/p/w1280/dlNlJbDKcDafNOcLyzE6bEtX9BN.jpg</fanart>
</dir>
<dir>
    <title>The Real Housewives of New Jersey</title>
    <meta>
        <content>tvshow</content>
        <imdb>tt1411598</imdb>
        <tvshowtitle>The Real Housewives of New Jersey</tvshowtitle>
        <year>2009</year>
    </meta>
    <link>trakt_tv_show(18122, 2009, The Real Housewives of New Jersey, 18204, tt1411598)</link>
    <thumbnail>https://image.tmdb.org/t/p/w1280//Lglo7tdHIFOKJSPlPQaaGwMBFY.jpg</thumbnail>
    <fanart>https://image.tmdb.org/t/p/w1280/zrBK5Hrj7LITpDDQKmOKrq0oKQF.jpg</fanart>
</dir>
<dir>
    <title>The Real Housewives of New York City</title>
    <meta>
        <content>tvshow</content>
        <imdb>tt1191056</imdb>
        <tvshowtitle>The Real Housewives of New York City</tvshowtitle>
        <year>2008</year>
    </meta>
    <link>trakt_tv_show(14744, 2008, The Real Housewives of New York City, 14808, tt1191056)</link>
    <thumbnail>https://image.tmdb.org/t/p/w1280//Jlh2wKXU6O0A6FLueDud7TkDLe.jpg</thumbnail>
    <fanart>https://image.tmdb.org/t/p/w1280/aCO8qnkVLuXAwDN18iGfHI1kkMn.jpg</fanart>
</dir>
<dir>
    <title>The Real Housewives of Orange County</title>
    <meta>
        <content>tvshow</content>
        <imdb>tt0497079</imdb>
        <tvshowtitle>The Real Housewives of Orange County</tvshowtitle>
        <year>2006</year>
    </meta>
    <link>trakt_tv_show(10173, 2006, The Real Housewives of Orange County, 10222, tt0497079)</link>
    <thumbnail>https://image.tmdb.org/t/p/w1280//7DJqj6rWVBlGOlpvoxFItKIry6o.jpg</thumbnail>
    <fanart>https://image.tmdb.org/t/p/w1280/lMjQdJWTWu8TqhQyhjqItvgvQ1O.jpg</fanart>
</dir>
<dir>
    <title>The Real Housewives of Potomac</title>
    <meta>
        <content>tvshow</content>
        <imdb>tt5327970</imdb>
        <tvshowtitle>The Real Housewives of Potomac</tvshowtitle>
        <year>2016</year>
    </meta>
    <link>trakt_tv_show(103462, 2016, The Real Housewives of Potomac, 65300, tt5327970)</link>
    <thumbnail>https://image.tmdb.org/t/p/w1280//efaOP688a953NPxEzHpVwRErBtH.jpg</thumbnail>
    <fanart>https://image.tmdb.org/t/p/w1280/hbMIQ33Da4wPImtiM4PJjroaD2S.jpg</fanart>
</dir>
<dir>
    <title>The Real World</title>
    <meta>
        <content>tvshow</content>
        <imdb>tt0103520</imdb>
        <tvshowtitle>The Real World</tvshowtitle>
        <year>1992</year>
    </meta>
    <link>trakt_tv_show(4995, 1992, The Real World, 5022, tt0103520)</link>
    <thumbnail>https://image.tmdb.org/t/p/w1280//p1wts9KXclvRoJ2aAPrKVCNf6bN.jpg</thumbnail>
    <fanart>https://image.tmdb.org/t/p/w1280/uiI8j5jSzIQ3sOyVHcyxpoBZZq4.jpg</fanart>
</dir>
<dir>
    <title>Rob & Chyna</title>
    <meta>
        <content>tvshow</content>
        <imdb>tt6059298</imdb>
        <tvshowtitle>Rob & Chyna</tvshowtitle>
        <year>2016</year>
    </meta>
    <link>trakt_tv_show(110625, 2016, Rob & Chyna, 67794, tt6059298)</link>
    <thumbnail>https://image.tmdb.org/t/p/w1280//hOCWpEFxroE9OOOhHH2uk0woE4i.jpg</thumbnail>
    <fanart/>
</dir>
<dir>
    <title>Shahs of Sunset</title>
    <meta>
        <content>tvshow</content>
        <imdb>tt1997999</imdb>
        <tvshowtitle>Shahs of Sunset</tvshowtitle>
        <year>2012</year>
    </meta>
    <link>trakt_tv_show(66016, 2012, Shahs of Sunset, 62113, tt1997999)</link>
    <thumbnail>https://image.tmdb.org/t/p/w1280//7xMtpIVpHsfcDq9OOnzkyyg15hl.jpg</thumbnail>
    <fanart>https://image.tmdb.org/t/p/w1280/oOfag6BuTByxydCc3StBZMKNnsr.jpg</fanart>
</dir>
<dir>
    <title>Sisterhood of Hip Hop</title>
    <meta>
        <content>tvshow</content>
        <imdb>tt3791526</imdb>
        <tvshowtitle>Sisterhood of Hip Hop</tvshowtitle>
        <year>2014</year>
    </meta>
    <link>trakt_tv_show(79793, 2014, Sisterhood of Hip Hop, None, tt3791526)</link>
    <thumbnail/>
    <fanart/>
</dir>
<dir>
    <title>Stevie J & Joseline Go Hollywood</title>
    <meta>
        <content>tvshow</content>
        <imdb>tt5705030</imdb>
        <tvshowtitle>Stevie J & Joseline Go Hollywood</tvshowtitle>
        <year>2016</year>
    </meta>
    <link>trakt_tv_show(104929, 2016, Stevie J & Joseline Go Hollywood, None, tt5705030)</link>
    <thumbnail/>
    <fanart/>
</dir>
<dir>
    <title>Tamar & Vince</title>
    <meta>
        <content>tvshow</content>
        <imdb>tt2158001</imdb>
        <tvshowtitle>Tamar & Vince</tvshowtitle>
        <year>2012</year>
    </meta>
    <link>trakt_tv_show(67763, 2012, Tamar & Vince, 59636, tt2158001)</link>
    <thumbnail>https://image.tmdb.org/t/p/w1280//6VfpQL576WfqOhRLu6Zm4lE8169.jpg</thumbnail>
    <fanart>https://image.tmdb.org/t/p/w1280/dWBwffP7gHnbM2AfuSL5pZCf04E.jpg</fanart>
</dir>
<dir>
    <title>Top Chef</title>
    <meta>
        <content>tvshow</content>
        <imdb>tt0765425</imdb>
        <tvshowtitle>Top Chef</tvshowtitle>
        <year>2006</year>
    </meta>
    <link>trakt_tv_show(41613, 2006, Top Chef, 41822, tt0765425)</link>
    <thumbnail>https://image.tmdb.org/t/p/w1280//aZOhU966FrwnsDIgRMLFYnANXKM.jpg</thumbnail>
    <fanart>https://image.tmdb.org/t/p/w1280/itta3sRXOr6mNjVfJEgGAud2RMg.jpg</fanart>
</dir>
<dir>
    <title>Vanderpump Rules</title>
    <meta>
        <content>tvshow</content>
        <imdb>tt2343157</imdb>
        <tvshowtitle>Vanderpump Rules</tvshowtitle>
        <year>2013</year>
    </meta>
    <link>trakt_tv_show(69009, 2013, Vanderpump Rules, 61581, tt2343157)</link>
    <thumbnail>https://image.tmdb.org/t/p/w1280//iBHbFYH58rVk0DF5NFQKB3B0Ous.jpg</thumbnail>
    <fanart>https://image.tmdb.org/t/p/w1280/tnzAnR2ErjiiRFA8VBPILHSUEHS.jpg</fanart>
</dir>
<dir>
    <title>WAGS</title>
    <meta>
        <content>tvshow</content>
        <imdb>tt4986084</imdb>
        <tvshowtitle>WAGS</tvshowtitle>
        <year>2015</year>
    </meta>
    <link>trakt_tv_show(100959, 2015, WAGS, None, tt4986084)</link>
    <thumbnail/>
    <fanart/>
</dir>
<dir>
    <title>WAGS Miami</title>
    <meta>
        <content>tvshow</content>
        <imdb>tt6316862</imdb>
        <tvshowtitle>WAGS Miami</tvshowtitle>
        <year>2016</year>
    </meta>
    <link>trakt_tv_show(112063, 2016, WAGS Miami, 67787, tt6316862)</link>
    <thumbnail>https://image.tmdb.org/t/p/w1280//bQjWK6EifuGw1yA84avP3P4L0Q0.jpg</thumbnail>
    <fanart>https://image.tmdb.org/t/p/w1280/h8LOa2nEPZ7VgwTQ2i3I7izaM6U.jpg</fanart>
</dir>
<dir>
    <title>American Idol</title>
    <meta>
        <content>tvshow</content>
        <imdb>tt0319931</imdb>
        <tvshowtitle>American Idol</tvshowtitle>
        <year>2002</year>
    </meta>
    <link>trakt_tv_show(3603, 2002, American Idol, 3626, tt0319931)</link>
    <thumbnail>https://image.tmdb.org/t/p/w1280//5Ez1Pdt1U2gRIQMBEunduJ6jFJU.jpg</thumbnail>
    <fanart>https://image.tmdb.org/t/p/w1280/xTlPtqlZWsywV06ZB75dVSdM4Am.jpg</fanart>
</dir>
<dir>
    <title>Hotel Hell</title>
    <meta>
        <content>tvshow</content>
        <imdb>tt2242025</imdb>
        <tvshowtitle>Hotel Hell</tvshowtitle>
        <year>2012</year>
    </meta>
    <link>trakt_tv_show(44224, 2012, Hotel Hell, 44472, tt2242025)</link>
    <thumbnail>https://image.tmdb.org/t/p/w1280//pVO0euWZxTgqLaaXYVylW3UjB3R.jpg</thumbnail>
    <fanart>https://image.tmdb.org/t/p/w1280/boNust6h8lpmKKp1InoeCULfGnw.jpg</fanart>
</dir>
<dir>
    <title>Lockup</title>
    <meta>
        <content>tvshow</content>
        <imdb>tt0446847</imdb>
        <tvshowtitle>Lockup</tvshowtitle>
        <year>2005</year>
    </meta>
    <link>trakt_tv_show(8068, 2005, Lockup, 8114, tt0446847)</link>
    <thumbnail>https://image.tmdb.org/t/p/w1280//hIxvizzrx3ByuMfwBbPTzbY9HE2.jpg</thumbnail>
    <fanart>https://image.tmdb.org/t/p/w1280/A5ilexZwFquurSi7uzjk6UzwdTG.jpg</fanart>
</dir>
<dir>
    <title>Making a Murderer</title>
    <meta>
        <content>tvshow</content>
        <imdb>tt5189670</imdb>
        <tvshowtitle>Making a Murderer</tvshowtitle>
        <year>2015</year>
    </meta>
    <link>trakt_tv_show(103423, 2015, Making a Murderer, 64439, tt5189670)</link>
    <thumbnail>https://image.tmdb.org/t/p/w1280//4ukKkwZWDSCxdXKBWUEfLSuHWmS.jpg</thumbnail>
    <fanart>https://image.tmdb.org/t/p/w1280/clmdHJpw3NuUCZveyTTwB83wmRH.jpg</fanart>
</dir>
<dir>
    <title>Ramsay's Kitchen Nightmares</title>
    <meta>
        <content>tvshow</content>
        <imdb>tt0409608</imdb>
        <tvshowtitle>Ramsay's Kitchen Nightmares</tvshowtitle>
        <year>2004</year>
    </meta>
    <link>trakt_tv_show(2165, 2004, Ramsay's Kitchen Nightmares, 2178, tt0409608)</link>
    <thumbnail>https://image.tmdb.org/t/p/w1280//eQvwtDJfAW1c7Ota0BpVWqn6x9j.jpg</thumbnail>
    <fanart>https://image.tmdb.org/t/p/w1280/eamFmj5SeeGhJMLXx22Y58Ohl6o.jpg</fanart>
</dir>
<dir>
    <title>The Voice</title>
    <meta>
        <content>tvshow</content>
        <imdb>tt1839337</imdb>
        <tvshowtitle>The Voice</tvshowtitle>
        <year>2011</year>
    </meta>
    <link>trakt_tv_show(37520, 2011, The Voice, 37678, tt1839337)</link>
    <thumbnail>https://image.tmdb.org/t/p/w1280//tC5sHiTUgYfgiCEgNwZGoQNqEu2.jpg</thumbnail>
    <fanart>https://image.tmdb.org/t/p/w1280/nRcPtIn39NEKCavn7S4wkO0WrwB.jpg</fanart>
</dir>
<dir>
    <title>VICE</title>
    <meta>
        <content>tvshow</content>
        <imdb>tt2782710</imdb>
        <tvshowtitle>VICE</tvshowtitle>
        <year>2013</year>
    </meta>
    <link>trakt_tv_show(68567, 2013, VICE, 48552, tt2782710)</link>
    <thumbnail>https://image.tmdb.org/t/p/w1280//iyUbcAWYcCt6qoKNiqNQkrnUrwF.jpg</thumbnail>
    <fanart>https://image.tmdb.org/t/p/w1280/mKAfzIGTijOWoM4heoSA4P8nyKT.jpg</fanart>
</dir>
<dir>
    <title>The Voice (AU)</title>
    <meta>
        <content>tvshow</content>
        <imdb>tt2334429</imdb>
        <tvshowtitle>The Voice (AU)</tvshowtitle>
        <year>2012</year>
    </meta>
    <link>trakt_tv_show(39667, 2012, The Voice (AU), 39845, tt2334429)</link>
    <thumbnail>https://image.tmdb.org/t/p/w1280//fNkkTZyUYZQTzu91Lif6SFrnLl7.jpg</thumbnail>
    <fanart>https://image.tmdb.org/t/p/w1280/wCLvNepPaapHsJLKHRcX2Kq1oIA.jpg</fanart>
</dir>
<dir>
    <title>Hell's Kitchen</title>
    <meta>
        <content>tvshow</content>
        <imdb>tt0437005</imdb>
        <tvshowtitle>Hell's Kitchen</tvshowtitle>
        <year>2005</year>
    </meta>
    <link>trakt_tv_show(2356, 2005, Hell's Kitchen, 2370, tt0437005)</link>
    <thumbnail>https://image.tmdb.org/t/p/w1280//z7XIdAhrvAh42TYVe0j27yJTxnt.jpg</thumbnail>
    <fanart>https://image.tmdb.org/t/p/w1280/27CivcoDl5sAwTTcHPpAeKD6sbG.jpg</fanart>
</dir>
<dir>
    <title>Iron Chef</title>
    <meta>
        <content>tvshow</content>
        <imdb>tt0220265</imdb>
        <tvshowtitle>Iron Chef</tvshowtitle>
        <year>1993</year>
    </meta>
    <link>trakt_tv_show(4570, 1993, Iron Chef, 4594, tt0220265)</link>
    <thumbnail>https://image.tmdb.org/t/p/w1280//pRehOQa4pXB1RgFCWvDC7FrBeeX.jpg</thumbnail>
    <fanart>https://image.tmdb.org/t/p/w1280/bh4CcWTuJxs9lxICXGKn9jMJdCH.jpg</fanart>
</dir>
<dir>
    <title>Catfish: The TV Show</title>
    <meta>
        <content>tvshow</content>
        <imdb>tt2498968</imdb>
        <tvshowtitle>Catfish: The TV Show</tvshowtitle>
        <year>2012</year>
    </meta>
    <link>trakt_tv_show(46634, 2012, Catfish: The TV Show, 46910, tt2498968)</link>
    <thumbnail>https://image.tmdb.org/t/p/w1280//jrLfufaUFPEgiapVKOpUzs8Wkag.jpg</thumbnail>
    <fanart>https://image.tmdb.org/t/p/w1280/trz4RODpue1HfrbzPgzRTYoz3Ej.jpg</fanart>
</dir>
<dir>
    <title>Ex on the Beach</title>
    <meta>
        <content>tvshow</content>
        <imdb>tt3522052</imdb>
        <tvshowtitle>Ex on the Beach</tvshowtitle>
        <year>2014</year>
    </meta>
    <link>trakt_tv_show(60420, 2014, Ex on the Beach, 60867, tt3522052)</link>
    <thumbnail>https://image.tmdb.org/t/p/w1280//s5Ei8vTbAqvxLAiUp1BC9Y1dNAV.jpg</thumbnail>
    <fanart>https://image.tmdb.org/t/p/w1280/m1SGj9jxpRgz8MSoAYot4aEtpQF.jpg</fanart>
</dir>
<dir>
    <title>Real Husbands of Hollywood</title>
    <meta>
        <content>tvshow</content>
        <imdb>tt2608368</imdb>
        <tvshowtitle>Real Husbands of Hollywood</tvshowtitle>
        <year>2013</year>
    </meta>
    <link>trakt_tv_show(69124, 2013, Real Husbands of Hollywood, 61879, tt2608368)</link>
    <thumbnail>https://image.tmdb.org/t/p/w1280//thyBm2AuOMurzxoNCUj5jm9aNgU.jpg</thumbnail>
    <fanart>https://image.tmdb.org/t/p/w1280/wmOMp62yXSu0rR7AyJwmloBlBgC.jpg</fanart>
</dir>
<dir>
    <title>Teen Mom</title>
    <meta>
        <content>tvshow</content>
        <imdb>tt1566154</imdb>
        <tvshowtitle>Teen Mom</tvshowtitle>
        <year>2009</year>
    </meta>
    <link>trakt_tv_show(31422, 2009, Teen Mom, 31559, tt1566154)</link>
    <thumbnail>https://image.tmdb.org/t/p/w1280//so5nEJV1heR9W1exouA0UIZv6pM.jpg</thumbnail>
    <fanart>https://image.tmdb.org/t/p/w1280/8siXN10nFEWepUTiYlJDYHkZqa3.jpg</fanart>
</dir>
<dir>
    <title>Total Divas</title>
    <meta>
        <content>tvshow</content>
        <imdb>tt3056472</imdb>
        <tvshowtitle>Total Divas</tvshowtitle>
        <year>2013</year>
    </meta>
    <link>trakt_tv_show(58195, 2013, Total Divas, 58578, tt3056472)</link>
    <thumbnail>https://image.tmdb.org/t/p/w1280//l5MhAmiuEsFhUyj0vYOuFVtzqdN.jpg</thumbnail>
    <fanart>https://image.tmdb.org/t/p/w1280/iuf1VJYRTAlLFOBksbmm7n4Sef0.jpg</fanart>
</dir>
<dir>
    <title>Little Women: LA</title>
    <meta>
        <content>tvshow</content>
        <imdb>tt3761278</imdb>
        <tvshowtitle>Little Women: LA</tvshowtitle>
        <year>2014</year>
    </meta>
    <link>trakt_tv_show(77818, 2014, Little Women: LA, 61782, tt3761278)</link>
    <thumbnail>https://image.tmdb.org/t/p/w1280//eT4OeDh0gBLYQUk6QclYiUOsdBj.jpg</thumbnail>
    <fanart>https://image.tmdb.org/t/p/w1280/kHyFinN1KDpalPGWfWUV1NOvyyv.jpg</fanart>
</dir>
<dir>
    <title>Dance Moms</title>
    <meta>
        <content>tvshow</content>
        <imdb>tt1991410</imdb>
        <tvshowtitle>Dance Moms</tvshowtitle>
        <year>2011</year>
    </meta>
    <link>trakt_tv_show(39843, 2011, Dance Moms, 40026, tt1991410)</link>
    <thumbnail>https://image.tmdb.org/t/p/w1280//cPjXPaoga5aHEujhME2U2dOsbXB.jpg</thumbnail>
    <fanart>https://image.tmdb.org/t/p/w1280/8ju2p5FeN20MBYqHYtePLvzKlV.jpg</fanart>
</dir>
<dir>
    <title>Married at First Sight (AU)</title>
    <meta>
        <content>tvshow</content>
        <imdb>tt4771108</imdb>
        <tvshowtitle>Married at First Sight (AU)</tvshowtitle>
        <year>2015</year>
    </meta>
    <link>trakt_tv_show(99032, 2015, Married at First Sight (AU), 62705, tt4771108)</link>
    <thumbnail>https://image.tmdb.org/t/p/w1280//2mKEpx0YQbjdbQmCGQgAy9JTCpJ.jpg</thumbnail>
    <fanart>https://image.tmdb.org/t/p/w1280/7wVOogvBqLUUjrzdXdbpGh54LBs.jpg</fanart>
</dir>
<dir>
    <title>Hoarders</title>
    <meta>
        <content>tvshow</content>
        <imdb>tt1497563</imdb>
        <tvshowtitle>Hoarders</tvshowtitle>
        <year>2009</year>
    </meta>
    <link>trakt_tv_show(30812, 2009, Hoarders, 30946, tt1497563)</link>
    <thumbnail>https://image.tmdb.org/t/p/w1280//jOhaBGOIYq7YNpFMgaooPl9QJw0.jpg</thumbnail>
    <fanart>https://image.tmdb.org/t/p/w1280/1B7wSquBAk0ozYOkEWalSAMIsQc.jpg</fanart>
</dir>
<dir>
    <title>Hollywood Exes</title>
    <meta>
        <content>tvshow</content>
        <imdb>tt2219920</imdb>
        <tvshowtitle>Hollywood Exes</tvshowtitle>
        <year>2012</year>
    </meta>
    <link>trakt_tv_show(58044, 2012, Hollywood Exes, 58425, tt2219920)</link>
    <thumbnail>https://image.tmdb.org/t/p/w1280//bQw1Ezi5MVf37yQFnhJdmecMJTq.jpg</thumbnail>
    <fanart>https://image.tmdb.org/t/p/w1280/jlGv7miKPqTBKcEr0zAxzfzFQBA.jpg</fanart>
</dir>
<dir>
    <title>Married at First Sight</title>
    <meta>
        <content>tvshow</content>
        <imdb>tt3868860</imdb>
        <tvshowtitle>Married at First Sight</tvshowtitle>
        <year>2014</year>
    </meta>
    <link>trakt_tv_show(60518, 2014, Married at First Sight, 60989, tt3868860)</link>
    <thumbnail>https://image.tmdb.org/t/p/w1280//9kcZ2a0o9lZs8sluDpNNlqDEnds.jpg</thumbnail>
    <fanart>https://image.tmdb.org/t/p/w1280/hgpyqHcCoC4BCrOxbtwxH2gvNjV.jpg</fanart>
</dir>
<dir>
    <title>Bachelor in Paradise</title>
    <meta>
        <content>tvshow</content>
        <imdb>tt3780132</imdb>
        <tvshowtitle>Bachelor in Paradise</tvshowtitle>
        <year>2014</year>
    </meta>
    <link>trakt_tv_show(60700, 2014, Bachelor in Paradise, 61190, tt3780132)</link>
    <thumbnail>https://image.tmdb.org/t/p/w1280//ceTsOyb6sE9DPQzraiy2EFK2MZQ.jpg</thumbnail>
    <fanart>https://image.tmdb.org/t/p/w1280/6CgOGATFiAmmrM0DbWNsLbFiXbK.jpg</fanart>
</dir>
<dir>
    <title>MasterChef Junior</title>
    <meta>
        <content>tvshow</content>
        <imdb>tt3038248</imdb>
        <tvshowtitle>MasterChef Junior</tvshowtitle>
        <year>2013</year>
    </meta>
    <link>trakt_tv_show(57382, 2013, MasterChef Junior, 57755, tt3038248)</link>
    <thumbnail>https://image.tmdb.org/t/p/w1280//nEPbBjpJq7i7Mx6WO92NNG0vo5V.jpg</thumbnail>
    <fanart>https://image.tmdb.org/t/p/w1280/v1RguKO5gdJ8tUD6oDc0yyeOIxF.jpg</fanart>
</dir>
<dir>
    <title>Storage Wars</title>
    <meta>
        <content>tvshow</content>
        <imdb>tt1785123</imdb>
        <tvshowtitle>Storage Wars</tvshowtitle>
        <year>2010</year>
    </meta>
    <link>trakt_tv_show(34822, 2010, Storage Wars, 34971, tt1785123)</link>
    <thumbnail>https://image.tmdb.org/t/p/w1280//h3E2RS4LG6tfOG94Auo8sLgB1UL.jpg</thumbnail>
    <fanart>https://image.tmdb.org/t/p/w1280/9uIppBBF4P63oh9q1GjxbBtN9cr.jpg</fanart>
</dir>
<dir>
    <title>Pawn Stars</title>
    <meta>
        <content>tvshow</content>
        <imdb>tt1492088</imdb>
        <tvshowtitle>Pawn Stars</tvshowtitle>
        <year>2009</year>
    </meta>
    <link>trakt_tv_show(21654, 2009, Pawn Stars, 21755, tt1492088)</link>
    <thumbnail>https://image.tmdb.org/t/p/w1280//me5RKz5p1O116u4FwxZyf4sPXlq.jpg</thumbnail>
    <fanart>https://image.tmdb.org/t/p/w1280/otlKibl7JxwuLnbTNCspQSfL29M.jpg</fanart>
</dir>
<dir>
    <title>Big Brother</title>
    <meta>
        <content>tvshow</content>
        <imdb>tt0251497</imdb>
        <tvshowtitle>Big Brother</tvshowtitle>
        <year>2000</year>
    </meta>
    <link>trakt_tv_show(10111, 2000, Big Brother, 10160, tt0251497)</link>
    <thumbnail>https://image.tmdb.org/t/p/w1280//kwThj8DRX0FB9ACIhggDUoUYcSt.jpg</thumbnail>
    <fanart>https://image.tmdb.org/t/p/w1280/v5ltIEtD9vvfYCFlfMGv1arTWr3.jpg</fanart>
</dir>
<dir>
    <title>Top Chef: Masters</title>
    <meta>
        <content>tvshow</content>
        <imdb>tt1427816</imdb>
        <tvshowtitle>Top Chef: Masters</tvshowtitle>
        <year>2009</year>
    </meta>
    <link>trakt_tv_show(19265, 2009, Top Chef: Masters, 19356, tt1427816)</link>
    <thumbnail>https://image.tmdb.org/t/p/w1280//wDROwUErfNMWy3FfyEwNsmhGbE9.jpg</thumbnail>
    <fanart>https://image.tmdb.org/t/p/w1280/8Q9gSextP6kZqEfjffvZjFizQjn.jpg</fanart>
</dir>
<dir>
    <title>The First 48</title>
    <meta>
        <content>tvshow</content>
        <imdb>tt0423652</imdb>
        <tvshowtitle>The First 48</tvshowtitle>
        <year>2004</year>
    </meta>
    <link>trakt_tv_show(5119, 2004, The First 48, 5146, tt0423652)</link>
    <thumbnail>https://image.tmdb.org/t/p/w1280//hrdOijnwD6Mib3xx0MpcXQtwFbZ.jpg</thumbnail>
    <fanart>https://image.tmdb.org/t/p/w1280/99u6sepPrcDyiHMEW54k9xpmPb8.jpg</fanart>
</dir>
<dir>
    <title>Cake Boss</title>
    <meta>
        <content>tvshow</content>
        <imdb>tt1444382</imdb>
        <tvshowtitle>Cake Boss</tvshowtitle>
        <year>2009</year>
    </meta>
    <link>trakt_tv_show(18579, 2009, Cake Boss, 18664, tt1444382)</link>
    <thumbnail>https://image.tmdb.org/t/p/w1280//6Wxo6W1iWPwnZuqYyQCw9Sw8WbD.jpg</thumbnail>
    <fanart>https://image.tmdb.org/t/p/w1280/kDLgpiLWAenRpxusz95CArJamNa.jpg</fanart>
</dir>
<dir>
    <title>Jersey Shore</title>
    <meta>
        <content>tvshow</content>
        <imdb>tt1563069</imdb>
        <tvshowtitle>Jersey Shore</tvshowtitle>
        <year>2009</year>
    </meta>
    <link>trakt_tv_show(31206, 2009, Jersey Shore, 31343, tt1563069)</link>
    <thumbnail>https://image.tmdb.org/t/p/w1280//6Ho89nSpKObfgenEk5iXQbiCwYp.jpg</thumbnail>
    <fanart>https://image.tmdb.org/t/p/w1280/s6UAfyjlTAasPAv5kpkR2OZMNvt.jpg</fanart>
</dir>
<dir>
    <title>Top Chef Canada</title>
    <meta>
        <content>tvshow</content>
        <imdb>tt1784288</imdb>
        <tvshowtitle>Top Chef Canada</tvshowtitle>
        <year>2011</year>
    </meta>
    <link>trakt_tv_show(37491, 2011, Top Chef Canada, 37649, tt1784288)</link>
    <thumbnail>https://image.tmdb.org/t/p/w1280//qlsdtozNEYjefUXl5CdY2J1xbQD.jpg</thumbnail>
    <fanart>https://image.tmdb.org/t/p/w1280/6wRZ60j0euZMi71qC99cUAa8xMo.jpg</fanart>
</dir>
<dir>
    <title>Intervention</title>
    <meta>
        <content>tvshow</content>
        <imdb>tt0450920</imdb>
        <tvshowtitle>Intervention</tvshowtitle>
        <year>2005</year>
    </meta>
    <link>trakt_tv_show(11093, 2005, Intervention, 11145, tt0450920)</link>
    <thumbnail>https://image.tmdb.org/t/p/w1280//azacNZ9Ozd0le6i2kM3b0un9DeO.jpg</thumbnail>
    <fanart>https://image.tmdb.org/t/p/w1280/4R1iyWOnAGxStLcvG2NTuC9G1bi.jpg</fanart>
</dir>
<dir>
    <title>Kourtney and Kim Take Miami</title>
    <meta>
        <content>tvshow</content>
        <imdb>tt1491299</imdb>
        <tvshowtitle>Kourtney and Kim Take Miami</tvshowtitle>
        <year>2009</year>
    </meta>
    <link>trakt_tv_show(18512, 2009, Kourtney and Kim Take Miami, 18596, tt1491299)</link>
    <thumbnail>https://image.tmdb.org/t/p/w1280//mN3TksVwOtGFVbpBpbCEq19wuCK.jpg</thumbnail>
    <fanart>https://image.tmdb.org/t/p/w1280/1TNYTYmJpx7RU37sd0NXMPFmCFw.jpg</fanart>
</dir>
<dir>
    <title>Kourtney and Khloe Take the Hamptons</title>
    <meta>
        <content>tvshow</content>
        <imdb>tt3828162</imdb>
        <tvshowtitle>Kourtney and Khloe Take the Hamptons</tvshowtitle>
        <year>2014</year>
    </meta>
    <link>trakt_tv_show(80189, 2014, Kourtney and Khloe Take the Hamptons, 61577, tt3828162)</link>
    <thumbnail>https://image.tmdb.org/t/p/w1280//dX7xfoY74cA2HXH4XawEeXhmbjQ.jpg</thumbnail>
    <fanart>https://image.tmdb.org/t/p/w1280/x9Bd2220WzFRODY5ZzQH4DA5oyO.jpg</fanart>
</dir>
<dir>
    <title>Kourtney and Kim Take New York</title>
    <meta>
        <content>tvshow</content>
        <imdb>tt1821879</imdb>
        <tvshowtitle>Kourtney and Kim Take New York</tvshowtitle>
        <year>2011</year>
    </meta>
    <link>trakt_tv_show(34098, 2011, Kourtney and Kim Take New York, 34245, tt1821879)</link>
    <thumbnail>https://image.tmdb.org/t/p/w1280//kaZOVmX4uaEoXyKPxqZ1vXxfl5q.jpg</thumbnail>
    <fanart>https://image.tmdb.org/t/p/w1280/3XKz7tV516P8wFQQm86jrXC7jqw.jpg</fanart>
</dir>
<dir>
    <title>Khloe & Lamar</title>
    <meta>
        <content>tvshow</content>
        <imdb>tt1821877</imdb>
        <tvshowtitle>Khloe & Lamar</tvshowtitle>
        <year>2011</year>
    </meta>
    <link>trakt_tv_show(38774, 2011, Khloe & Lamar, 38937, tt1821877)</link>
    <thumbnail>https://image.tmdb.org/t/p/w1280//yeBDyt0hxp3gcMgdp4sDyKjjDPH.jpg</thumbnail>
    <fanart>https://image.tmdb.org/t/p/w1280/5FulJyLQX9rLvXB9tsblihC5fPO.jpg</fanart>
</dir>
<dir>
    <title>I Am Cait</title>
    <meta>
        <content>tvshow</content>
        <imdb>tt4733278</imdb>
        <tvshowtitle>I Am Cait</tvshowtitle>
        <year>2015</year>
    </meta>
    <link>trakt_tv_show(99578, 2015, I Am Cait, None, tt4733278)</link>
    <thumbnail/>
    <fanart/>
</dir>
<dir>
    <title>Big Brother Canada</title>
    <meta>
        <content>tvshow</content>
        <imdb>tt2776888</imdb>
        <tvshowtitle>Big Brother Canada</tvshowtitle>
        <year>2013</year>
    </meta>
    <link>trakt_tv_show(69705, 2013, Big Brother Canada, 59960, tt2776888)</link>
    <thumbnail>https://image.tmdb.org/t/p/w1280//xrmBmiCjU8IBCCZVRsuQAcywOCe.jpg</thumbnail>
    <fanart>https://image.tmdb.org/t/p/w1280/jSq0MvWkbNFi4VYfvwXaf4AGHsf.jpg</fanart>
</dir>
<dir>
    <title>Fear Factor</title>
    <meta>
        <content>tvshow</content>
        <imdb>tt0278191</imdb>
        <tvshowtitle>Fear Factor</tvshowtitle>
        <year>2001</year>
    </meta>
    <link>trakt_tv_show(319, 2001, Fear Factor, 320, tt0278191)</link>
    <thumbnail>https://image.tmdb.org/t/p/w1280//nXJVrtEdl5nQzxzyspUqjowBtb.jpg</thumbnail>
    <fanart>https://image.tmdb.org/t/p/w1280/otus1htGB0i8pCDFRpIg6Il0z4.jpg</fanart>
</dir>
<dir>
    <title>The New Celebrity Apprentice</title>
    <meta>
        <content>tvshow</content>
        <imdb>tt0364782</imdb>
        <tvshowtitle>The New Celebrity Apprentice</tvshowtitle>
        <year>2004</year>
    </meta>
    <link>trakt_tv_show(3509, 2004, The New Celebrity Apprentice, 3531, tt0364782)</link>
    <thumbnail>https://image.tmdb.org/t/p/w1280//y98uuEAOtyzo4tROo4JSGGToZab.jpg</thumbnail>
    <fanart>https://image.tmdb.org/t/p/w1280/kDu02OdrDmvJxurBHmFydQk89f3.jpg</fanart>
</dir>
<dir>
    <title>Australian Idol</title>
    <meta>
        <content>tvshow</content>
        <imdb>tt0382400</imdb>
        <tvshowtitle>Australian Idol</tvshowtitle>
        <year>2003</year>
    </meta>
    <link>trakt_tv_show(4180, 2003, Australian Idol, 4204, tt0382400)</link>
    <thumbnail>https://image.tmdb.org/t/p/w1280//nTJcVEjBVB5Al8nK39CiaF33ka3.jpg</thumbnail>
    <fanart/>
</dir>
<dir>
    <title>The Amazing Race</title>
    <meta>
        <content>tvshow</content>
        <imdb>tt0285335</imdb>
        <tvshowtitle>The Amazing Race</tvshowtitle>
        <year>2001</year>
    </meta>
    <link>trakt_tv_show(30823, 2001, The Amazing Race, 30957, tt0285335)</link>
    <thumbnail>https://image.tmdb.org/t/p/w1280//rOEtgh9uAT0MXyo7C5gfCcK6x14.jpg</thumbnail>
    <fanart>https://image.tmdb.org/t/p/w1280/pyQfYvr3pKZqFiQEEg8jLklHDO5.jpg</fanart>
</dir>
<dir>
    <title>Survivor</title>
    <meta>
        <content>tvshow</content>
        <imdb>tt0239195</imdb>
        <tvshowtitle>Survivor</tvshowtitle>
        <year>2000</year>
    </meta>
    <link>trakt_tv_show(14594, 2000, Survivor, 14658, tt0239195)</link>
    <thumbnail>https://image.tmdb.org/t/p/w1280//bZPPG969FkAAPQuJ6CGq1eitoPX.jpg</thumbnail>
    <fanart>https://image.tmdb.org/t/p/w1280/euv7O4LhEt1lkP3AoZZxaixtzFI.jpg</fanart>
</dir>
<dir>
    <title>So You Think You Can Dance</title>
    <meta>
        <content>tvshow</content>
        <imdb>tt0472023</imdb>
        <tvshowtitle>So You Think You Can Dance</tvshowtitle>
        <year>2005</year>
    </meta>
    <link>trakt_tv_show(3952, 2005, So You Think You Can Dance, 3976, tt0472023)</link>
    <thumbnail>https://image.tmdb.org/t/p/w1280//zd4oYMq6WHtOFJyYCCQrwdbBgCA.jpg</thumbnail>
    <fanart>https://image.tmdb.org/t/p/w1280/zjwhtWZRfj7U5bhvd2lNiwsTUla.jpg</fanart>
</dir>
<dir>
    <title>Australian Survivor</title>
    <meta>
        <content>tvshow</content>
        <imdb>tt0310416</imdb>
        <tvshowtitle>Australian Survivor</tvshowtitle>
        <year>2002</year>
    </meta>
    <link>trakt_tv_show(103818, 2002, Australian Survivor, 10957, tt0310416)</link>
    <thumbnail>https://image.tmdb.org/t/p/w1280//2DXd32Szzp6HwhLDcdUmQRNzvzj.jpg</thumbnail>
    <fanart>https://image.tmdb.org/t/p/w1280/oFjerDnMc54beIY4wq8VeBaGJ8j.jpg</fanart>
</dir>
<dir>
    <title>Lip Sync Battle</title>
    <meta>
        <content>tvshow</content>
        <imdb>tt4335742</imdb>
        <tvshowtitle>Lip Sync Battle</tvshowtitle>
        <year>2015</year>
    </meta>
    <link>trakt_tv_show(97168, 2015, Lip Sync Battle, 62313, tt4335742)</link>
    <thumbnail>https://image.tmdb.org/t/p/w1280//6QJPG6bU0iCUQzowisc9ZJ6RwMs.jpg</thumbnail>
    <fanart>https://image.tmdb.org/t/p/w1280/xmhCgyyYT9oIz1BXa8f6RfZUVvs.jpg</fanart>
</dir>
<dir>
    <title>Miami Ink</title>
    <meta>
        <content>tvshow</content>
        <imdb>tt0472014</imdb>
        <tvshowtitle>Miami Ink</tvshowtitle>
        <year>2005</year>
    </meta>
    <link>trakt_tv_show(10931, 2005, Miami Ink, 10982, tt0472014)</link>
    <thumbnail>https://image.tmdb.org/t/p/w1280//lejcyoReYSf9CNGsemnDLFQSHN4.jpg</thumbnail>
    <fanart>https://image.tmdb.org/t/p/w1280/7lYznAQm4KREIsLtvPYXtidsW2l.jpg</fanart>
</dir>
<dir>
    <title>Punk'd</title>
    <meta>
        <content>tvshow</content>
        <imdb>tt0361227</imdb>
        <tvshowtitle>Punk'd</tvshowtitle>
        <year>2003</year>
    </meta>
    <link>trakt_tv_show(2382, 2003, Punk'd, 2396, tt0361227)</link>
    <thumbnail>https://image.tmdb.org/t/p/w1280//ePKLK6hwRFjxhmvs0NfQQeEmbPg.jpg</thumbnail>
    <fanart>https://image.tmdb.org/t/p/w1280/eXaUCa3ZLfYLJ8fMG3fFnXIOY27.jpg</fanart>
</dir>
<dir>
    <title>The Bachelor</title>
    <meta>
        <content>tvshow</content>
        <imdb>tt0313038</imdb>
        <tvshowtitle>The Bachelor</tvshowtitle>
        <year>2002</year>
    </meta>
    <link>trakt_tv_show(354, 2002, The Bachelor, 355, tt0313038)</link>
    <thumbnail>https://image.tmdb.org/t/p/w1280//6ueeYAIH292gqKhRk0KSJPQNzDX.jpg</thumbnail>
    <fanart>https://image.tmdb.org/t/p/w1280/jtWMPsQakS3aauAyKHmh9e4gnvQ.jpg</fanart>
</dir>
<dir>
    <title>Randy Jackson Presents: America's Best Dance Crew</title>
    <meta>
        <content>tvshow</content>
        <imdb>tt1145872</imdb>
        <tvshowtitle>Randy Jackson Presents: America's Best Dance Crew</tvshowtitle>
        <year>2008</year>
    </meta>
    <link>trakt_tv_show(7033, 2008, Randy Jackson Presents: America's Best Dance Crew, 7074, tt1145872)</link>
    <thumbnail>https://image.tmdb.org/t/p/w1280//bksUwOPmXXamiJ89PP7E4GTlmhk.jpg</thumbnail>
    <fanart>https://image.tmdb.org/t/p/w1280/rd2sfuSiDEKWOC99Jc7gF6KbGt5.jpg</fanart>
</dir>
<dir>
    <title>House Hunters</title>
    <meta>
        <content>tvshow</content>
        <imdb>tt0369117</imdb>
        <tvshowtitle>House Hunters</tvshowtitle>
        <year>1999</year>
    </meta>
    <link>trakt_tv_show(6441, 1999, House Hunters, 6480, tt0369117)</link>
    <thumbnail>https://image.tmdb.org/t/p/w1280//paUa8ehqZSR4zS1QhGi41qvwNl4.jpg</thumbnail>
    <fanart>https://image.tmdb.org/t/p/w1280/tuZQOQbvZRNXouWcjDbQIUzEEnh.jpg</fanart>
</dir>
<dir>
    <title>Are You the One?</title>
    <meta>
        <content>tvshow</content>
        <imdb>tt3484274</imdb>
        <tvshowtitle>Are You the One?</tvshowtitle>
        <year>2014</year>
    </meta>
    <link>trakt_tv_show(75349, 2014, Are You the One?, 61535, tt3484274)</link>
    <thumbnail>https://image.tmdb.org/t/p/w1280//2jiXPUdflStrGVvzJwTRclTfeX6.jpg</thumbnail>
    <fanart>https://image.tmdb.org/t/p/w1280/tnSoAluQuU7G7cqEoQN1WlOYsLq.jpg</fanart>
</dir>
<dir>
    <title>Cops</title>
    <meta>
        <content>tvshow</content>
        <imdb>tt0096563</imdb>
        <tvshowtitle>Cops</tvshowtitle>
        <year>1989</year>
    </meta>
    <link>trakt_tv_show(3647, 1989, Cops, 3670, tt0096563)</link>
    <thumbnail>https://image.tmdb.org/t/p/w1280//zZy2Eg2ioxRgWc9WjMIu67ueT97.jpg</thumbnail>
    <fanart>https://image.tmdb.org/t/p/w1280/7xQR6ixywZofrEHKfI1z6CWKFsC.jpg</fanart>
</dir>
<dir>
    <title>Ink Master</title>
    <meta>
        <content>tvshow</content>
        <imdb>tt1865740</imdb>
        <tvshowtitle>Ink Master</tvshowtitle>
        <year>2012</year>
    </meta>
    <link>trakt_tv_show(46028, 2012, Ink Master, 46286, tt1865740)</link>
    <thumbnail>https://image.tmdb.org/t/p/w1280//cGDmy60TVyA8HgMhrgnMVMstNH9.jpg</thumbnail>
    <fanart>https://image.tmdb.org/t/p/w1280/3UowNXqwQhHmomoeCm66ApFGGm9.jpg</fanart>
</dir>
<dir>
    <title>L.A. Ink</title>
    <meta>
        <content>tvshow</content>
        <imdb>tt1039922</imdb>
        <tvshowtitle>L.A. Ink</tvshowtitle>
        <year>2007</year>
    </meta>
    <link>trakt_tv_show(13106, 2007, L.A. Ink, 13162, tt1039922)</link>
    <thumbnail>https://image.tmdb.org/t/p/w1280//ukh5YJMVCVbX6IL3TGBcSCYkV6F.jpg</thumbnail>
    <fanart>https://image.tmdb.org/t/p/w1280/xO4cU3PbyqIL3yrKf6JqM5gw3R4.jpg</fanart>
</dir>
<dir>
    <title>Best Ink</title>
    <meta>
        <content>tvshow</content>
        <imdb>tt1829853</imdb>
        <tvshowtitle>Best Ink</tvshowtitle>
        <year>2012</year>
    </meta>
    <link>trakt_tv_show(66066, 2012, Best Ink, None, tt1829853)</link>
    <thumbnail/>
    <fanart/>
</dir>
<dir>
    <title>Ink Master: Redemption</title>
    <meta>
        <content>tvshow</content>
        <imdb>None</imdb>
        <tvshowtitle>Ink Master: Redemption</tvshowtitle>
        <year>2015</year>
    </meta>
    <link>trakt_tv_show(101511, 2015, Ink Master: Redemption, 65760, None)</link>
    <thumbnail>https://image.tmdb.org/t/p/w1280//iAeTqeAUQdNeur1oaMpkleaKCUZ.jpg</thumbnail>
    <fanart>https://image.tmdb.org/t/p/w1280/3Wzy2xSUbz4hC3CkHu6UaPhuriA.jpg</fanart>
</dir>
<dir>
    <title>Mystery Diners</title>
    <meta>
        <content>tvshow</content>
        <imdb>tt2147632</imdb>
        <tvshowtitle>Mystery Diners</tvshowtitle>
        <year>2012</year>
    </meta>
    <link>trakt_tv_show(66793, 2012, Mystery Diners, None, tt2147632)</link>
    <thumbnail/>
    <fanart/>
</dir>
<dir>
    <title>Bar Rescue</title>
    <meta>
        <content>tvshow</content>
        <imdb>tt1863526</imdb>
        <tvshowtitle>Bar Rescue</tvshowtitle>
        <year>2011</year>
    </meta>
    <link>trakt_tv_show(44222, 2011, Bar Rescue, 44470, tt1863526)</link>
    <thumbnail>https://image.tmdb.org/t/p/w1280//9jzmSLBFOmdKPlSuXMHAhYCvodv.jpg</thumbnail>
    <fanart>https://image.tmdb.org/t/p/w1280/cSDS1FY1WZoFFl2LyHyEZ0mvxg0.jpg</fanart>
</dir>
<dir>
    <title>Guy's Grocery Games</title>
    <meta>
        <content>tvshow</content>
        <imdb>tt3165150</imdb>
        <tvshowtitle>Guy's Grocery Games</tvshowtitle>
        <year>2013</year>
    </meta>
    <link>trakt_tv_show(73539, 2013, Guy's Grocery Games, 62595, tt3165150)</link>
    <thumbnail>https://image.tmdb.org/t/p/w1280//2sEMo9lRSfxzNQ1ezUFMNjmbsFo.jpg</thumbnail>
    <fanart>https://image.tmdb.org/t/p/w1280/dRoyDNiCE3Tf2u3GYL1CmBnJcJM.jpg</fanart>
</dir>
<dir>
    <title>Rachael vs. Guy: Celebrity Cook-Off</title>
    <meta>
        <content>tvshow</content>
        <imdb>tt2164557</imdb>
        <tvshowtitle>Rachael vs. Guy: Celebrity Cook-Off</tvshowtitle>
        <year>2012</year>
    </meta>
    <link>trakt_tv_show(42104, 2012, Rachael vs. Guy: Celebrity Cook-Off, 42327, tt2164557)</link>
    <thumbnail>https://image.tmdb.org/t/p/w1280//r2MvCWmgkvJcQgBPqDLJtbrmKIP.jpg</thumbnail>
    <fanart>https://image.tmdb.org/t/p/w1280/e9WFyrZoDJKaL6UCHurcSeCNU6i.jpg</fanart>
</dir>
<dir>
    <title>Chopped Canada</title>
    <meta>
        <content>tvshow</content>
        <imdb>tt3470148</imdb>
        <tvshowtitle>Chopped Canada</tvshowtitle>
        <year>2014</year>
    </meta>
    <link>trakt_tv_show(60441, 2014, Chopped Canada, 60892, tt3470148)</link>
    <thumbnail>https://image.tmdb.org/t/p/w1280//5B2lE2UTWv9F6lUQS2gPec1njvN.jpg</thumbnail>
    <fanart>https://image.tmdb.org/t/p/w1280/mgi5Ual1OeeGGzZ44Ur2gwa3tcz.jpg</fanart>
</dir>
<dir>
    <title>Top Chef Duels</title>
    <meta>
        <content>tvshow</content>
        <imdb>tt3778478</imdb>
        <tvshowtitle>Top Chef Duels</tvshowtitle>
        <year>2014</year>
    </meta>
    <link>trakt_tv_show(78236, 2014, Top Chef Duels, None, tt3778478)</link>
    <thumbnail/>
    <fanart/>
</dir>
<dir>
    <title>Worst Cooks in America</title>
    <meta>
        <content>tvshow</content>
        <imdb>tt1570957</imdb>
        <tvshowtitle>Worst Cooks in America</tvshowtitle>
        <year>2010</year>
    </meta>
    <link>trakt_tv_show(31644, 2010, Worst Cooks in America, 31783, tt1570957)</link>
    <thumbnail>https://image.tmdb.org/t/p/w1280//uMUQiPhFsSr5CEs4RX1s2j3jkpM.jpg</thumbnail>
    <fanart>https://image.tmdb.org/t/p/w1280/4po6ZllgkPhz31pz0fxbezm40eQ.jpg</fanart>
</dir>
<dir>
    <title>Restaurant: Impossible</title>
    <meta>
        <content>tvshow</content>
        <imdb>tt1771742</imdb>
        <tvshowtitle>Restaurant: Impossible</tvshowtitle>
        <year>2011</year>
    </meta>
    <link>trakt_tv_show(35206, 2011, Restaurant: Impossible, 35358, tt1771742)</link>
    <thumbnail>https://image.tmdb.org/t/p/w1280//txP1JM2yY3DrhO6v8iWH5pAfEhT.jpg</thumbnail>
    <fanart>https://image.tmdb.org/t/p/w1280/AkCs12Sdb45JV6VUJEDa5NaMuaB.jpg</fanart>
</dir>
<dir>
    <title>The Internet Ruined My Life</title>
    <meta>
        <content>tvshow</content>
        <imdb>tt5515342</imdb>
        <tvshowtitle>The Internet Ruined My Life</tvshowtitle>
        <year>2016</year>
    </meta>
    <link>trakt_tv_show(106005, 2016, The Internet Ruined My Life, 65999, tt5515342)</link>
    <thumbnail>https://image.tmdb.org/t/p/w1280//wDuS33z7xjCBZ6h3YysI7CALbON.jpg</thumbnail>
    <fanart>https://image.tmdb.org/t/p/w1280/xvYlUh0mNRDYomrnfyDLL4JHh6g.jpg</fanart>
</dir>
<dir>
    <title>Married to Medicine</title>
    <meta>
        <content>tvshow</content>
        <imdb>tt2543378</imdb>
        <tvshowtitle>Married to Medicine</tvshowtitle>
        <year>2013</year>
    </meta>
    <link>trakt_tv_show(46458, 2013, Married to Medicine, 46733, tt2543378)</link>
    <thumbnail>https://image.tmdb.org/t/p/w1280//yv4Kytdq1XqSAHc9QvD2i6IY7PH.jpg</thumbnail>
    <fanart>https://image.tmdb.org/t/p/w1280/x0OYkgDkDqnOjAmC0whaR385IPD.jpg</fanart>
</dir>
<dir>
    <title>L.A. Hair</title>
    <meta>
        <content>tvshow</content>
        <imdb>tt2365269</imdb>
        <tvshowtitle>L.A. Hair</tvshowtitle>
        <year>2012</year>
    </meta>
    <link>trakt_tv_show(66870, 2012, L.A. Hair, 63907, tt2365269)</link>
    <thumbnail>https://image.tmdb.org/t/p/w1280//rzYFILbQEUbx5Tf997I0z27lZOP.jpg</thumbnail>
    <fanart>https://image.tmdb.org/t/p/w1280/sNzMc4rLZYo8q4CAZWSNs9c5TGk.jpg</fanart>
</dir>
<dir>
    <title>K.Michelle: My Life</title>
    <meta>
        <content>tvshow</content>
        <imdb>tt4223968</imdb>
        <tvshowtitle>K.Michelle: My Life</tvshowtitle>
        <year>2014</year>
    </meta>
    <link>trakt_tv_show(81496, 2014, K.Michelle: My Life, 65418, tt4223968)</link>
    <thumbnail>https://image.tmdb.org/t/p/w1280//dnl4IKwUvKymg0Aja2VnjkNY79r.jpg</thumbnail>
    <fanart>https://image.tmdb.org/t/p/w1280/dcuc9Wm7Ux9ILdlAjze0e91nWGN.jpg</fanart>
</dir>
<dir>
    <title>So Cosmo</title>
    <meta>
        <content>tvshow</content>
        <imdb>None</imdb>
        <tvshowtitle>So Cosmo</tvshowtitle>
        <year>2017</year>
    </meta>
    <link>trakt_tv_show(114529, 2017, So Cosmo, 69277, None)</link>
    <thumbnail>https://image.tmdb.org/t/p/w1280//gEFafaEyYdKpbzRlHEPX4bzBpa7.jpg</thumbnail>
    <fanart>https://image.tmdb.org/t/p/w1280/hBLteTxQ54PD2Ok7yG0nY88GfrN.jpg</fanart>
</dir>
<dir>
    <title>Battle of the Ex-Besties</title>
    <meta>
        <content>tvshow</content>
        <imdb>tt6267254</imdb>
        <tvshowtitle>Battle of the Ex-Besties</tvshowtitle>
        <year>2017</year>
    </meta>
    <link>trakt_tv_show(116407, 2017, Battle of the Ex-Besties, None, tt6267254)</link>
    <thumbnail/>
    <fanart/>
</dir>
<dir>
    <title>Sister Wives</title>
    <meta>
        <content>tvshow</content>
        <imdb>tt1721666</imdb>
        <tvshowtitle>Sister Wives</tvshowtitle>
        <year>2010</year>
    </meta>
    <link>trakt_tv_show(33898, 2010, Sister Wives, 34045, tt1721666)</link>
    <thumbnail>https://image.tmdb.org/t/p/w1280//qZyJ0QTLPO0OhzfkNPPRgiRGbZD.jpg</thumbnail>
    <fanart>https://image.tmdb.org/t/p/w1280/931ilJqVV4jJHP6hjhIRTJsQymT.jpg</fanart>
</dir>
<dir>
    <title>The Little Couple</title>
    <meta>
        <content>tvshow</content>
        <imdb>tt1476894</imdb>
        <tvshowtitle>The Little Couple</tvshowtitle>
        <year>2009</year>
    </meta>
    <link>trakt_tv_show(21550, 2009, The Little Couple, 21651, tt1476894)</link>
    <thumbnail>https://image.tmdb.org/t/p/w1280//kV9utGk5Wj4QXgLyALrvjEeW92e.jpg</thumbnail>
    <fanart>https://image.tmdb.org/t/p/w1280/aPJrm1T4u06b40fR4ammaA3Nzhc.jpg</fanart>
</dir>
<dir>
    <title>Couples Therapy</title>
    <meta>
        <content>tvshow</content>
        <imdb>tt2245519</imdb>
        <tvshowtitle>Couples Therapy</tvshowtitle>
        <year>2012</year>
    </meta>
    <link>trakt_tv_show(45053, 2012, Couples Therapy, 45301, tt2245519)</link>
    <thumbnail>https://image.tmdb.org/t/p/w1280//ol6ZMFexFpHIn6BopZLuJRfJZg0.jpg</thumbnail>
    <fanart>https://image.tmdb.org/t/p/w1280/dua0ZQvETpU10gMbQHmhUd1yrAO.jpg</fanart>
</dir>
<dir>
    <title>Iyanla, Fix My Life</title>
    <meta>
        <content>tvshow</content>
        <imdb>tt2346273</imdb>
        <tvshowtitle>Iyanla, Fix My Life</tvshowtitle>
        <year>2012</year>
    </meta>
    <link>trakt_tv_show(71582, 2012, Iyanla, Fix My Life, 57161, tt2346273)</link>
    <thumbnail>https://image.tmdb.org/t/p/w1280//5jiuKjHKnhTsMLEcBrhQXD1ONk7.jpg</thumbnail>
    <fanart>https://image.tmdb.org/t/p/w1280/nTSFpUwT3dudHn3lsA6hratN47m.jpg</fanart>
</dir>
<dir>
    <title>Frankie & Neffe</title>
    <meta>
        <content>tvshow</content>
        <imdb>None</imdb>
        <tvshowtitle>Frankie & Neffe</tvshowtitle>
        <year>2009</year>
    </meta>
    <link>trakt_tv_show(21468, 2009, Frankie & Neffe, 21569, None)</link>
    <thumbnail/>
    <fanart/>
</dir>
<dir>
    <title>Braxton Family Values</title>
    <meta>
        <content>tvshow</content>
        <imdb>tt1861510</imdb>
        <tvshowtitle>Braxton Family Values</tvshowtitle>
        <year>2011</year>
    </meta>
    <link>trakt_tv_show(38940, 2011, Braxton Family Values, 39103, tt1861510)</link>
    <thumbnail>https://image.tmdb.org/t/p/w1280//oEvOwtfoyTcrRqznPFZix7b9sSn.jpg</thumbnail>
    <fanart>https://image.tmdb.org/t/p/w1280/oQxhxZpbo6OspqzOvcWQjksyTbP.jpg</fanart>
</dir>
<dir>
    <title>The Real Housewives of Potomac</title>
    <meta>
        <content>tvshow</content>
        <imdb>tt5327970</imdb>
        <tvshowtitle>The Real Housewives of Potomac</tvshowtitle>
        <year>2016</year>
    </meta>
    <link>trakt_tv_show(103462, 2016, The Real Housewives of Potomac, 65300, tt5327970)</link>
    <thumbnail>https://image.tmdb.org/t/p/w1280//efaOP688a953NPxEzHpVwRErBtH.jpg</thumbnail>
    <fanart>https://image.tmdb.org/t/p/w1280/hbMIQ33Da4wPImtiM4PJjroaD2S.jpg</fanart>
</dir>
<dir>
    <title>Hustle & Soul</title>
    <meta>
        <content>tvshow</content>
        <imdb>None</imdb>
        <tvshowtitle>Hustle & Soul</tvshowtitle>
        <year>2017</year>
    </meta>
    <link>trakt_tv_show(117526, 2017, Hustle & Soul, None, None)</link>
    <thumbnail/>
    <fanart/>
</dir>
<dir>
    <title>Chef's Table: France</title>
    <meta>
        <content>tvshow</content>
        <imdb>tt6088326</imdb>
        <tvshowtitle>Chef's Table: France</tvshowtitle>
        <year>2016</year>
    </meta>
    <link>trakt_tv_show(115912, 2016, Chef's Table: France, 69959, tt6088326)</link>
    <thumbnail>https://image.tmdb.org/t/p/w1280//3JvNmIhUNjID2Nlxb1DUzKbM5z.jpg</thumbnail>
    <fanart/>
</dir>
<dir>
    <title>The Daily Show</title>
    <meta>
        <content>tvshow</content>
        <imdb>tt0115147</imdb>
        <tvshowtitle>The Daily Show</tvshowtitle>
        <year>1996</year>
    </meta>
    <link>trakt_tv_show(2211, 1996, The Daily Show, 2224, tt0115147)</link>
    <thumbnail>https://image.tmdb.org/t/p/w1280//tZlqGXWGzEJNRl9QCCUN8ioSv2D.jpg</thumbnail>
    <fanart>https://image.tmdb.org/t/p/w1280/uyilhJ7MBLjiaQXboaEwe44Z0jA.jpg</fanart>
</dir>
<dir>
    <title>Noisey</title>
    <meta>
        <content>tvshow</content>
        <imdb>tt5730720</imdb>
        <tvshowtitle>Noisey</tvshowtitle>
        <year>2016</year>
    </meta>
    <link>trakt_tv_show(105759, 2016, Noisey, 69211, tt5730720)</link>
    <thumbnail>https://image.tmdb.org/t/p/w1280//c1yHYqCnBTPfVrxgTzOrPytHkLd.jpg</thumbnail>
    <fanart>https://image.tmdb.org/t/p/w1280/etYceQR4krLjAgUhhfDmAP0Vsiv.jpg</fanart>
</dir>
<dir>
    <title>Bong Appetit</title>
    <meta>
        <content>tvshow</content>
        <imdb>tt6834076</imdb>
        <tvshowtitle>Bong Appetit</tvshowtitle>
        <year>2016</year>
    </meta>
    <link>trakt_tv_show(113834, 2016, Bong Appetit, 69117, tt6834076)</link>
    <thumbnail>https://image.tmdb.org/t/p/w1280//wmfILKdDWCXOQXy6xNlrpmOWoaf.jpg</thumbnail>
    <fanart>https://image.tmdb.org/t/p/w1280/1EZFJVBccyqbi3X6mrBFBKtAjMo.jpg</fanart>
</dir>
<dir>
    <title>The Taste</title>
    <meta>
        <content>tvshow</content>
        <imdb>tt2245386</imdb>
        <tvshowtitle>The Taste</tvshowtitle>
        <year>2013</year>
    </meta>
    <link>trakt_tv_show(46049, 2013, The Taste, 46307, tt2245386)</link>
    <thumbnail>https://image.tmdb.org/t/p/w1280//7rdVvgJoI4V3FUHFj1Dwru5eWoT.jpg</thumbnail>
    <fanart>https://image.tmdb.org/t/p/w1280/bPwieExryoHLVpnHhPfhsAmvNMV.jpg</fanart>
</dir>
<dir>
    <title>Growing Up Hip Hop</title>
    <meta>
        <content>tvshow</content>
        <imdb>tt5035202</imdb>
        <tvshowtitle>Growing Up Hip Hop</tvshowtitle>
        <year>2016</year>
    </meta>
    <link>trakt_tv_show(103984, 2016, Growing Up Hip Hop, 65183, tt5035202)</link>
    <thumbnail>https://image.tmdb.org/t/p/w1280//gl7u6j0WtvB2beKV8hg6PRgA0d7.jpg</thumbnail>
    <fanart>https://image.tmdb.org/t/p/w1280/oo6TWOft1ur94lP1ZgaLFyd9uzX.jpg</fanart>
</dir>
<dir>
    <title>60 Minutes</title>
    <meta>
        <content>tvshow</content>
        <imdb>tt0123338</imdb>
        <tvshowtitle>60 Minutes</tvshowtitle>
        <year>1968</year>
    </meta>
    <link>trakt_tv_show(649, 1968, 60 Minutes, 651, tt0123338)</link>
    <thumbnail>https://image.tmdb.org/t/p/w1280//ng6wkyyASEY2Yq88i2aCyDG0fMq.jpg</thumbnail>
    <fanart>https://image.tmdb.org/t/p/w1280/1XlyrOMliQW218uIrtykjh9jblW.jpg</fanart>
</dir>
<dir>
    <title>Auction Hunters</title>
    <meta>
        <content>tvshow</content>
        <imdb>tt1742340</imdb>
        <tvshowtitle>Auction Hunters</tvshowtitle>
        <year>2010</year>
    </meta>
    <link>trakt_tv_show(34426, 2010, Auction Hunters, 34575, tt1742340)</link>
    <thumbnail>https://image.tmdb.org/t/p/w1280//bmw8N1n6sEVzAr8jFyUKRensznT.jpg</thumbnail>
    <fanart>https://image.tmdb.org/t/p/w1280/jzX1NM4avV8cDZUSfwblIpYbjDd.jpg</fanart>
</dir>
<dir>
    <title>Hardcore Pawn</title>
    <meta>
        <content>tvshow</content>
        <imdb>tt1674417</imdb>
        <tvshowtitle>Hardcore Pawn</tvshowtitle>
        <year>2010</year>
    </meta>
    <link>trakt_tv_show(33332, 2010, Hardcore Pawn, 33478, tt1674417)</link>
    <thumbnail>https://image.tmdb.org/t/p/w1280//bZEi66jkcV1rnFrBozWo7U84XUm.jpg</thumbnail>
    <fanart>https://image.tmdb.org/t/p/w1280/ebIW8DLbgK9ZErvL0WRqvK4chiL.jpg</fanart>
</dir>
<dir>
    <title>Kitchen Nightmares</title>
    <meta>
        <content>tvshow</content>
        <imdb>tt0983514</imdb>
        <tvshowtitle>Kitchen Nightmares</tvshowtitle>
        <year>2007</year>
    </meta>
    <link>trakt_tv_show(11242, 2007, Kitchen Nightmares, 11294, tt0983514)</link>
    <thumbnail>https://image.tmdb.org/t/p/w1280//bXyBbW8FqyTo4p3gGVyhtNVQ7MS.jpg</thumbnail>
    <fanart>https://image.tmdb.org/t/p/w1280/bkWj9oXZJukfnGHHOsTU3DQBdd.jpg</fanart>
</dir>
<dir>
    <title>Bad Ink</title>
    <meta>
        <content>tvshow</content>
        <imdb>tt3116986</imdb>
        <tvshowtitle>Bad Ink</tvshowtitle>
        <year>2013</year>
    </meta>
    <link>trakt_tv_show(72146, 2013, Bad Ink, None, tt3116986)</link>
    <thumbnail/>
    <fanart/>
</dir>
<dir>
    <title>Epic Ink</title>
    <meta>
        <content>tvshow</content>
        <imdb>tt3693438</imdb>
        <tvshowtitle>Epic Ink</tvshowtitle>
        <year>2014</year>
    </meta>
    <link>trakt_tv_show(79255, 2014, Epic Ink, None, tt3693438)</link>
    <thumbnail/>
    <fanart/>
</dir>
<dir>
    <title>Face Off</title>
    <meta>
        <content>tvshow</content>
        <imdb>tt1663641</imdb>
        <tvshowtitle>Face Off</tvshowtitle>
        <year>2011</year>
    </meta>
    <link>trakt_tv_show(35218, 2011, Face Off, 35370, tt1663641)</link>
    <thumbnail>https://image.tmdb.org/t/p/w1280//ppaiXyF1U6T1JABQztDsGYAznT8.jpg</thumbnail>
    <fanart>https://image.tmdb.org/t/p/w1280/h5Zig6h8O7ENYsDqecgb2KLr5BA.jpg</fanart>
</dir>
<dir>
    <title>Heroes of Cosplay</title>
    <meta>
        <content>tvshow</content>
        <imdb>tt2923816</imdb>
        <tvshowtitle>Heroes of Cosplay</tvshowtitle>
        <year>2013</year>
    </meta>
    <link>trakt_tv_show(71950, 2013, Heroes of Cosplay, None, tt2923816)</link>
    <thumbnail/>
    <fanart/>
</dir>
<dir>
    <title>MythBusters</title>
    <meta>
        <content>tvshow</content>
        <imdb>tt0383126</imdb>
        <tvshowtitle>MythBusters</tvshowtitle>
        <year>2003</year>
    </meta>
    <link>trakt_tv_show(1419, 2003, MythBusters, 1428, tt0383126)</link>
    <thumbnail>https://image.tmdb.org/t/p/w1280//6kgwVtsjKnnk3cZvYF3a60cDJ93.jpg</thumbnail>
    <fanart>https://image.tmdb.org/t/p/w1280/yuN2y7tI1F33jaAEYf5arICFD4y.jpg</fanart>
</dir>
<dir>
    <title>America's Got Talent</title>
    <meta>
        <content>tvshow</content>
        <imdb>tt0759364</imdb>
        <tvshowtitle>America's Got Talent</tvshowtitle>
        <year>2006</year>
    </meta>
    <link>trakt_tv_show(4527, 2006, America's Got Talent, 4551, tt0759364)</link>
    <thumbnail>https://image.tmdb.org/t/p/w1280//nEErM8lWoXwziGL8z723bBACE15.jpg</thumbnail>
    <fanart>https://image.tmdb.org/t/p/w1280/wG1XWTLrXO6wHn301048CR1E4Np.jpg</fanart>
</dir>
<dir>
    <title>Britain's Got Talent</title>
    <meta>
        <content>tvshow</content>
        <imdb>tt1034201</imdb>
        <tvshowtitle>Britain's Got Talent</tvshowtitle>
        <year>2007</year>
    </meta>
    <link>trakt_tv_show(11318, 2007, Britain's Got Talent, 11370, tt1034201)</link>
    <thumbnail>https://image.tmdb.org/t/p/w1280//832dguzl3ZIvXsRdojRikLfPEVj.jpg</thumbnail>
    <fanart>https://image.tmdb.org/t/p/w1280/keA3rPRQCMmDwytVkNTEblgqeTb.jpg</fanart>
</dir>
<dir>
    <title>Iron Chef America</title>
    <meta>
        <content>tvshow</content>
        <imdb>tt0441718</imdb>
        <tvshowtitle>Iron Chef America</tvshowtitle>
        <year>2005</year>
    </meta>
    <link>trakt_tv_show(4336, 2005, Iron Chef America, 4360, tt0441718)</link>
    <thumbnail>https://image.tmdb.org/t/p/w1280//hhPhmEs6Ouf4SaaUk3ORLtJFsCe.jpg</thumbnail>
    <fanart>https://image.tmdb.org/t/p/w1280/cgS9J7vVGGESEX1rHH6F4MW9TM.jpg</fanart>
</dir>
<dir>
    <title>Next Page >></title>
    <trakt>https://api.trakt.tv/users/artbyahj/lists/reality-tv/items?page=2</trakt>
    <summary>Go To Page 2</summary>
</dir>
