<?xml version="1.0" encoding="utf-8"?>
<window type="dialog">
    <allowoverlay>no</allowoverlay>
    <defaultcontrol always="false">1000</defaultcontrol>
    <coordinates>
        <posx>100</posx>
        <posy>161</posy>
    </coordinates>
    <animation effect="fade" start="0" end="100" time="500">WindowOpen</animation>
    <animation effect="fade" start="100" end="0" time="500">WindowClose</animation>
    <controls>
    <control type="group" id="6969">
        <control type="image">
            <description>background</description>
            <posx>100</posx>
            <posy>0</posy>
            <width>1600</width>
            <height>859</height>
            <texture>reloadedcatchup/background.png</texture>
            <visible>true</visible>
        </control>

        <control type="label" id="1001">
            <description>Title</description>
            <left>650</left>
            <top>20</top>
            <width>700</width>
            <height>20</height>
            <font>font13_title</font>
            <textcolor>orange</textcolor>
            <shadowcolor>black</shadowcolor>
            <aligny>center</aligny>
            <label></label>
            <scroll>true</scroll>
        </control>

        <control type="textbox">
            <description>Plot Value for TVShow</description>
            <posx>1110</posx>
            <posy>340</posy>
            <width>580</width>
            <height>480</height>
            <font>font12</font>
            <textcolor>black</textcolor>
            <align>left</align>
            <wrapmultiline>true</wrapmultiline>
            <autoscroll time="3600" delay="6000" repeat="6000">true</autoscroll>
            <pagecontrol>-</pagecontrol>
            <info>Container(1000).ListItem.Property(Plot)</info>
        </control>

        <control type="image">
            <posx>1150</posx>
            <posy>50</posy>
            <width>471</width>
            <height>265</height>
            <info>Container(1000).ListItem.Property(ProgramImage)</info>
            <aspectratio>keep</aspectratio>
        </control>

        <control type="group">
            <description>Program List</description>
            <visible>true</visible>
            <control type="group">
                <left>0</left>
                <top>0</top>
                <!--<control type="label">
                    <description>Channel label</description>
                    <left>5</left>
                    <top>20</top>
                    <width>180</width>
                    <height>20</height>
                    <font>font13_title</font>
                    <textcolor>white</textcolor>
                    <shadowcolor>black</shadowcolor>
                    <align>left</align>
                    <aligny>center</aligny>
                    <label></label>
                </control>
                <control type="label">
                    <description>Time label</description>
                    <left>350</left>
                    <top>20</top>
                    <width>200</width>
                    <height>20</height>
                    <font>font13_title</font>
                    <textcolor>white</textcolor>
                    <shadowcolor>black</shadowcolor>
                    <align>left</align>
                    <aligny>center</aligny>
                    <label></label>
                </control>
                <control type="label">
                    <description>Length</description>
                    <left>500</left>
                    <top>20</top>
                    <width>100</width>
                    <height>20</height>
                    <font>font13_title</font>
                    <textcolor>white</textcolor>
                    <shadowcolor>black</shadowcolor>
                    <align>right</align>
                    <aligny>center</aligny>
                    <label></label>
                </control>
                <control type="label">
                    <description>Title</description>
                    <left>700</left>
                    <top>20</top>
                    <width>550</width>
                    <height>20</height>
                    <font>font13_title</font>
                    <textcolor>white</textcolor>
                    <shadowcolor>black</shadowcolor>
                    <align>left</align>
                    <aligny>center</aligny>
                    <label></label>
                </control>
                <control type="image">
                    <description>separator image</description>
                    <left>0</left>
                    <top>50</top>
                    <width>1080</width>
                    <height>1</height>
                    <colordiffuse>88FFFFFF</colordiffuse>
                    <texture>seperator.png</texture>
                </control>-->
                <control type="image" id="9998">
                    <description>logo</description>
                    <left>120</left>
                    <top>12</top>
                    <width>220</width>
                    <height>33</height>
                    <colordiffuse></colordiffuse>
                    <texture>reloadedtv/logoimg.png</texture>
                </control>
                <control type="list" id="1000">
                    <viewtype label="19030">list</viewtype>
                    <left>0</left>
                    <top>60</top>
                    <width>1600</width>
                    <height>785</height>
                    <onup>1000</onup>
                    <ondown>1000</ondown>
                    <onleft>-</onleft>
                    <onright>1002</onright>
                    <pagecontrol>1002</pagecontrol>
                    <itemlayout height="40">
                        <control type="image">
                            <left>0</left>
                            <top>1</top>
                            <width>140</width>
                            <height>38</height>
                            <info>ListItem.Icon</info>
                            <aspectratio>keep</aspectratio>
                        </control>
                        <control type="label">
                            <left>120</left>
                            <top>0</top>
                            <width>730</width>
                            <height>40</height>
                            <font>font13</font>
                            <textcolor>black</textcolor>
                            <align>left</align>
                            <aligny>center</aligny>
                            <info>ListItem.Property(ProgramName)</info>
                        </control>
                        <control type="label">
                            <left>860</left>
                            <top>0</top>
                            <width>227</width>
                            <height>40</height>
                            <font>font12</font>
                            <textcolor>dimgrey</textcolor>
                            <align>left</align>
                            <aligny>center</aligny>
                            <info>ListItem.Property(StartTime)</info>
                        </control>
                        <control type="label">
                            <left>610</left>
                            <top>0</top>
                            <width>100</width>
                            <height>40</height>
                            <font>font12</font>
                            <textcolor>dimgrey</textcolor>
                            <align>left</align>
                            <aligny>center</aligny>
                            <info>ListItem.Property(When)</info>
                        </control>
                        <control type="label">
                            <description>Program Title</description>
                            <left>700</left>
                            <top>0</top>
                            <width>550</width>
                            <height>40</height>
                            <font>font13</font>
                            <textcolor>grey</textcolor>
                            <align>left</align>
                            <aligny>center</aligny>
                            <info>ListItem.Label</info>
                        </control>
                    </itemlayout>
                    <focusedlayout height="100">
                        <control type="image">
                            <left>110</left>
                            <top>0</top>
                            <width>995</width>
                            <height>100</height>
                            <texture>reloadedcatchup/focus.png</texture>
                            <visible>true</visible>
                        </control>
                        <control type="image">
                            <left>110</left>
                            <top>0</top>
                            <width>995</width>
                            <height>100</height>
                            <texture>reloadedcatchup/black-background.png</texture>
                            <visible>true</visible>
                        </control>
                        <control type="label">
                            <left>120</left>
                            <top>0</top>
                            <width>730</width>
                            <height>40</height>
                            <font>font13</font>
                            <textcolor>white</textcolor>
                            <align>left</align>
                            <aligny>center</aligny>
                            <wrapmultiline>true</wrapmultiline>
                            <scroll>true</scroll>
                            <scrollspeed>25</scrollspeed>
                            <scrollsuffix> - </scrollsuffix>
                            <info>ListItem.Property(ProgramName)</info>
                        </control>
                        <control type="label">
                            <left>860</left>
                            <top>0</top>
                            <width>227</width>
                            <height>40</height>
                            <font>font12</font>
                            <textcolor>white</textcolor>
                            <align>left</align>
                            <aligny>center</aligny>
                            <info>ListItem.Property(StartTime)</info>
                        </control>
                        <control type="label">
                            <left>120</left>
                            <top>30</top>
                            <width>350</width>
                            <height>200</height>
                            <font>font12</font>
                            <textcolor>white</textcolor>
                            <align>left</align>
                            <info>ListItem.Property(Duration)</info>
                        </control>
                        <control type="label">
                            <left>610</left>
                            <top>0</top>
                            <width>100</width>
                            <height>40</height>
                            <font>font12</font>
                            <textcolor>dimgrey</textcolor>
                            <align>left</align>
                            <aligny>center</aligny>
                            <info>ListItem.Property(When)</info>
                        </control>
                        <control type="label">
                            <description>Program Title</description>
                            <left>700</left>
                            <top>0</top>
                            <width>550</width>
                            <height>40</height>
                            <font>font13</font>
                            <textcolor>white</textcolor>
                            <shadowcolor>black</shadowcolor>
                            <align>left</align>
                            <aligny>center</aligny>
                            <info>ListItem.Label</info>
                        </control>
                    </focusedlayout>
                </control>
                <control type="scrollbar" id="1002">
                    <left>1100</left>
                    <top>60</top>
                    <width>10</width>
                    <height>785</height>
                    <onup>1002</onup>
                    <ondown>1002</ondown>
                    <onleft>1000</onleft>
                    <onright>1000</onright>
                    <texturesliderbackground>-</texturesliderbackground>
                    <texturesliderbar border="1" flipx="true">reloadedcatchup/sliderbar.png</texturesliderbar>
                    <texturesliderbarfocus border="1" flipx="true">reloadedcatchup/sliderbar_focus.png</texturesliderbarfocus>
                    <showonepage>false</showonepage>
                    <orientation>vertical</orientation>
                </control>
            </control>
        </control>
    </control>
    </controls>
</window>