﻿<?xml version="1.0" encoding="UTF-8" standalone="yes"?>
<addon id="plugin.video.reloadedtv"
       name="[COLOR white]Reloaded [/COLOR][COLOR red]TV[/COLOR]"
       version="1.0.1"
       provider-name="">
  <requires>
    <import addon="xbmc.python" version="2.19.0"/>
    <import addon="script.module.requests" version="2.7.0"/>
    <import addon="script.module.elementtree" version="1.2.8"/>
    <import addon="plugin.program.reloadedtv" version="1.0.0"/>
  </requires>
  <extension point="xbmc.python.pluginsource" library="default.py">
    <provides>video</provides>
  </extension>
  <extension point="xbmc.addon.metadata">
    <summary lang="en">Reloaded TV</summary>
    <description lang="en">Reloaded TV</description>
    <platform>all</platform>
    <language>en</language>
    <license></license>
    <source></source>
    <forum></forum>
    <disclaimer lang="en"></disclaimer>
  </extension>
</addon>
